Price,Close,High,Low,Open,Volume
Ticker,GOOG,GOOG,GOOG,GOOG,GOOG
Date,,,,,
2020-01-02,67.90382385253906,67.9420601209077,66.62159794771749,66.62159794771749,28132000
2020-01-03,67.57058715820312,68.15856627305749,66.81992586515675,66.93493774743344,23728000
2020-01-06,69.2366943359375,69.35041046473987,67.04121605389896,67.04121605389896,34646000
2020-01-07,69.1935043334961,69.67272317787821,69.04650761672293,69.42194446033567,30054000
2020-01-08,69.73876190185547,70.0992936464338,69.06933934334683,69.1309144280784,30560000
2020-01-09,70.50899505615234,70.88144630493284,70.03423943909009,70.5457461254188,30018000
2020-01-10,71.00062561035156,71.25880752665975,70.43549273531444,70.89285784756291,36414000
2020-01-13,71.47240447998047,71.53646500448443,70.81639409579765,71.31845917411077,33046000
2020-01-14,71.05773162841797,71.60001823554667,70.93308868283479,71.46147050516532,31178000
2020-01-15,71.47090148925781,71.5799043888649,71.02445561952192,71.02445561952192,25654000
2020-01-16,72.0916519165039,72.10605681797274,71.55631394755552,71.88010218520081,23474000
2020-01-17,73.51641082763672,73.5613532153852,72.41544735720358,72.64835061632296,47924000
2020-01-21,73.71554565429688,74.08551143622914,73.06002787895284,73.45334005966713,40734000
2020-01-22,73.79251861572266,74.64984900063922,73.74186276485368,74.04330485960594,32216000
2020-01-23,73.8272705078125,74.26776041302352,73.60132345729586,73.8764411567763,27024000
2020-01-24,72.83705139160156,74.26651615995436,72.76454192478099,74.17191059058923,35692000
2020-01-27,71.20770263671875,71.41478920034972,70.57701648729619,71.06369150781515,35104000
2020-01-28,72.13436126708984,72.30519688737174,71.13668730667496,71.65961328386072,31548000
2020-01-29,72.43580627441406,72.77349174300416,71.84534166690698,72.44424765337486,21554000
2020-01-30,72.29724884033203,72.36875807813423,71.3318551861541,71.50864675414853,26788000
2020-01-31,71.2240982055664,73.00689625279898,70.941031637002,72.9458137062416,48344000
2020-02-03,73.79202270507812,73.99364588484838,72.45368519801852,72.60315974868554,60736000
2020-02-04,71.86173248291016,72.97560806049543,70.8302929578195,72.35833411323341,78660000
2020-02-05,71.91934204101562,72.69453954452206,71.04184774666115,72.62402295669747,39724000
2020-02-06,73.30982208251953,73.5963591584658,71.98588197112542,72.02362569501838,33588000
2020-02-07,73.45880889892578,73.78706035093559,72.81918117631908,72.86635893989194,23446000
2020-02-10,74.92129516601562,74.96201686466415,73.2149771862286,73.2149771862286,28398000
2020-02-11,74.92675018310547,75.96166771448218,74.77022096189218,75.07672483316374,26892000
2020-02-12,75.39752960205078,75.51795943123352,74.89298673750011,75.20931868546857,23352000
2020-02-13,75.21825408935547,75.83999870106719,74.71867455338952,75.12042048974291,18590000
2020-02-14,75.52020263671875,75.52020263671875,74.85475066001621,75.26494562756126,23956000
2020-02-18,75.46705627441406,76.06099138957565,75.11546602411893,75.23514568129174,22414000
2020-02-19,75.81568145751953,76.08463865963621,75.55297572584142,75.7352307161302,18986000
2020-02-20,75.39157104492188,75.9621672981893,74.82892362991262,75.58275992775464,21932000
2020-02-21,73.75080871582031,75.09684500790664,73.51889810856778,74.88901582231229,34634000
2020-02-24,70.59639739990234,71.36017558216192,70.08986913588802,70.82085930093804,57342000
2020-02-25,68.95065307617188,71.41826363554055,68.65021121542527,71.16301421993741,49566000
2020-02-26,69.185546875,70.30390084854004,68.48136608278737,69.33254357346263,44048000
2020-02-27,65.45657348632812,68.11904834218122,65.41088091856138,67.64012506513951,59566000
2020-02-28,66.51134490966797,66.60122968273528,63.11806590820636,63.440857722867264,75782000
2020-03-02,68.9834213256836,69.07082823713633,65.8898455959875,67.1211653604801,48630000
2020-03-03,66.61365509033203,70.02828410757648,66.14734084879593,69.49543148623361,48046000
2020-03-04,68.85479736328125,68.93277023558767,66.69905582632043,67.49957731533306,38266000
2020-03-05,65.50374603271484,67.48369652452459,64.81147716481703,67.0511554058777,51226000
2020-03-06,64.479248046875,64.86708921670449,62.62394449639975,63.41900260284171,53212000
2020-03-09,60.36490249633789,62.31157981156272,59.59219054682139,59.85538878220008,67308000
2020-03-10,63.584373474121094,63.622117196478875,60.52431311858821,62.571802076565305,52228000
2020-03-11,60.35746383666992,62.61948459811907,59.397037145210604,62.06031138973696,52170000
2020-03-12,55.366607666015625,59.287775749531086,55.28665705134688,55.91733941644847,84534000
2020-03-13,60.57199478149414,60.573483768117484,55.47750850827753,58.549337166247156,74002000
2020-03-16,53.84800338745117,57.22176643234208,53.35686516792831,54.427537393440815,85048000
2020-03-17,55.60945129394531,56.15869029332871,52.44162684986951,54.284018412682315,77230000
2020-03-18,54.46726608276367,54.94897026257438,51.511491499298955,52.46645848002609,84668000
2020-03-19,55.38548278808594,57.50497742074177,52.645137610709675,54.28104124933974,73022000
2020-03-20,53.2515869140625,56.81073069227061,52.91240866884166,56.40003941808992,72036000
2020-03-23,52.471923828125,53.20192884609394,50.332363822196605,52.70532720543696,80882000
2020-03-24,56.33747100830078,56.36428792205086,54.16036801606106,54.81340040571411,66890000
2020-03-25,54.74983596801758,57.0545636659551,53.93143513973507,55.94068803641491,81630000
2020-03-26,57.69269561767578,58.100901458540704,54.30487622162832,55.21216912318002,71434000
2020-03-27,55.15803527832031,57.14245634110623,54.91966863467143,55.900952354857296,64170000
2020-03-30,56.95126724243164,57.190134018651946,54.451376356117265,55.8696682045626,51482000
2020-03-31,57.74532699584961,58.366078966021476,56.52021327171048,56.975100497313356,49728000
2020-04-01,54.905269622802734,56.10059242596996,54.499549198520704,55.71870336433194,46884000
2020-04-02,55.66109848022461,55.96005136655423,54.44740394113542,54.53977036171498,39298000
2020-04-03,54.52090072631836,55.795177659080736,53.62354197540714,55.570465724724194,46268000
2020-04-06,58.94264221191406,59.32701290979929,56.16266645797611,56.513267850486756,53294000
2020-04-07,58.922279357910156,60.83369851021976,58.70973316720613,60.63505710426919,47746000
2020-04-08,60.10270309448242,60.539214843926615,59.00422126942858,59.91498849334528,39502000
2020-04-09,60.16080093383789,60.86200368668178,59.43005335532061,60.78800901556082,43508000
2020-04-13,60.464229583740234,60.610729951707356,58.97631521213278,60.048078669090195,34796000
2020-04-14,63.03017044067383,63.6678090602389,61.426149208825926,61.831377100918964,49408000
2020-04-15,62.69446563720703,63.587853741292676,61.59846549641983,61.857193000997036,33434000
2020-04-16,62.74412536621094,63.51534838440943,61.70871143617545,63.272014649822715,50362000
2020-04-17,63.72640609741211,64.28160487051998,63.129492966991336,63.80586418111476,38980000
2020-04-20,62.900062561035156,63.64446870036649,62.63984226827033,63.11806837981865,33910000
2020-04-21,60.40364456176758,62.287254198245144,60.0743966777643,61.92622232442697,43060000
2020-04-22,62.73120880126953,63.843743060036395,61.677915741488086,61.853714643568125,41848000
2020-04-23,63.38175582885742,64.22597701544811,62.8533740412335,63.14537450281514,31324000
2020-04-24,63.53074264526367,63.584869009749326,62.047890156200104,62.6299058083651,32792000
2020-04-27,63.36040496826172,64.36702043306337,63.018745091229526,64.35957171201206,32012000
2020-04-28,61.264251708984375,63.96476934334331,61.19125348198349,63.958813397277744,59026000
2020-04-29,66.61811065673828,67.53731921132398,65.81659644188422,66.61711799909568,75872000
2020-04-30,66.97467803955078,67.18126451164983,65.67506931502436,65.79376390105523,53378000
2020-05-01,65.58170318603516,67.14400980795767,65.10446979781985,65.9735225578649,41450000
2020-05-04,65.88910675048828,65.93182134473103,64.50855469707568,64.96692010522611,30080000
2020-05-05,67.0963363647461,68.23008020447531,66.4184800167768,66.44132629750841,33030000
2020-05-06,66.90713500976562,68.09004196319698,66.90664246970033,67.62175002419323,24308000
2020-05-07,68.16155242919922,68.41183856226588,67.30292626177416,67.8328008735499,27952000
2020-05-08,68.94668579101562,69.46265563072474,68.30656553930811,68.68646549692158,27738000
2020-05-11,69.68611907958984,70.34510735075402,68.38958697310302,68.44560772016183,28242000
2020-05-12,68.31947326660156,70.26912866499187,68.27130284922856,69.87780938011281,27812000
2020-05-13,67.00794982910156,68.80326603129674,65.9685614229895,68.38453118019004,36252000
2020-05-14,67.34563446044922,67.4096949741675,65.74558408249679,66.29730468858001,32062000
2020-05-15,68.19284057617188,68.25690109642692,66.49495642044602,67.04122125427448,34154000
2020-05-18,68.7266845703125,69.14308552192315,67.25227724099612,67.62472846340052,36448000
2020-05-19,68.20748138427734,69.1269399575353,68.20748138427734,68.87849518877472,25612000
2020-05-20,69.85794067382812,70.04168842343,68.8910618188774,69.00676326589259,33108000
2020-05-21,69.66327667236328,70.29346275219423,69.19895535657272,69.92151164398065,27700000
2020-05-22,70.04169464111328,70.1578962160352,69.11850779560382,69.36085267784398,26188000
2020-05-26,70.36944580078125,71.56030166403293,70.1266083790498,71.37506870075322,41212000
2020-05-27,70.41016387939453,70.60383821218231,69.09168715665855,70.38086911158055,33716000
2020-05-28,70.35504913330078,71.55235349422617,69.3255948606554,69.36830187602924,33844000
2020-05-29,70.96039581298828,71.14165812703393,70.18719129549719,70.3654680591171,36418000
2020-06-01,71.10441589355469,71.40932849735742,70.41811058181692,70.437478772262,24342000
2020-06-02,71.4719009399414,71.4912691316603,70.45932945206445,71.04134512872544,25562000
2020-06-03,71.33086395263672,71.83600546103794,71.00296109058361,71.42621213078971,25124000
2020-06-04,70.12908935546875,71.45898541414964,69.75912357005502,71.03389302934043,29686000
2020-06-05,71.4306869506836,71.76142383132131,69.82219499499713,70.17825601372202,34698000
2020-06-08,71.8388900756836,71.90742134684552,70.63363688396181,70.63363688396181,28084000
2020-06-09,72.3131332397461,72.90111235067747,71.67003511273231,71.77680263219906,28184000
2020-06-10,72.79435729980469,73.21194794835758,72.31860903221238,72.48099571312636,30504000
2020-06-11,69.71492767333984,72.22946607759391,69.62355012018367,71.63379566930075,39826000
2020-06-12,70.17874145507812,71.3616483445136,68.82997739078206,70.9390414138141,38928000
2020-06-15,70.5099868774414,70.75580227390762,68.924341174515,69.06735966381535,30078000
2020-06-16,71.64572143554688,72.25653939969477,70.8104339884386,71.769871859502,34184000
2020-06-17,72.06285858154297,72.50384109038218,71.08256740683144,71.8662062674768,30992000
2020-06-18,71.31000518798828,72.07726138513739,70.86555217884707,71.96552298583306,31638000
2020-06-19,71.09944915771484,71.89798545037623,70.58447197958613,71.70927440074308,63158000
2020-06-22,72.09960174560547,72.14379395313874,70.67683544268125,70.96436516059104,30848000
2020-06-23,72.72283172607422,73.29546635042593,71.77085034289895,72.28731267043554,28596000
2020-06-24,71.11186981201172,73.26960459490877,71.00162418471108,72.57882848449881,35120000
2020-06-25,71.5766830444336,71.6546483512698,70.51743391312633,71.00907227184344,24610000
2020-06-26,67.53285217285156,71.1853547034498,67.14004013783271,71.08305792934624,85354000
2020-06-29,69.2744369506836,69.30572461242006,66.89274042358561,67.44743906783222,36204000
2020-06-30,70.2000961303711,70.45038982710655,68.72767418167281,69.04947711567303,40848000
2020-07-01,71.41329193115234,71.6596073987426,70.01187922203576,70.07544719279852,35504000
2020-07-02,72.73724365234375,73.64354014024406,71.82945438911075,71.85527864461241,37182000
2020-07-06,74.27670288085938,74.81749667361257,73.14245897787399,73.50001272612043,31280000
2020-07-07,73.75428009033203,75.32452806618713,73.67332923943609,73.99363939746495,29164000
2020-07-08,74.29161071777344,74.78224884952299,73.77663352782716,74.20818200334445,24994000
2020-07-09,75.03600311279297,75.61851883856808,73.89853874777877,74.81054859775554,28466000
2020-07-10,76.56306457519531,76.66685414332017,74.31843046195289,74.79566394377397,37126000
2020-07-13,75.05339050292969,78.32062845929656,74.75061476268897,76.9732510304685,36928000
2020-07-14,75.51224517822266,75.62993951455526,73.67085014930329,74.00903571655309,31700000
2020-07-15,75.16761016845703,76.24474228245276,74.39092750376717,75.63888767287392,32214000
2020-07-16,75.38412475585938,75.41839038766379,73.81039112568035,74.49024035607862,30386000
2020-07-17,75.26245880126953,75.65427822729781,74.41178145493603,75.56390091055303,29134000
2020-07-20,77.75391387939453,77.98086118912214,74.66902175040603,75.24805943564259,31146000
2020-07-21,77.39138793945312,78.81018368976436,77.1857941396302,78.81018368976436,24324000
2020-07-22,77.8914566040039,77.96644392356801,76.77956651343816,77.49467396310504,18640000
2020-07-23,75.26891326904297,78.05931949471388,74.85733162804239,77.81598954302726,32552000
2020-07-24,75.07970428466797,75.36604433054607,73.91418026972542,74.43710624003472,30880000
2020-07-27,75.98998260498047,76.52482049278846,75.24557270925112,75.2649409000255,24920000
2020-07-28,74.50713348388672,75.80524946511352,74.37404914617177,75.74069640054633,34044000
2020-07-29,75.5837631225586,76.04222701977507,74.5562941759085,74.80410246360779,22130000
2020-07-30,76.05205535888672,76.37087274245455,74.10388519012398,74.34125918255745,33428000
2020-07-31,73.64402770996094,74.93469468226937,72.20735672643626,74.73903506146729,68798000
2020-08-03,73.22142791748047,74.01697860344038,72.78391595891422,73.8267823694175,46604000
2020-08-04,72.75064086914062,73.7731464020745,72.43679435950993,73.32670053776644,38070000
2020-08-05,73.17970275878906,73.61671458049199,72.67565245070443,72.96566759587083,39590000
2020-08-06,74.4952163696289,74.60894009584906,72.80181037519235,73.08735482982684,39908000
2020-08-07,74.21661376953125,75.3267611105131,73.57847890605598,74.49023870030395,31556000
2020-08-10,74.29656219482422,74.69260225535274,73.1533843953107,73.8535944370824,25786000
2020-08-11,73.51292419433594,74.98683884068578,73.39771529466907,74.1148080999226,29088000
2020-08-12,74.81900024414062,75.10534032357577,73.75775819732756,73.77414841622821,28740000
2020-08-13,75.40647888183594,76.34009241770399,74.887781120674,75.00373263620752,29104000
2020-08-14,74.87411499023438,75.57780319699117,74.63326289685403,75.26791971865897,27096000
2020-08-17,75.38314056396484,75.76204787160965,74.88603878818462,75.218760989836,27566000
2020-08-18,77.40032958984375,77.59251114525708,75.66768730796404,75.79034493896614,40542000
2020-08-19,76.85059356689453,78.14920195520233,76.67280933802655,77.13762318096366,33212000
2020-08-20,78.54996490478516,78.75456605084094,76.38726691231699,76.64797973892323,34138000
2020-08-21,78.48392486572266,79.34304363352457,77.86739346777892,78.31557465655982,28930000
2020-08-24,78.87028503417969,80.15995969993732,78.49137769746669,79.15731469195411,28198000
2020-08-25,79.86447143554688,80.03331417326007,78.56585542885654,78.56585542885654,44942000
2020-08-26,82.05746459960938,82.39713539106306,79.63503884299774,79.85354477576797,79868000
2020-08-27,81.16109466552734,82.18757091593535,80.73500961233613,82.12201762062756,37232000
2020-08-28,81.66165924072266,81.7987217645733,80.9833028021912,81.1193726684443,29980000
2020-08-31,81.15364837646484,81.83821090436959,80.96146681070046,81.83449033230153,36468000
2020-09-01,82.47113037109375,82.72042384830421,81.05631278645836,81.2753112601159,36506000
2020-09-02,85.82666778564453,86.06999773421208,82.75021705698761,83.11994036448972,50224000
2020-09-03,81.53404235839844,84.90467580647075,80.20413874830675,84.90467580647075,62156000
2020-09-04,79.01131439208984,81.69643848183921,76.85472372878253,80.66102066120379,52172000
2020-09-08,76.09873962402344,77.66179665496126,75.88122634285476,76.15435876646477,52218000
2020-09-09,77.31888580322266,77.91679155012265,76.28054315583707,77.34719549044677,35494000
2020-09-10,76.08036041259766,78.66571837375648,75.77172722974485,77.50163402685257,32372000
2020-09-11,75.51920318603516,78.22468778948516,74.3591349740814,76.27801038608244,31942000
2020-09-14,75.44768524169922,77.66848767072217,75.27189391194321,76.427233722132,33932000
2020-09-15,76.54815673828125,77.44849721003351,76.0711733800464,76.27800988927446,26622000
2020-09-16,75.52813720703125,77.5691701315766,75.47450338435272,77.2483674306839,26234000
2020-09-17,74.26824951171875,74.90231519251618,73.00042882919834,74.29159590753285,37596000
2020-09-18,72.50333404541016,74.63936654832457,71.36810502194668,74.3914143131961,62078000
2020-09-21,71.07164001464844,71.9257954541272,69.84950408820202,71.51361517760223,57776000
2020-09-22,72.77498626708984,72.97660186440348,71.23899624858848,72.01170827626768,31664000
2020-09-23,70.27955627441406,72.55150718172865,69.90661251749657,72.44325445378254,33148000
2020-09-24,70.92910766601562,71.69481799201958,70.01337722091985,70.07197433077626,29004000
2020-09-25,71.75695037841797,72.00723650932608,70.18669474785692,71.14463971858872,26460000
2020-09-28,72.72830200195312,73.33812724546145,71.97252576543785,73.2095136633885,40158000
2020-09-29,72.96717071533203,73.33133212996597,72.4444947426073,73.01981188532375,19564000
2020-09-30,72.9805679321289,73.98121976338362,72.49787115955114,72.8415125252503,34032000
2020-10-01,73.99811553955078,74.4425761316515,73.45781422510943,73.70909301966492,35590000
2020-10-02,72.42536926269531,73.6559540472513,72.05291805714296,72.60464626204758,25682000
2020-10-05,73.7959976196289,73.90475046640069,72.7158875630726,72.81222840015846,22266000
2020-10-06,72.17806243896484,73.83273938886849,71.93721035186023,73.27754066084998,24908000
2020-10-07,72.51824188232422,72.94879009438718,71.31199611535075,72.71687950056844,34924000
2020-10-08,73.7915267944336,73.99364250506075,72.75660918447879,72.75660918447879,23756000
2020-10-09,75.2460708618164,75.31062391850578,73.96633057163652,74.2270433863395,28706000
2020-10-12,77.92423248291016,79.15133909181249,76.1076691424621,76.625624219311,49652000
2020-10-13,78.04988098144531,78.95965548891367,77.62876681977845,78.64828682700247,32020000
2020-10-14,77.87110137939453,78.84464084494188,76.99956316501067,78.3930271039053,38586000
2020-10-15,77.42664337158203,78.21996625540591,76.72644086637881,76.8317156177969,30800000
2020-10-16,78.1159439086914,78.51919032125396,77.61884965300673,77.76038296054288,28694000
2020-10-19,76.208984375,78.86779152424204,75.88073293035221,78.4859062532082,32142000
2020-10-20,77.26773834228516,78.33890690327483,75.76502132933967,75.83355259656041,44834000
2020-10-21,79.12403869628906,80.38640385786773,78.0474066235884,78.13182799942741,51366000
2020-10-22,80.21754455566406,80.54828138638015,78.7113496149289,79.11111024547071,28672000
2020-10-23,81.4923324584961,81.55986349231203,80.47479011727754,80.75090050890515,27516000
2020-10-26,78.98200225830078,81.3552648110084,78.28924088971746,80.69826185002869,37066000
2020-10-27,79.66780853271484,79.79617962647981,78.60111074389548,79.2412309562141,24580000
2020-10-28,75.31560516357422,77.53690047427607,75.21628634321627,77.45694984685586,36680000
2020-10-29,77.82938385009766,79.14388977996157,75.59467678858971,75.60063273392373,40062000
2020-10-30,80.49961853027344,83.7766921502322,79.67774345172971,83.0372531228352,86582000
2020-11-02,80.74891662597656,82.47411027540336,80.25231497531756,80.85469150454024,50708000
2020-11-03,81.9496841430664,82.52028036640087,80.28160271488179,81.0344463156404,33234000
2020-11-04,86.86207580566406,87.9662748351412,84.721724049789,84.93278125242438,71418000
2020-11-05,87.5692367553711,89.07244618124878,86.93060178048503,88.44474559493369,41316000
2020-11-06,87.4887924194336,88.0191595578896,86.42606524965649,87.10144375982115,33218000
2020-11-09,87.55087280273438,90.28515986313533,87.40288344928055,88.93638807832393,45366000
2020-11-10,86.42805480957031,87.55087192201972,85.28139875696309,85.96621133732644,52722000
2020-11-11,87.03985595703125,87.61144487612894,86.77442234467743,86.9052788650388,25280000
2020-11-12,86.8973388671875,87.81257684893262,86.68678177058656,86.78759335921357,24950000
2020-11-13,88.24710845947266,88.44674633301669,86.63464579717845,87.2842001188238,29998000
2020-11-16,88.46361541748047,89.34210224720016,87.78376619529506,87.98290392040381,24936000
2020-11-17,87.90594482421875,88.64339861156786,87.74951408485073,88.24313778445598,22942000
2020-11-18,86.74536895751953,88.07080174601607,86.71358875951046,87.6615994921091,23470000
2020-11-19,87.5965576171875,87.87813142026519,86.2599553640355,86.3282365755733,24998000
2020-11-20,86.5174331665039,88.09712277002718,86.5010505266861,87.66061104507605,46270000
2020-11-23,86.15342712402344,87.09896008839227,85.30225725984842,86.88542502347123,43232000
2020-11-24,87.84286499023438,87.97794220298789,85.79736134150096,85.93690930234852,31560000
2020-11-25,87.96949768066406,88.32258068192824,87.23005870495021,88.04199957258817,20916000
2020-11-27,89.05011749267578,89.58694076081238,88.01967051390423,88.05195083577004,17698000
2020-11-30,87.43863677978516,88.79559980634644,87.15358490191596,88.45388308870092,36476000
2020-12-01,89.29393005371094,90.62134815547961,87.86719315015274,88.11549394339595,34738000
2020-12-02,90.77629089355469,91.15867625708412,88.8655158618746,89.29393477639073,24440000
2020-12-03,90.71768951416016,91.73224619755354,90.51308838630666,90.58062699052718,24546000
2020-12-04,90.77827453613281,91.03501671650999,90.23201731869553,90.60595371906307,27564000
2020-12-07,90.35566711425781,90.99578730528738,89.67532534581,90.33182817632303,26418000
2020-12-08,90.30948638916016,90.47585126764606,89.19983151302829,89.88985740984829,21926000
2020-12-09,88.60018157958984,91.09014584777552,87.78973343827575,89.98471167795182,30152000
2020-12-10,88.16316986083984,88.4601336020262,86.42456422916642,87.88854470370597,27256000
2020-12-11,88.48299407958984,88.61608599046409,87.40189130640314,87.55385129163841,24414000
2020-12-14,87.40486145019531,89.25867611149724,87.26357823134042,88.14678589327933,32004000
2020-12-15,87.78775024414062,87.96901258243749,86.90280721592279,87.62139292734913,29646000
2020-12-16,87.55087280273438,88.04747445495914,87.20722379257133,88.0415109310898,30270000
2020-12-17,86.80099487304688,87.98708439196274,86.34213697110056,87.82449312778864,32494000
2020-12-18,85.96223449707031,87.1590461990516,85.42640396508894,87.11286109740938,80328000
2020-12-21,86.37739562988281,86.45089776294904,84.37261358419228,85.0931845470445,36568000
2020-12-22,85.58929443359375,86.27981288126546,85.04675775602949,86.132073592424,18734000
2020-12-23,86.0302734375,86.80546328080491,85.66576348918727,85.81822357899378,20676000
2020-12-24,86.35157012939453,86.70664604729721,85.86788063556062,86.16038123324647,6936000
2020-12-28,88.20092010498047,88.9278486626272,86.72328466948211,86.9864829403542,27860000
2020-12-29,87.33832550048828,89.01287093052557,87.20771901944804,88.78195297373625,25988000
2020-12-30,86.38484954833984,87.65491344135812,85.6935808891122,87.50171073870466,26122000
2020-12-31,86.99864196777344,87.34874700149244,86.18123768239506,86.18123768239506,20238000
2021-01-04,85.82467651367188,87.43416094779484,84.81210513504557,87.27971554833394,38038000
2021-01-05,86.45437622070312,86.78958386598626,85.31691166312802,85.6637887203002,22906000
2021-01-06,86.1747817993164,86.80596048792144,84.37260812123313,84.55287777406056,52042000
2021-01-07,88.755126953125,88.8122312894058,86.26218471621473,86.41165925675016,45300000
2021-01-08,89.74634552001953,89.87695199963167,88.07404306013555,88.79138604026096,41012000
2021-01-11,87.73560333251953,89.10597864731983,87.42771274107503,88.69652629181913,24194000
2021-01-12,86.73394775390625,88.29774714914754,85.67916952119752,87.09994287337514,27140000
2021-01-13,87.12379455566406,87.65192634807305,86.30986069409443,86.33817038283914,21882000
2021-01-14,86.41761779785156,88.14728197733925,86.08091743532361,87.0850474222712,23590000
2021-01-15,86.219482421875,87.20325167239845,85.49245537248255,86.31880123511579,26844000
2021-01-19,88.93440246582031,89.84889786069577,86.48118909961785,87.0170272514447,34692000
2021-01-20,93.70375061035156,94.53853772074986,90.65610249871419,90.95058837885334,49806000
2021-01-21,93.91978454589844,96.08546052520303,93.71419074084986,94.25499216619674,41278000
2021-01-22,94.40644073486328,94.89807902432483,93.44849586786925,94.1397644148155,25442000
2021-01-25,94.32450866699219,95.82324737840605,92.74184113332194,95.38077971957671,38546000
2021-01-26,95.21045684814453,95.59582022398403,93.57191990190354,93.80010994241069,26262000
2021-01-27,90.91732788085938,93.8577087603916,89.83523249678757,93.48675031044843,54966000
2021-01-28,92.52234649658203,94.29620299289358,91.50580443786549,91.57035749557768,35462000
2021-01-29,91.16314697265625,92.23282272395863,89.89482602980084,91.68110209084873,32252000
2021-02-01,94.42134857177734,95.46629885336267,91.91748702295025,92.04858603471745,32044000
2021-02-02,95.720458984375,97.12335699570865,95.07388272809686,95.47463603844963,45474000
2021-02-03,102.80001068115234,105.10572703089974,100.23307382376947,102.9455145881989,82364000
2021-02-04,102.41763305664062,103.2211326377597,101.43535658050057,102.74142132961343,37046000
2021-02-05,104.18702697753906,104.41099632063766,102.26666622770678,102.79654085147969,30702000
2021-02-08,103.93424987792969,105.45569096544332,102.89585419269478,104.5798334997149,24838000
2021-02-09,103.46744537353516,104.54109937261362,103.22063733336277,103.22063733336277,17798000
2021-02-10,104.0569076538086,104.70199873644032,102.45338665757791,103.99881065937011,22710000
2021-02-11,104.08224487304688,104.38715749634916,103.16005070399416,104.26201442684354,18914000
2021-02-12,104.49044036865234,104.72434385194158,103.44857417935044,103.80214974089506,17114000
2021-02-16,105.3739013671875,106.90244264335044,104.50286319697666,104.50286319697666,22676000
2021-02-17,105.69222259521484,105.95790629651489,104.23271264976394,104.28634647663638,21418000
2021-02-18,105.1405029296875,105.91197226654648,104.47058778252092,104.80231732410832,22432000
2021-02-19,104.34294128417969,105.8024509919462,104.15770835335391,105.24328168679479,29148000
2021-02-22,102.54228210449219,103.86025872703895,102.40621222539535,102.64755686254156,27350000
2021-02-23,102.8392333984375,103.392946884444,99.42062681034294,100.56231941239332,33348000
2021-02-24,104.0464859008789,104.32508172701243,101.21387272735569,101.39761291100596,24966000
2021-02-25,100.87767028808594,104.03208635193012,100.37759056353809,102.66990237188517,36568000
2021-02-26,101.15079498291016,102.84668609907402,100.1178627539614,101.8291514293757,41670000
2021-03-01,103.36811065673828,103.61690397398473,101.60964437037505,102.12709931046965,28090000
2021-03-02,103.08654022216797,104.50334292658513,102.85910040073246,103.10392309574361,22692000
2021-03-03,100.6467514038086,103.71614744480857,99.81692747469612,102.65798194014774,29684000
2021-03-04,101.75814056396484,103.75199578296944,100.32693280311365,100.4808856718216,42360000
2021-03-05,104.71044921875,105.18569737500091,101.62530683410023,102.95148242672272,43904000
2021-03-08,100.52061462402344,105.71704868302214,100.3934786674873,104.34246029802235,32948000
2021-03-09,101.93741607666016,103.19580287718115,101.69557133158327,102.7965347526403,33946000
2021-03-10,102.0531234741211,103.04483391737877,100.9774842066455,102.8839324499317,25372000
2021-03-11,105.01982879638672,105.56261554735316,102.91473520665973,102.99816391948156,24782000
2021-03-12,102.39527893066406,103.80264769910053,101.68166418139225,103.54143476958741,34516000
2021-03-15,102.62223052978516,102.65053263968963,101.48103793116822,102.41415129605637,25962000
2021-03-16,103.91488647460938,105.45633991461571,102.79654011995008,103.24298602763477,29832000
2021-03-17,103.84337615966797,104.77201879784445,102.00197340640412,103.09598826972228,25980000
2021-03-18,101.1190185546875,103.06967432851934,100.98642676236462,102.34960344904361,27228000
2021-03-19,101.46565246582031,101.95728324824415,100.19832408883477,101.4085405483245,46298000
2021-03-22,101.23670959472656,102.20011797996682,100.6149648926867,101.3981111882897,39096000
2021-03-23,101.9503173828125,102.91083858808317,101.26798277169212,101.88774206971343,27340000
2021-03-24,101.55801391601562,103.20424957414686,101.38395782876545,102.56661476222142,23080000
2021-03-25,101.52324676513672,102.2438101079927,99.85317231472266,101.54559292778008,28378000
2021-03-26,101.08573913574219,101.8524951893837,100.0165559083559,101.25011869726772,29870000
2021-03-29,102.09880828857422,102.22196603304431,100.09601163763863,100.7048441790118,24596000
2021-03-30,102.07843780517578,102.83525961550828,101.50684892288055,102.18222734967675,20732000
2021-03-31,102.72850036621094,103.9549553773567,102.13828584684074,102.25623024270668,29198000
2021-04-01,106.16100311279297,106.41874552428902,104.13188971976611,104.18453088318891,33980000
2021-04-05,110.52116394042969,111.10517244553472,106.84979327204692,106.91534656158078,43298000
2021-04-06,110.48145294189453,111.12256584129652,109.98732915713552,110.36971454182618,27060000
2021-04-07,111.719482421875,111.98367335089904,110.51025860275394,110.54998764451138,25798000
2021-04-08,112.50212097167969,113.42405745735331,112.11675762816488,113.12386565664774,27166000
2021-04-09,113.51717376708984,113.67410461282402,111.91980568049868,112.0680905535152,20888000
2021-04-12,111.97325134277344,112.99277149287661,111.16254546875925,112.54235492412799,31318000
2021-04-13,112.59300231933594,113.08661840783515,112.03779598848432,112.30497245933866,23310000
2021-04-14,111.9757080078125,113.12534188362673,111.69513447885198,112.98480884913563,20220000
2021-04-15,114.0525131225586,114.54598524165246,112.52993533428274,113.07519993735319,27472000
2021-04-16,114.10713195800781,114.53818027600758,113.44615836773826,114.36735223204192,22596000
2021-04-19,114.33756256103516,115.13460605925181,113.6147562178504,113.82009996228328,24688000
2021-04-20,113.90204620361328,114.69511909010087,112.81349473259375,114.61019760226046,21774000
2021-04-21,113.88514709472656,113.98595867563122,112.160946258089,113.48587897916379,23930000
2021-04-22,112.62528228759766,114.4052008828342,112.0556786331666,113.88217636454505,21096000
2021-04-23,114.97816467285156,115.50059051157784,113.13626957107749,113.39748249044062,28670000
2021-04-26,115.5462875366211,116.26735863155254,114.90567475762384,115.20810194233374,20834000
2021-04-27,114.57196807861328,116.0781557409063,114.43043478306411,116.00615395408178,31972000
2021-04-28,118.18672180175781,121.78549247633474,117.93544300392479,119.53921415086738,59728000
2021-04-29,120.66873168945312,120.99797577889495,119.29761381225978,119.69738206143543,39554000
2021-04-30,119.68694305419922,120.53216450450056,119.29165314648273,119.40736216942547,39142000
2021-05-03,118.94452667236328,120.16269187349482,118.41465208901215,119.31946331177599,33788000
2021-05-04,116.91244506835938,118.15444173452738,114.79940262096032,117.68167902440736,35120000
2021-05-05,117.03608703613281,118.30043735484581,116.77140358863262,117.61611735884537,21806000
2021-05-06,118.25821685791016,118.32575546218632,116.32087506315172,116.733153799992,20618000
2021-05-07,119.11933898925781,119.99931866088252,118.68779053253948,119.18439216656684,23272000
2021-05-10,116.28721618652344,118.09186782363435,115.94307465547669,117.9374224148402,26006000
2021-05-11,114.65341186523438,115.31090745163094,113.37416394960722,113.81415382184403,32110000
2021-05-12,111.19308471679688,113.49185266563957,110.74465348704614,112.31689449428335,34934000
2021-05-13,112.32979583740234,113.05636817448878,111.37383623652822,112.28608859184449,26670000
2021-05-14,115.02088165283203,115.26818980983752,113.39004359937367,113.81265055541597,26624000
2021-05-17,115.28160858154297,115.37744930669838,113.97008039126588,114.68121735951267,19842000
2021-05-18,114.38871002197266,116.36121175024678,114.37529777706739,116.0511312565923,17302000
2021-05-19,114.65090942382812,115.0506700757916,112.40676818105861,112.45046784896128,19350000
2021-05-20,117.00381469726562,117.21487191358217,115.26570892590078,115.61085070914805,23832000
2021-05-21,116.45803833007812,117.64491584936623,116.32246857889487,117.49544131402216,22832000
2021-05-24,119.515625,120.10211138815971,117.20344496256361,117.54560117294325,21244000
2021-05-25,119.63479614257812,120.81770298992895,119.33286153208954,120.17758282339696,18838000
2021-05-26,120.84949493408203,121.3169988124976,119.80588588080619,119.82177598118606,21856000
2021-05-27,119.30904388427734,121.17079991286172,119.28371216920267,121.01883993257229,38962000
2021-05-28,119.75846862792969,120.58182893798092,119.56627948820845,120.27493100209598,24108000
2021-06-01,120.66475677490234,121.07003388087557,119.42673084469872,120.27690800906335,19166000
2021-06-02,120.24115753173828,121.27011158120108,119.39295810261487,120.93788952957286,17158000
2021-06-03,119.41332244873047,119.66832938326904,118.33172720268307,118.93708167290617,18346000
2021-06-04,121.75479888916016,121.8590355229707,120.06684891549519,120.30273772114525,25948000
2021-06-07,122.46642303466797,122.561278670413,121.22407790477241,121.73294754995992,23850000
2021-06-08,123.29873657226562,123.87702407383425,122.57320232387482,123.15224000185016,25060000
2021-06-09,123.72333526611328,124.39871381587993,123.52121954555179,124.12558139179419,20126000
2021-06-10,125.22306823730469,125.30550428934926,123.85244289546971,123.85294301307565,31234000
2021-06-11,124.84217071533203,125.49073229418146,124.0654805264024,125.3879353975969,25240000
2021-06-14,125.49321746826172,125.55231469981257,124.19708689260577,124.81536108339026,22550000
2021-06-15,125.17638397216797,125.99975184122711,124.79449871188605,125.66206636909179,22182000
2021-06-16,124.84217071533203,125.66354565283596,123.30612774712819,125.38942059527719,26316000
2021-06-17,125.51209259033203,126.33198237451515,124.66190780284795,124.66985664188314,25756000
2021-06-18,124.71404266357422,125.52996177651764,123.75609773304936,124.85110519296721,53306000
2021-06-21,125.59551239013672,126.17330732080279,124.28373429375335,124.88536816229403,26256000
2021-06-22,126.13631439208984,126.40497605682383,125.16992804070027,125.59054968356357,20984000
2021-06-23,125.60197448730469,126.92739979520356,125.3938952547923,125.68987394459323,19694000
2021-06-24,126.4168930053711,126.66867190696708,126.09708295505482,126.18994570038419,18934000
2021-06-25,126.1318359375,126.63836408486041,125.58457851999535,126.09409221757656,33484000
2021-06-28,125.95753479003906,126.47151167816962,125.11757975464867,126.1368042060616,28110000
2021-06-29,125.16197967529297,126.1368073504115,124.58442722113656,125.9108527114043,20950000
2021-06-30,124.46426391601562,124.94497545455039,123.90955770269419,124.7995170032237,24006000
2021-07-01,125.50959777832031,125.602960636694,124.00116739401577,124.00116739401577,17120000
2021-07-02,127.84413146972656,127.97226766989525,125.90738803973763,125.97741208620474,21160000
2021-07-06,128.8889617919922,129.00170041222006,127.53621958987631,128.56964431273406,21350000
2021-07-07,129.19338989257812,129.75196061243904,128.87804302390012,129.45510293925253,16680000
2021-07-08,128.2990264892578,129.14871119731734,127.16974571265423,127.37832507692177,19780000
2021-07-09,128.69381713867188,128.96695714492856,128.06710911677033,128.0681093520482,15106000
2021-07-12,129.67657470703125,129.8811834116048,128.71913751570182,128.95104051528588,16944000
2021-07-13,130.10415649414062,131.1445373973458,129.74907303244277,129.99191799148016,16618000
2021-07-14,131.1847686767578,132.09205775802025,131.00151346820178,131.0049991362441,17912000
2021-07-15,130.3743133544922,131.6937903398888,129.71036932726855,131.5994348157278,16586000
2021-07-16,130.9493865966797,131.28458663861477,129.93234438607197,130.74627822512647,14856000
2021-07-19,128.37550354003906,130.35495405691827,127.66338146690977,130.2640841948126,25710000
2021-07-20,130.21044921875,131.10417461249767,128.31035071959948,129.1204049151704,19084000
2021-07-21,131.69924926757812,131.71588954511856,129.7138428928402,129.89808319708342,14742000
2021-07-22,132.4223175048828,132.59711620003762,131.50011571895737,131.748416553136,13608000
2021-07-23,136.87928771972656,137.86504978505846,133.7849693061165,134.34066056062528,26378000
2021-07-26,138.6953887939453,138.76341995132455,136.71543811741032,137.31036596639197,23052000
2021-07-27,135.86671447753906,139.05937415065188,134.18175774452874,139.05937415065188,42164000
2021-07-28,135.45455932617188,138.72666234133217,135.42327924102779,137.62023541491996,54688000
2021-07-29,135.61244201660156,136.21929673674794,135.21268141404877,135.45363197208906,19284000
2021-07-30,134.3019256591797,134.84853902782945,133.89789126835674,134.58996307973413,23954000
2021-08-02,135.06520080566406,135.09598076758107,133.75416538197373,134.56362836863565,20140000
2021-08-03,135.353759765625,135.408878796527,133.27151220724872,135.07566402269066,19064000
2021-08-04,135.1039276123047,135.60995560620051,134.49458746403963,135.32341858072616,16528000
2021-08-05,136.00927734375,136.01920392201734,134.67838841202416,135.10397340576947,11866000
2021-08-06,136.10459899902344,136.14835171271093,135.12182242222875,135.36863804228918,13560000
2021-08-09,137.06402587890625,137.3813580573663,135.50147671572054,136.0181891004856,12374000
2021-08-10,137.15789794921875,137.609807275343,136.2938159163437,137.14101519026298,16034000
2021-08-11,136.753662109375,137.90403871877487,136.41647674857114,137.34313407637697,15204000
2021-08-12,137.44891357421875,137.47722326498612,135.84937058061945,136.7770130709147,14646000
2021-08-13,137.46530151367188,137.73147017710457,137.06702602115857,137.41712351554784,12580000
2021-08-16,137.9718475341797,138.04583464244516,135.24029563049862,137.06207283195,18040000
2021-08-17,136.3673095703125,137.7756710534001,135.85779581736506,137.25174482040944,21272000
2021-08-18,135.64178466796875,137.35406622148543,135.49379531221848,136.18356362124237,14934000
2021-08-19,135.98294067382812,136.51777860048685,134.43603135275737,134.54676952198167,18296000
2021-08-20,137.49606323242188,137.6723622502877,135.53945178218657,136.1512622654019,15564000
2021-08-23,140.14047241210938,141.21064821532428,137.80490825138926,138.05375462523034,21090000
2021-08-24,141.43064880371094,142.03551830058282,140.39275324615252,140.58146428481382,15126000
2021-08-25,141.97840881347656,142.33894815864903,141.47138046828576,141.91186285867823,12838000
2021-08-26,141.15704345703125,142.16196170308405,141.12576337046906,141.64917439256146,14922000
2021-08-27,143.56802368164062,144.02538877791773,141.0547207159526,141.1465907982493,24562000
2021-08-30,144.4807891845703,145.49386082231186,143.61720725668386,143.7209892450342,16916000
2021-08-31,144.47332763671875,145.11890364656045,144.01446218702657,144.89295658963923,26756000
2021-09-01,144.85073852539062,145.82258823480043,144.62479146225667,144.66004217450092,15824000
2021-09-02,143.23880004882812,145.3304892667435,143.1270767867086,144.95753786176536,21844000
2021-09-03,143.79100036621094,144.38891371814972,142.52964309852874,143.16627767861758,19104000
2021-09-07,144.5299530029297,144.8328879000874,143.55860329566937,143.76568231086588,15170000
2021-09-08,143.8987579345703,144.56171684076733,143.2199013510936,144.40528612114758,15486000
2021-09-09,143.9285430908203,144.67940140119842,143.45230993822526,143.8987482086283,14798000
2021-09-10,140.95640563964844,145.0265446135277,140.7781212891025,144.45495565014875,32896000
2021-09-13,142.4899139404297,143.21097750622596,141.3154558371709,142.22771589608573,20176000
2021-09-14,142.4313201904297,143.74382588138897,141.93421841606153,143.18117838664207,18916000
2021-09-15,144.21905517578125,144.5920064872075,141.2891088151266,142.78189914089353,20648000
2021-09-16,143.39222717285156,144.21310198161322,142.4415794297702,144.13464414195738,20292000
2021-09-17,140.5019989013672,143.26905847253187,140.10272322147418,142.82111983780183,60040000
2021-09-20,138.07212829589844,138.41528473171914,136.12147271475675,138.05544255479353,34918000
2021-09-21,138.69737243652344,139.85455376648324,137.9614114151825,139.16467934507432,18130000
2021-09-22,139.9805908203125,140.62119603940354,138.52380878375874,139.0986258018544,22068000
2021-09-23,140.86256408691406,141.28561816162494,140.137514721257,140.64702853074218,17272000
2021-09-24,141.66354370117188,141.93221291866206,139.89315783425127,139.98801346558426,14950000
2021-09-27,140.53927612304688,141.53147925089044,139.54507252456216,140.6231898044104,18844000
2021-09-28,135.25840759277344,138.65764658589288,134.77768845314273,138.14316192787953,42190000
2021-09-29,133.60667419433594,136.46461862194366,133.33752002616163,136.17777847886734,26338000
2021-09-30,132.35972595214844,134.6684202783138,132.09602758880325,133.41201881760085,35294000
2021-10-01,135.5349884033203,136.13935777628745,132.47096495519594,132.64676386505874,28388000
2021-10-04,132.85581970214844,134.7776653863082,130.27498578434896,134.77716526875167,31530000
2021-10-05,135.25144958496094,136.4283930868425,133.08924403125957,133.08924403125957,24126000
2021-10-06,136.42044067382812,136.91505697476907,133.5724225240494,133.71048529028317,19764000
2021-10-07,138.239501953125,139.20186468657073,137.6212353104949,137.91919933786892,18250000
2021-10-08,139.10406494140625,139.3632925486433,138.48167620279116,138.9550905257886,18924000
2021-10-11,137.90379333496094,139.80692269639079,137.86307163756283,138.84981883428435,16584000
2021-10-12,135.78378295898438,138.74552464386232,135.32393243555,138.68840515591376,22536000
2021-10-13,136.96270751953125,137.60829865629057,136.0454919328051,136.8137331099361,16380000
2021-10-14,140.45083618164062,140.68871025861966,138.3919281412442,139.00075301984248,21426000
2021-10-15,140.71209716796875,141.23352289998522,140.10574235956383,141.23352289998522,21250000
2021-10-18,141.98883056640625,142.02682434979795,140.2537104011497,140.2537104011497,16564000
2021-10-19,142.844482421875,143.12753382712847,142.1234037763773,142.3175858000167,15316000
2021-10-20,141.44705200195312,143.26735906668853,140.94747991854814,143.24227740796886,17940000
2021-10-21,141.81007385253906,141.87860512647688,140.67433696616715,141.22557270852454,14850000
2021-10-22,137.6827850341797,140.596348622446,136.2381727670238,139.39705158963739,30182000
2021-10-25,137.8297882080078,138.25964686111496,135.81905782730348,137.86703939152696,21082000
2021-10-26,138.72268676757812,139.88224736319526,138.06071289625487,139.65034433711952,28258000
2021-10-27,145.43226623535156,148.10447021617642,138.9516062974403,138.9516062974403,51850000
2021-10-28,145.1358184814453,146.42251519260307,143.77960541243874,146.29786464904376,32418000
2021-10-29,147.2627410888672,147.60292715853765,144.1798493505246,144.53094707743935,28954000
2021-11-01,142.7968292236328,147.39089511556517,142.60364740180157,147.15797667046243,32272000
2021-11-02,144.87161254882812,145.9219201385942,143.6579180531797,143.82516950418773,21150000
2021-11-03,145.7923126220703,145.9120074468041,144.06761901113322,145.28081350462404,17886000
2021-11-04,147.6724395751953,148.9308264133786,145.63835516823806,146.19951743723934,24700000
2021-11-05,148.22665405273438,149.54737380602026,147.6416528111932,148.33839245728046,20408000
2021-11-08,148.3363800048828,150.00793955344773,148.10644717379196,148.98047078535743,18388000
2021-11-09,148.23410034179688,149.3564097124549,146.5044360276713,148.72821653544935,16876000
2021-11-10,145.6294403076172,147.6893339766813,144.33727269624433,147.00377876436102,22708000
2021-11-11,145.7506103515625,147.49292937488664,145.69747663815355,146.10716393837728,12464000
2021-11-12,148.62838745117188,148.8409374295706,145.4585815059369,146.82672138828437,17048000
2021-11-15,148.37266540527344,149.4542683602526,147.64216020503375,148.9805053822705,16248000
2021-11-16,148.06277465820312,148.81413317433152,147.34171114537742,148.1566300636326,17254000
2021-11-17,148.04885864257812,148.6090358208911,147.5532572551044,148.21473098023026,15290000
2021-11-18,149.68466186523438,150.57953892529528,147.98579274933263,148.13228173562428,26658000
2021-11-19,148.93331909179688,150.81792904525201,148.86875845168012,149.9737001677065,19766000
2021-11-22,146.07882690429688,149.71990979112266,146.00630986359653,149.12125396212684,24608000
2021-11-23,145.759521484375,146.6901493393652,143.90470668240786,146.11310460168698,18126000
2021-11-24,145.72027587890625,146.00085696950208,144.2121032629543,145.35528101091933,16464000
2021-11-26,141.83538818359375,144.309454901125,141.51707089517092,144.0298739957344,16992000
2021-11-29,145.1208953857422,145.86381249404158,143.3177289782317,143.3177289782317,26276000
2021-11-30,141.48377990722656,145.6318915481738,141.10040189106704,144.46166186584819,41590000
2021-12-01,140.65545654296875,145.503429967711,140.53826231589287,143.23232011627715,28476000
2021-12-02,142.79930114746094,143.69169287261596,140.0237846584891,140.860072277834,21250000
2021-12-03,141.5518035888672,144.22600794716539,140.19061999154394,143.5133858921721,26688000
2021-12-06,142.8191375732422,143.37037323007655,139.69105367175214,142.59816137902388,22198000
2021-12-07,147.0303497314453,147.29206282041432,144.7122134292977,144.95802883859048,23258000
2021-12-08,147.70968627929688,148.14271234135333,146.19951300271396,147.32332270438113,18964000
2021-12-09,147.099365234375,148.58816989341202,146.52629107389916,147.1688815821325,18580000
2021-12-10,147.6645050048828,148.38456831090036,146.3559547955763,148.08661944224747,21634000
2021-12-13,145.70738220214844,147.55275550901322,145.36522599147315,147.4350611682193,24104000
2021-12-14,143.9851837158203,144.453475676983,141.27571311088354,143.7860459692288,24778000
2021-12-15,146.3668670654297,146.51459876853517,141.73556607252738,143.38477200147105,27280000
2021-12-16,143.8540802001953,147.5418415855689,143.1131483402865,147.07056406363017,27400000
2021-12-17,141.8323974609375,143.4782390274072,140.8242967688565,141.74449800342808,43404000
2021-12-20,141.4336395263672,141.64121864546996,139.2967582112902,139.72343430964892,20264000
2021-12-21,143.2403106689453,143.70864819156466,140.77169923770992,142.1770755275543,19548000
2021-12-22,145.95022583007812,146.30180849641584,142.98451336151084,143.12059081144602,18438000
2021-12-23,146.14242553710938,147.5628051367036,145.95207772738388,146.08977678782702,13818000
2021-12-27,147.05764770507812,147.41768692965346,146.24918483206406,146.4612347049545,13256000
2021-12-28,145.45263671875,147.36604132348995,144.94362305228609,147.36604132348995,18624000
2021-12-29,145.50875854492188,146.18338693573227,144.51555521525435,145.43427132621284,17022000
2021-12-30,145.01016235351562,146.06295539127672,144.76781748297324,145.45461535948124,12978000
2021-12-31,143.6961669921875,145.37021231289992,143.6941816766733,144.55479321945577,17298000
2022-01-03,144.0884552001953,144.56073291327203,142.52714869707975,143.49352743635552,25214000
2022-01-04,143.4349365234375,145.6135245103162,142.8386599633397,144.56123164081836,22928000
2022-01-05,136.71792602539062,143.31726666732538,136.58880473526747,143.20105750621457,49642000
2022-01-06,136.61610412597656,138.7366029033195,135.83396560825292,136.56297041590392,29050000
2022-01-07,136.0733184814453,137.3150650478679,134.8660800302803,136.96769547833836,19408000
2022-01-10,137.63214111328125,137.69768682416424,132.23556950904512,134.1807540369648,34096000
2022-01-11,139.0658416748047,139.3757175812923,135.88362358821269,137.24132167763923,23502000
2022-01-12,140.6852569580078,141.8435900132155,140.15290447174183,140.59240178439916,23642000
2022-01-13,138.1853790283203,142.2123265799278,137.96985861881765,140.8764667939759,26566000
2022-01-14,138.83641052246094,140.24080142733288,136.5654521731575,136.5654521731575,23826000
2022-01-18,135.3641815185547,136.45769637406877,134.69526656196567,135.67158717761154,27382000
2022-01-19,134.72999572753906,137.45883429829988,134.57903599165317,136.0077658521999,20796000
2022-01-20,132.59910583496094,136.97466558096235,132.2395667003209,135.58617224187174,21930000
2022-01-21,129.2078094482422,133.84458221866362,129.117439700959,132.10796150070644,41920000
2022-01-24,129.48590087890625,129.88964737519274,123.79480447593778,125.17093123928379,55148000
2022-01-25,125.87411499023438,128.4594276386586,125.5190466245286,127.56256516846774,36008000
2022-01-26,128.36160278320312,131.9048453287655,126.28928199088688,129.7049036078902,39630000
2022-01-27,128.243408203125,131.7086475489947,128.0686095107223,130.46817394308647,30248000
2022-01-28,132.38357543945312,132.46401860176192,127.81980509066949,129.11642823265385,30518000
2022-01-31,134.77618408203125,134.9202027873915,131.37496025728166,133.28587918578657,34056000
2022-02-01,136.94137573242188,137.26069326120614,133.6536327473979,136.8981837553438,51204000
2022-02-02,147.0303497314453,151.0662386579019,144.5681946972071,150.83133490672813,89750000
2022-02-03,141.68093872070312,148.10419162889508,141.23847103420349,144.30746546228593,56930000
2022-02-04,142.04396057128906,143.55287598104576,138.86719844155502,142.0449456514039,49224000
2022-02-07,137.99368286132812,142.86881432216353,137.75630885004662,142.73225190017172,44610000
2022-02-08,138.26681518554688,138.8866731285126,135.94272298766495,138.0465815573427,34256000
2022-02-09,140.4915771484375,141.20917010781585,139.42288648916647,139.89242112628284,28628000
2022-02-10,137.6604461669922,140.46972797265894,137.11171107310065,138.5518527480684,33018000
2022-02-11,133.21835327148438,138.33657184426212,132.38256584785577,137.8069473162825,38808000
2022-02-14,134.3804168701172,135.24102842531744,132.39599547702588,132.45905576690186,26792000
2022-02-15,135.49826049804688,136.96272612403433,134.61828081664774,136.5371411862396,26578000
2022-02-16,136.55303955078125,137.008419376831,133.90729609790216,135.50321689003454,25610000
2022-02-17,131.4092559814453,135.9094513112525,131.30347351342263,135.22463864899746,30968000
2022-02-18,129.5807342529297,132.91442702027302,129.42137861017235,132.1332736916678,31858000
2022-02-22,128.5229949951172,131.00427573214853,126.87278857161775,129.1015401995207,38906000
2022-02-23,126.71784210205078,130.85353451997378,126.63689882164768,130.18760516513512,26432000
2022-02-24,131.77174377441406,132.13278321849418,123.91651024825589,124.15040615809976,43166000
2022-02-25,133.60520935058594,134.4688063920162,130.86942958219572,132.61796201677484,26236000
2022-02-28,133.97418212890625,134.71858442717448,131.92247245359022,132.37859484962794,29676000
2022-03-01,133.256103515625,135.1858907943642,132.47196451652619,133.5659794382893,24640000
2022-03-02,133.83560180664062,134.69372770175795,132.52556668618192,133.69332594871432,23966000
2022-03-03,133.3951416015625,135.78459743953013,132.524103437031,135.05428933843208,19780000
2022-03-04,131.2239990234375,133.28689328782372,129.52214421761676,132.47594498459415,24446000
2022-03-07,125.6049575805664,131.00749334947648,125.5508312142727,131.00749334947648,39178000
2022-03-08,126.41342163085938,130.35445437995773,125.00530264909943,125.39240882417633,35250000
2022-03-09,132.95614624023438,133.28639057084638,129.20382440838281,130.50690358230835,32258000
2022-03-10,131.7801971435547,132.630866855554,130.5078979922521,130.5689729586585,24266000
2022-03-11,129.58868408203125,133.28787210455567,129.4108998529499,133.08873436948377,26600000
2022-03-14,125.87957000732422,130.13544955613244,125.55380401021073,129.68552557565718,30254000
2022-03-15,128.7792510986328,129.63016340512107,125.70776335018442,126.87328755092427,30292000
2022-03-16,132.78184509277344,132.86178813394216,128.3228571601054,130.10962580669315,32058000
2022-03-17,133.68565368652344,133.82371646057518,131.81694145631218,132.41485480698876,23994000
2022-03-18,135.8717041015625,135.98294238982905,132.0285121724344,132.9740376227,45900000
2022-03-21,135.5509033203125,136.6474036948022,133.6965883073058,135.91739862875295,26632000
2022-03-22,139.32408142089844,140.53827617204232,135.57225934617512,135.57225934617512,29776000
2022-03-23,137.56211853027344,139.07327688827186,137.22741861816172,138.19281228361012,25302000
2022-03-24,140.35154724121094,140.43547607592194,137.101191703657,138.3259192080811,20544000
2022-03-25,140.5596160888672,140.99464263672576,138.74999354923477,140.7905340303311,19270000
2022-03-28,140.9851837158203,141.01150808512435,138.87776412899856,139.72828222324787,23774000
2022-03-29,142.2763671875,143.18267122550785,141.5155670635571,142.18748264880705,28678000
2022-03-30,141.67498779296875,142.50530429066097,141.20172496917644,141.89894955837167,21046000
2022-03-31,138.70033264160156,141.6749713070503,138.67003764113167,141.48030433304538,29516000
2022-04-01,139.74368286132812,139.99198365360309,137.85361735177182,139.05837024983683,23480000
2022-04-04,142.6661834716797,143.06470138090626,139.8673286650979,139.8673286650979,19076000
2022-04-05,140.10423278808594,142.6140502336185,139.98553821089865,142.42485422983833,19256000
2022-04-06,136.24362182617188,138.89795768736923,135.49088433500847,138.21563068129603,23574000
2022-04-07,135.53749084472656,136.76559793501727,133.94067580488647,135.68945083527822,19448000
2022-04-08,133.0996551513672,135.32393565189548,132.84341309108885,135.32393565189548,16434000
2022-04-11,128.91429138183594,132.03563123998683,128.7365071622012,131.99669784468878,24188000
2022-04-12,127.5019760131836,131.52345225258287,126.70890310200467,131.52345225258287,23004000
2022-04-13,129.4004669189453,129.76770477005434,127.5656264653459,127.75224609635269,19542000
2022-04-14,126.38809204101562,129.82184647624504,126.24755899392567,129.76151410695084,23484000
2022-04-18,127.0912857055664,127.837188413999,125.71813698453757,126.54403578071165,14918000
2022-04-19,129.64381408691406,130.01402233925847,126.58523892006583,127.20648346666104,22720000
2022-04-20,127.37384796142578,131.02684338606394,127.02478860174018,130.39169402041003,22610000
2022-04-21,124.08834075927734,129.42183777960526,123.80279631806066,128.4708565049537,30158000
2022-04-22,118.80101013183594,124.59933564713744,118.33073288613822,124.15040432972323,46410000
2022-04-25,122.41230010986328,122.44010967951982,117.96200363333601,118.61776389439238,34522000
2022-04-26,118.69374084472656,121.9156953668597,118.35193320549877,121.9156953668597,49394000
2022-04-27,114.2387466430664,116.70139417922579,112.35538690339591,113.5956483801921,62238000
2022-04-28,118.59988403320312,119.6199041532883,114.36128901176208,116.31899171172512,36790000
2022-04-29,114.18511199951172,118.15146932582664,113.91446499658491,116.77886611846985,33694000
2022-05-02,116.36070251464844,116.54196482269275,112.62874187342346,113.13229964353242,30280000
2022-05-03,117.32661437988281,118.48916057774167,115.83432394824723,115.97138649307105,21216000
2022-05-04,121.74188995361328,122.30603020906693,114.95186119399109,117.20146603433236,33232000
2022-05-05,115.95299530029297,120.4092550844376,114.3996301054403,119.40338224094054,43090000
2022-05-06,114.87389373779297,116.69989134036265,113.36719849844387,114.7338456511006,35310000
2022-05-09,112.31539916992188,114.77744789119988,111.78651721177197,112.53340498595678,34520000
2022-05-10,113.80570220947266,115.89788360569034,112.6126640760728,115.2517998529397,31158000
2022-05-11,113.18643188476562,115.87801172984584,112.87754865050653,112.9376385371114,36502000
2022-05-12,112.3918685913086,114.07584022504399,109.36508128199883,111.1771815216723,41464000
2022-05-13,115.72357940673828,117.28240813192909,113.22517365203589,114.06492417413358,29738000
2022-05-16,114.01228332519531,115.81494200663734,113.55788861117713,114.59976235970011,23282000
2022-05-17,115.90830993652344,116.43073582008283,114.55358226893068,116.43073582008283,21576000
2022-05-18,111.63704681396484,114.90930135246086,111.37980448800577,114.45427007892951,27982000
2022-05-19,109.99278259277344,112.81546890914696,109.71717234464619,111.08084141628031,29192000
2022-05-20,108.57003021240234,111.78502864263129,105.65001023718413,111.32368530938997,37586000
2022-05-23,110.90751647949219,111.24421683515118,108.41234664078378,109.35563654883188,31558000
2022-05-24,105.20604705810547,105.67185355002357,101.51331517236112,105.65447825255532,60386000
2022-05-25,105.1201400756836,105.82054723003904,103.50295669689453,104.4273786589379,37900000
2022-05-26,107.5599365234375,108.21471170512069,104.77102313819857,105.32969996489847,30288000
2022-05-27,112.03233337402344,112.10085706101376,108.80541557286358,109.04228944827189,29924000
2022-05-31,113.26390838623047,115.6421343273915,111.80737646758043,112.31043416286929,51302000
2022-06-01,113.36124420166016,116.60107434304759,112.77872841478492,114.1503464533685,28630000
2022-06-02,116.94572448730469,117.09669182169363,112.5378844793053,113.41190828183286,27472000
2022-06-03,113.78533935546875,115.5736007647939,112.89542555147902,115.20412752147398,25052000
2022-06-06,116.2152099609375,118.58697986846538,115.73628672302861,115.94903372597989,23786000
2022-06-07,116.43272399902344,116.94834526478968,114.34302799093058,114.86197579662087,26414000
2022-06-08,116.441162109375,117.83959701996172,115.9035887262173,116.08212313384847,22544000
2022-06-09,114.13693237304688,117.54560519921974,114.08627652096877,115.55075728502685,23142000
2022-06-10,110.670166015625,112.72560414136612,110.10751849074967,112.01471719493804,31324000
2022-06-13,106.15008544921875,108.47616263000431,105.86359385052461,106.71571085613063,36756000
2022-06-14,106.46542358398438,107.72033224493647,105.62914364419454,106.16348896385928,25480000
2022-06-15,109.64020538330078,111.30133841155991,107.38389452427676,108.15933443940176,33192000
2022-06-16,105.91122436523438,108.5476776894181,105.0734591737636,107.41443392201762,35314000
2022-06-17,107.13236236572266,108.50695069969805,104.91061273259501,105.81090773624959,43516000
2022-06-21,111.25365447998047,111.90717932842622,108.55065539900443,108.95637956806154,39010000
2022-06-22,111.27252960205078,112.99623796594392,109.97173129239299,110.40745496583803,23922000
2022-06-23,111.91861724853516,112.42713836119685,110.27436690601084,112.18230805303997,24710000
2022-06-24,117.7323226928711,117.83114137959278,112.83085975768661,112.83085975768661,39122000
2022-06-27,115.829833984375,118.43947773196082,115.21231003618294,118.12661630936586,32840000
2022-06-28,111.80638885498047,117.0554643974944,111.67975300839639,115.56019602922068,28232000
2022-06-29,111.49352264404297,112.8919499930628,110.7957979560574,111.38625499397321,18628000
2022-06-30,108.62911987304688,110.5731224594056,106.58063817299123,109.74845884295402,38046000
2022-07-01,108.33960723876953,109.06002666130433,106.37703963705644,107.60066073190902,31028000
2022-07-05,113.1129379272461,113.27740841849858,105.52734366856437,106.78375273297814,36398000
2022-07-06,114.430419921875,115.56117820891916,111.48756133312514,113.31654439216729,28852000
2022-07-07,118.49510955810547,119.04733033593438,114.74874365655043,115.21952861601214,32184000
2022-07-08,119.35174560546875,119.61642905396496,116.71528477183757,116.75104317989522,29082000
2022-07-11,115.73052978515625,117.98709081883325,115.44448523633669,117.84357221556846,26718000
2022-07-12,114.06890106201172,117.04851086046862,113.83599022833464,116.04438078226042,24970000
2022-07-13,111.42449188232422,114.37430681051723,111.06296746769611,111.8734232163138,38958000
2022-07-14,110.68257141113281,111.22635079084647,108.58244122180702,110.07273862079845,32366000
2022-07-15,112.00054931640625,113.22567073995222,111.06247266484746,112.19521630493217,34330000
2022-07-18,109.1629638671875,114.01972675406553,108.55710932830965,112.66896983894824,33354000
2022-07-19,113.84095764160156,114.0296611037204,109.74895758124637,110.97060089567981,30992300
2022-07-20,113.92041015625,115.53933630923396,112.49020262380105,113.2847606801528,26780100
2022-07-21,114.25810241699219,114.42694515033254,111.14937898253623,114.30775803280672,27267800
2022-07-22,107.62350463867188,112.41074399445272,106.86866804792542,111.05005281577733,44455300
2022-07-25,107.47452545166016,109.82841994073779,106.28268455297305,108.1399698271348,28289900
2022-07-26,104.72335815429688,107.00772119291918,104.04797960863033,106.69983059538612,36626600
2022-07-27,112.82788848876953,113.62245412544925,107.68309531399403,108.85507546044991,41474600
2022-07-28,113.81116485595703,113.92041782741244,111.09078253730561,112.0333375805428,23303800
2022-07-29,115.84722137451172,116.10545632985595,112.46040238141096,112.62924510786948,31336200
2022-08-01,114.69511413574219,116.3239668523193,113.91048266241526,114.74476975149842,22856200
2022-08-02,115.11225891113281,116.28423905657122,113.48340617713905,113.65224891208656,17911000
2022-08-03,117.9726791381836,118.60832860290465,115.36055735589358,115.54926081797245,25302800
2022-08-04,118.06207275390625,118.6877880718941,116.90995334962962,117.49594720595361,15757700
2022-08-05,117.4164810180664,118.0521304463382,115.9167420962663,116.13524800802327,15615700
2022-08-08,117.33702850341797,120.03854249031357,117.02913792819682,118.31037099893213,17061100
2022-08-09,116.70137786865234,117.39661708876906,115.76776442089059,117.18804532273406,15424300
2022-08-10,119.82997131347656,120.95228823638466,118.54873823641901,118.77717073608471,20497000
2022-08-11,119.005615234375,121.50848413489655,118.73745368620968,121.25025674111944,16671600
2022-08-12,121.8163833618164,121.8163833618164,119.58167598999256,120.33651260174194,16121100
2022-08-15,122.04481506347656,122.42223715562085,120.74372120486865,121.37937069132897,15525000
2022-08-16,121.67733001708984,122.39044466336478,120.70895838185088,121.48861897828559,15626200
2022-08-17,119.50220489501953,121.31976851143936,119.38301778692126,120.10805943382614,17589200
2022-08-18,120.03854370117188,120.86290420560644,118.73744988691108,119.41282839044769,15652000
2022-08-19,117.3171615600586,119.18438079797961,116.87021558554285,119.05526711336246,20187000
2022-08-22,114.28788757324219,115.70816839831447,113.89060479284751,115.3108856179198,19316000
2022-08-23,113.98994445800781,115.14206397427968,113.52314525145644,113.543005984219,14390700
2022-08-24,113.92041015625,114.93050374532602,113.00666498155272,113.67210934285143,16051200
2022-08-25,116.90001678466797,116.97947486143589,114.26803429519929,114.36735310238954,14874700
2022-08-26,110.54353332519531,115.80750641172745,110.46407524042637,115.02287487409919,31698700
2022-08-29,109.59003448486328,111.19902635323199,109.0636380155158,110.0270463058486,20386100
2022-08-30,109.1629638671875,110.61303958362895,108.06050774415003,110.27534656608022,20548200
2022-08-31,108.40813446044922,111.01032208279608,108.30881565259938,110.87127423629843,25898000
2022-09-01,109.79862213134766,110.46406648910384,107.45466185914013,108.45779168410175,22784400
2022-09-02,107.94133758544922,110.91598426957113,107.39507272608125,110.58325448770336,20618100
2022-09-06,106.74948120117188,108.13995959219132,105.78607290343774,107.40002807215717,20565100
2022-09-07,109.7291030883789,110.23563131172003,106.8835701995673,107.02758892040058,22987200
2022-09-08,108.6762924194336,109.82841176964932,107.32553546006159,108.43792577293826,21660700
2022-09-09,111.02025604248047,111.23876196589119,109.25235550221456,109.3020186948222,21732900
2022-09-12,111.1096420288086,111.8744051402237,110.17602861854124,111.22882156030562,19732900
2022-09-13,104.59423828125,108.62664887758757,104.2863476795802,108.14990795407765,33015000
2022-09-14,105.15042114257812,105.37885362566415,103.78973008720511,104.723343481223,22115800
2022-09-15,103.19381713867188,105.488114175741,102.60782329250287,104.29627333045454,26494900
2022-09-16,102.92564392089844,103.32292671267301,101.16271431949586,102.27013375537855,64540100
2022-09-19,103.1441650390625,103.31300778775453,101.67422834362348,101.84307109231551,19738600
2022-09-20,101.13788604736328,102.46877472936795,100.43271266812418,102.18074488530593,24001700
2022-09-21,99.33025360107422,102.78659647442252,99.31038529376288,101.5450924813298,26596800
2022-09-22,99.8864517211914,100.98890794782774,98.7343398779962,98.77406134022748,21272700
2022-09-23,98.49596405029297,99.42957752599564,97.34385222568528,99.37991433269849,25657000
2022-09-26,98.13842010498047,99.7573464071268,97.71134236348385,97.9397824669756,22437900
2022-09-27,97.42330932617188,99.77720390568413,96.678406841489,99.23094663010731,24225000
2022-09-28,100.05529022216797,100.7108079843318,97.1352779092305,97.35377625241257,24617000
2022-09-29,97.42330932617188,98.62509200302871,95.86398042800398,98.62509200302871,21921500
2022-09-30,95.49649047851562,98.81776378192643,95.37730336500027,97.06575337420826,26277800
2022-10-03,98.62508392333984,99.29052826986492,96.3605741902864,96.55921938311879,24840000
2022-10-04,101.71395111083984,102.02184170152195,100.35325989509371,100.35325989509371,22580900
2022-10-05,101.52523803710938,102.0417003960936,99.06209062819975,100.00563826788984,18475500
2022-10-06,101.54510498046875,103.02498337822091,100.81013664780187,100.81013664780187,17156200
2022-10-07,98.89324951171875,100.7306740498155,98.53569572751684,99.9659108643245,24249900
2022-10-10,98.03909301757812,99.31039197968714,97.2048059152714,99.1713441293027,16529900
2022-10-11,97.38358306884766,99.43951352228164,96.58901742661037,97.5822206906372,21617700
2022-10-12,97.63188171386719,98.97071925966215,97.00615882181883,97.60207925147586,17343400
2022-10-13,99.03229522705078,99.84672158959769,94.62247036872678,95.27798815146768,32812200
2022-10-14,96.51950073242188,100.60156705960168,96.37051871614828,99.94108593023618,22624800
2022-10-17,100.09502410888672,101.07829322222307,98.8336592929938,98.84358586984254,23311600
2022-10-18,100.70086669921875,103.51163343028827,99.96589849046295,103.23353776089627,21610500
2022-10-19,99.60836029052734,100.96805130997552,98.9578133386631,100.0155697049409,21573700
2022-10-20,99.84671783447266,102.29993098406972,99.29052645976014,100.13474767567425,25125100
2022-10-21,100.79026794433594,100.92931579147759,97.56235742026016,97.79078992161887,28988700
2022-10-24,102.2701416015625,102.39925529834079,99.61829069764072,101.3961178770954,24680800
2022-10-25,104.21681213378906,104.38565485926829,102.31979038357485,102.59789364485361,29910200
2022-10-26,94.175537109375,97.87025461765158,93.92723628303963,96.10235394655017,71504300
2022-10-27,91.97063446044922,94.52316692687471,91.27539510287835,93.66901138612153,54036500
2022-10-28,95.9235610961914,96.20165676303273,91.69549157003017,91.901085347489,35696900
2022-10-31,94.0166244506836,95.69513281131775,93.73852117209412,95.12900725488336,29868700
2022-11-01,89.88490295410156,95.51140082732887,89.81537902287403,94.94030435595826,43220600
2022-11-02,86.47821044921875,90.67946371422306,86.41862067643025,90.29211503601825,43553600
2022-11-03,82.92253875732422,85.96174591136683,82.88280971728332,85.75813742273455,48510400
2022-11-04,86.11072540283203,86.14052786776976,83.30989232434827,84.9288185966633,40173300
2022-11-07,88.04747009277344,88.33549994609857,86.36895416660064,86.74636867567865,26899900
2022-11-08,88.30570983886719,89.79054393617074,87.05427154783787,88.55401066611286,30172000
2022-11-09,86.80596160888672,88.8817526695531,86.76623257139283,87.94317594418506,26743900
2022-11-10,93.52994537353516,93.907367446618,91.02707659419585,91.71238166301086,42371200
2022-11-11,96.07255554199219,96.69827087353168,93.52002344383007,94.06628069524213,30569100
2022-11-14,95.37731170654297,96.51949701728984,94.46654446211343,94.85091516983924,24170100
2022-11-15,98.04901885986328,99.73746122998911,96.36056891219857,97.99935566999062,31831000
2022-11-16,98.31718444824219,99.17133982210024,97.23658189289007,97.35377611417863,24660200
2022-11-17,97.83052062988281,98.80386315402339,96.44003455719891,96.51949263621844,21818700
2022-11-18,97.1352767944336,98.48603376380899,96.08247624099918,98.33705176706893,24969900
2022-11-21,95.17866516113281,98.04902182363357,95.01974901076781,96.89690246610458,18696900
2022-11-22,96.6684799194336,96.88499296690813,93.76832807468752,95.50643386608218,18868900
2022-11-23,98.1483383178711,98.3956464562147,96.67839427176206,96.67839427176206,17568900
2022-11-25,96.93663787841797,98.2675342038601,96.86711395244603,97.79575658740099,8567800
2022-11-28,95.59580993652344,97.16507284292202,95.2382561710772,96.5393499646215,19974500
2022-11-29,94.79131317138672,95.73485315387961,93.74844680965133,95.3475045229582,20220000
2022-11-30,100.7604751586914,100.7604751586914,94.02655776955798,94.47350381618423,39888100
2022-12-01,100.59163665771484,101.8927306548002,99.98578199245974,100.71082379068876,21771500
2022-12-02,100.14468383789062,100.46250856946295,98.49596283330087,98.69460802649564,18821500
2022-12-05,99.19120788574219,101.05842720345457,98.67970883582956,99.1365814057739,19955500
2022-12-06,96.64860534667969,99.52889627270373,96.10234810845027,98.992565611096,20877600
2022-12-07,94.5032958984375,96.64861109492315,94.37914548542787,96.11228040141678,26647900
2022-12-08,93.31143951416016,95.21839545602491,93.16246509314973,95.03961857327319,25593200
2022-12-09,92.43743133544922,93.84777821058353,92.3877681391606,93.26179189758514,21885300
2022-12-12,92.9240951538086,93.23695660745051,91.27538167236226,92.45728840632368,27380900
2022-12-13,95.19853210449219,99.1216895753665,94.73172535425174,97.40344458071074,34788500
2022-12-14,94.66220092773438,96.55922280441791,93.30151730193226,94.89064101320092,26452900
2022-12-15,90.58013916015625,93.39090635596996,89.81537594287904,92.90423885406629,28298800
2022-12-16,90.24244689941406,91.1263971758981,89.39822566179373,90.58013236344645,48485500
2022-12-19,88.5440673828125,90.58012940979408,88.32059817683806,90.26230468678754,23020500
2022-12-20,89.02080535888672,89.16978736321556,87.44161581460381,88.12692848799274,21976800
2022-12-21,89.6365966796875,90.29707777505313,88.30570791191177,89.120134304404,20336400
2022-12-22,87.66011810302734,88.57386324456762,86.34909015895764,88.32556244017913,23656100
2022-12-23,89.19957733154297,89.48760717002418,87.02446746738481,87.02446746738481,17815000
2022-12-27,87.3323745727539,88.89170359529034,86.94006256698191,88.7029925259734,15470900
2022-12-28,85.87235260009766,87.9183488825412,85.78296794428115,86.90528489558999,17879600
2022-12-29,88.34542083740234,88.75760107110717,86.39874349170871,86.43847252866642,18280700
2022-12-30,88.12693786621094,88.22625668715288,86.4384876000366,86.77120981783928,19190300
2023-01-03,89.09032440185547,90.92775639198945,88.41494591977562,89.21944566804987,20738500
2023-01-04,88.10706329345703,90.61986641464313,87.20325223631956,90.3914339004661,27046500
2023-01-05,86.18024444580078,87.61045958011077,85.97167266830384,87.47141172844614,23136100
2023-01-06,87.56079864501953,87.86868921535695,84.98839839038199,86.76623304587501,26612600
2023-01-09,88.19644927978516,90.21265061112891,87.977943358204,88.58876121895915,22996700
2023-01-10,88.63345336914062,88.8668567324073,86.11071627710662,86.13058458495952,22855600
2023-01-11,91.63292694091797,91.82163039122264,89.1300506993995,89.44787541192927,25998800
2023-01-12,91.28531646728516,91.99048988187711,89.95442014101864,91.7719839493901,22754200
2023-01-13,92.16925811767578,92.3480349931437,90.31196544351118,90.90590052069727,18630700
2023-01-17,91.53362274169922,92.33811501604687,90.22258706862888,92.14940395809764,22935800
2023-01-18,91.15619659423828,92.95190680596515,90.7787820725718,92.30831604596713,19641600
2023-01-19,93.27172088623047,93.75838835723602,90.75891029747898,90.76884445169445,28707700
2023-01-20,98.60521697998047,98.7442648281179,95.25812689297854,95.29784835455546,53704800
2023-01-23,100.52210235595703,100.71081340264897,98.07882321356192,98.45623772940617,31791800
2023-01-24,98.53569030761719,100.40290962876882,98.02915454493625,98.87338334191755,27391400
2023-01-25,96.07255554199219,97.05582465656556,94.61453083956603,96.53935471327681,31000900
2023-01-26,98.48603820800781,98.5356938241358,96.16193865558921,97.61201449571318,24542100
2023-01-27,100.0254898071289,100.88957928832752,98.29731842227046,98.37677649405538,29020400
2023-01-30,97.28425598144531,98.73333916952721,96.85717827788066,98.07385832960358,24365100
2023-01-31,99.19120788574219,99.23093692367725,97.12534337835456,97.1948673003561,22306800
2023-02-01,100.7406005859375,101.4954371374518,97.75105684092641,99.06208475800963,26392600
2023-02-02,108.06051635742188,108.08037708825424,105.81587489639395,106.06417570826528,46622600
2023-02-03,104.50483703613281,107.28580131974107,102.5978887997948,102.80646055275001,36823400
2023-02-06,102.76673889160156,103.98837461479222,101.51530070653128,101.98707072284537,25573000
2023-02-07,107.30567169189453,107.93138696280535,102.84419867529404,102.92564206290227,33738800
2023-02-08,99.32032775878906,102.87599731116323,97.78583051352528,101.99204700031318,73546000
2023-02-09,94.8111801147461,99.9261783018846,93.22205645071823,99.85665437838149,97798600
2023-02-10,94.21527099609375,96.3605863056375,93.88751206986586,95.08928722182783,49325300
2023-02-13,94.35430908203125,94.70192870524663,93.41076902222673,94.36424323627725,43116600
2023-02-14,94.30463409423828,94.52811086035739,92.02027144341454,94.01661185498062,42513100
2023-02-15,96.44003295898438,96.67839961455326,93.71865820674988,94.09607270952888,36964500
2023-02-16,95.1290054321289,97.21473072757868,94.32451322985784,94.89063877544477,35642100
2023-02-17,93.94709777832031,95.09921725909615,92.81484660723504,94.42383870287512,31095100
2023-02-21,91.42436218261719,92.78008249699454,91.37469898910733,92.60626889724948,28367200
2023-02-22,91.17606353759766,91.7322549459406,90.25238419014835,91.30914786599993,29891100
2023-02-23,90.4510269165039,91.50382002098485,89.39823381202298,91.50382002098485,32423700
2023-02-24,88.74270629882812,89.51740359895886,88.25603884215047,89.02080198835822,31295600
2023-02-27,89.48760986328125,89.83522947965548,89.00094240035733,89.47767570923075,22724300
2023-02-28,89.6862564086914,90.8284340829204,88.91155150939896,88.93141981779948,30546900
2023-03-01,89.89482879638672,90.58013389010253,89.2393110103965,89.5472091723947,26323900
2023-03-02,91.6825942993164,91.85144461943293,89.15985700522896,89.24924924264828,23328600
2023-03-03,93.38096618652344,93.47035841930149,92.03021673850138,92.10966723953366,30242500
2023-03-06,94.93036651611328,95.64547405392449,93.65906759446636,93.71865736343753,28288200
2023-03-07,93.52994537353516,95.43689373660693,93.20616470053571,94.77144939806718,24101500
2023-03-08,94.00669860839844,95.58588829793767,93.76336105969412,93.76336105969412,25395200
2023-03-09,92.03022766113281,95.26806518304991,91.72730033097213,93.84778406455659,24438900
2023-03-10,90.39144134521484,92.5466908518991,90.18286954562028,91.87131225331366,32850100
2023-03-13,91.0370101928711,92.4473569375284,89.3286994531277,89.94945146160775,31508600
2023-03-14,93.60941314697266,94.18547289264055,92.14940305047024,92.43743292330419,32303900
2023-03-15,95.8937759399414,96.58901517755588,92.40763044267027,92.90423206312043,38367300
2023-03-16,100.383056640625,101.27694112090344,95.21840254185582,95.91364181677253,54499500
2023-03-17,101.76359558105469,102.78659363065384,100.06521907479703,100.154603722608,76140300
2023-03-20,101.2372055053711,101.88278912017725,100.104954429728,100.37311596762693,26033900
2023-03-21,105.1206283569336,105.23981547486385,101.16768366482349,101.28687078275374,33122800
2023-03-22,103.51165008544922,106.7792898816501,103.50171593064718,104.42539531119965,32336900
2023-03-23,105.53778076171875,106.37306052241634,104.69355950436757,105.17029282679528,31385800
2023-03-24,105.33912658691406,105.43845296670091,104.02809869564,105.02130187319729,25236200
2023-03-27,102.3595199584961,104.68361940024222,101.9324422769274,104.60416132517383,25393400
2023-03-28,100.67108154296875,102.29993425894689,99.5984202195082,102.29993425894689,24913500
2023-03-29,101.20740509033203,102.12115019310482,100.34331559980667,102.02183139107106,26148300
2023-03-30,100.63135528564453,100.9193851440288,99.60835712718224,100.75054240628135,25009800
2023-03-31,103.29314422607422,103.48185527976155,100.75054617762977,101.01870773717607,28108000
2023-04-03,104.19695281982422,104.23667428015045,101.68414232322633,101.97217216459619,20719900
2023-04-04,104.40553283691406,105.37886782015485,103.88906288138487,104.12742954987694,20377200
2023-04-05,104.23667907714844,105.81587620043213,103.39444313724364,105.39873264995701,21864200
2023-04-06,108.15982818603516,108.88486226648374,104.10259409121582,105.05109737241804,34684200
2023-04-10,106.22309112548828,107.23616274656032,104.88226817057756,106.66010300732641,19741500
2023-04-11,105.39872741699219,106.49124943293918,104.56443277992452,106.19328543879949,18721300
2023-04-12,104.50483703613281,106.85574568787112,104.25653624772822,106.66008606087541,22761600
2023-04-13,107.45467376708984,107.52916098795164,105.71656788993867,105.7463627782834,21650700
2023-04-14,108.71603393554688,108.83522106124475,106.85874100883959,106.95806740235778,20758700
2023-04-17,105.69669342041016,105.98472328685942,104.60417130537009,104.71342427462808,29043400
2023-04-18,104.40553283691406,106.32241549456636,104.06783977713886,106.27275229892479,17641400
2023-04-19,104.30620574951172,105.00641588467009,103.09450410586554,103.5066768012728,16732000
2023-04-20,105.18022918701172,106.16151300008715,103.92879092869914,103.93872508324043,22515300
2023-04-21,105.19015502929688,105.91518912518399,104.76804063635475,105.36892433167526,22379000
2023-04-24,106.05423736572266,106.5905680074884,104.64389062860117,105.32920326711391,21410900
2023-04-25,103.89898681640625,106.70975367635846,103.8493236256496,105.88539320604784,31408100
2023-04-26,103.74007415771484,106.292606151167,102.56809404530065,104.84253034725442,37068200
2023-04-27,107.63343811035156,108.40813542704281,103.71028075621857,104.51478053531588,38235200
2023-04-28,107.48445129394531,107.55397521469986,105.31926801932504,107.06730776941805,23957900
2023-05-01,106.97791290283203,107.94132119348329,106.76934114571252,106.9878470562774,20926300
2023-05-02,105.25968170166016,106.99778735502116,103.78973758641469,106.9282634319883,20343100
2023-05-03,105.39872741699219,107.3950604140951,104.90212581178545,105.49804622252572,17116300
2023-05-04,104.49491882324219,105.57751436615276,103.9883830159156,105.43846650963798,19780600
2023-05-05,105.49307250976562,105.71654928810871,104.02710667184996,104.60415899455309,20710600
2023-05-08,107.50431823730469,107.68309512636915,105.07097329271453,105.07593658107706,17266000
2023-05-09,107.20636749267578,109.84332106306702,106.99282484113037,108.04065463419487,24782400
2023-05-10,111.5168685913086,112.73851202035469,107.74270048683408,107.81222441677718,47533500
2023-05-11,116.10546875,117.63500276059749,114.14885701191398,115.07253639566636,57115100
2023-05-12,117.1185302734375,117.45622333274814,115.75784661419164,116.20478506419185,31293800
2023-05-15,116.16504669189453,117.9875736754438,115.68831339386146,115.69823997014691,22107900
2023-05-16,119.27377319335938,120.37622939354988,116.03593609387349,116.03593609387349,32370100
2023-05-17,120.65433502197266,121.44889308123003,118.64806019895335,119.36316775656262,26659600
2023-05-18,122.68046569824219,123.05788779391919,120.6642642541096,120.73378818054383,27014500
2023-05-19,122.41230010986328,125.61934969441552,121.88590360171602,123.35584016285863,30268900
2023-05-22,125.01448822021484,126.18646828720705,122.61093074211966,122.67052808623045,29760200
2023-05-23,122.45204162597656,124.56756202829578,122.2136749442812,124.08089450971853,24477900
2023-05-24,120.81324768066406,121.91570393960009,119.92929735809948,121.05161434873301,23087900
2023-05-25,123.50481414794922,125.123740183995,122.06467256527752,124.35896949054616,33812700
2023-05-26,124.5774917602539,125.14361734514223,122.4520372782142,123.22177136072604,25154700
2023-05-30,123.79285430908203,125.52102586799191,122.05474859581382,125.43164121138568,27230700
2023-05-31,122.53148651123047,124.05108625682428,122.26331739286722,122.85923782167312,41548800
2023-06-01,123.5246810913086,124.19012539719452,122.46195400155952,122.66059160472167,25017700
2023-06-02,124.37884521484375,125.88354751888016,123.5048215130662,123.64386936061456,19367500
2023-06-05,125.76932525634766,127.12008228724162,123.53461793608714,123.7630580184978,22672500
2023-06-06,127.04063415527344,128.0040425414935,125.11381738283332,125.73953271626199,19450100
2023-06-07,122.10441589355469,128.6694903002165,121.79651771841579,126.70790772443188,34179300
2023-06-08,121.83624267578125,122.88904328920802,121.18073246132641,121.75182130757703,24815000
2023-06-09,122.03488159179688,123.4402650484475,121.58793559912097,121.72698344283191,20304500
2023-06-12,123.50481414794922,123.90209693619832,121.51840778424263,122.55630329066999,22255700
2023-06-13,123.58428192138672,125.00456288601805,123.003258923702,124.79599111076249,19287700
2023-06-14,123.53462219238281,123.94183917754627,121.32971725889053,122.95857004446486,24659600
2023-06-15,124.93504333496094,125.30253128187114,122.30305308880675,123.03802140508739,24517100
2023-06-16,123.21678924560547,125.83884514439914,122.94862770989351,125.83884514439914,56699200
2023-06-20,123.00821685791016,124.32421566640201,121.99515291111592,122.69536299741415,22698000
2023-06-21,120.43582916259766,122.5712176823766,120.03854634396957,122.39740408124571,22612000
2023-06-22,123.02809143066406,123.09264449030236,118.78710923648109,119.83990985239453,20781900
2023-06-23,122.1838607788086,122.60101190375572,121.03174894631987,121.21052583485735,29573100
2023-06-26,118.28057098388672,121.88590361816736,118.18125217474844,120.64042892943593,23185000
2023-06-27,118.20112609863281,119.0801055576817,116.1154006974822,117.03907248613567,27221700
2023-06-28,120.25704956054688,120.44575302254566,116.80069896724603,117.1582527381923,19753100
2023-06-29,119.19432067871094,120.08820509315471,118.39975507086332,119.27377117746433,18517500
2023-06-30,120.14779663085938,121.2005896358522,120.05840439932904,120.27691032358173,23871800
2023-07-03,119.74058532714844,120.19745792784617,118.89140076393556,119.50221866103216,13888300
2023-07-05,121.7965087890625,122.53148463160333,119.24397680317581,119.24397680317581,17830300
2023-07-06,120.10807037353516,120.32657630284791,118.43948859587533,119.82004051921739,17732500
2023-07-07,119.32344055175781,120.92249842668345,119.27377735711704,120.06834300613163,20997700
2023-07-10,116.07567596435547,118.2607202604565,115.84723586422105,118.2607202604565,32960100
2023-07-11,116.90995788574219,117.42145697182896,115.04273843597669,115.96641779505818,18286600
2023-07-12,118.80697631835938,120.13786504538717,118.19118757116681,118.48915157925278,22059600
2023-07-13,123.98155975341797,124.48312465153188,120.23717937113332,120.71392025078217,31535900
2023-07-14,124.84564208984375,126.22619396349738,124.05108405803247,124.27951655588176,20499800
2023-07-17,124.21000671386719,126.41491933110224,123.65381527079532,125.20321004937558,20675300
2023-07-18,123.23665618896484,124.14046717028396,122.46195889710873,124.05604580668826,21045800
2023-07-19,121.94549560546875,124.61721481184262,121.63760501827993,123.94183628886682,22313800
2023-07-20,118.71758270263672,123.85244166241573,117.87832474792128,121.28998304837813,27541700
2023-07-21,119.49227905273438,120.47555571347311,118.26070916021418,120.04847801833975,56514600
2023-07-24,121.0516128540039,122.5116228857852,120.55501121476073,121.09730541816157,22276100
2023-07-25,121.95542907714844,122.84931352572141,120.7039908491463,121.0516104742748,31820800
2023-07-26,128.77874755859375,130.47711676807427,127.83520742498456,129.47398685940684,46216900
2023-07-27,128.98728942871094,132.6919481239826,128.30197682408757,130.9041794065037,35931600
2023-07-28,132.10597229003906,133.1587805726006,130.03018092320707,130.0798441217842,26971000
2023-07-31,132.20529174804688,132.9203993357979,131.23195675836118,132.10596535610605,18381900
2023-08-01,130.99359130859375,132.01658956295688,129.86134007778986,129.96562218777584,22154300
2023-08-02,127.76565551757812,129.53355595240706,126.98102410191629,128.9574962936874,22705800
2023-08-03,127.89481353759766,128.88801699565602,126.90657336891482,127.49752306132508,15018100
2023-08-04,127.66633605957031,131.0332943910306,127.44287442666632,128.71914420987264,20521900
2023-08-07,131.04324340820312,131.162422952378,128.55029347196347,128.6297515531065,17621000
2023-08-08,130.9439239501953,131.0432503456523,129.24555473547406,130.08976847653778,16836000
2023-08-09,129.26539611816406,131.56963491821122,128.62479093757165,131.29153922235432,17745200
2023-08-10,129.3250274658203,131.74546074950118,129.1512138316277,131.07306007622037,17855700
2023-08-11,129.2852783203125,129.553447468379,127.87493138116483,128.32385517342402,15205500
2023-08-14,130.9339599609375,131.0134180235835,128.70917967207663,128.96742216444514,17526200
2023-08-15,129.38458251953125,131.09289320176865,128.93664388435008,130.6956028366682,14769200
2023-08-16,128.23245239257812,130.00829395201401,127.58687644189753,128.40129510037033,17548400
2023-08-17,129.57330322265625,131.59048969658667,128.96744863133736,129.56336149086283,23665600
2023-08-18,127.23927307128906,128.9475839288437,126.13681682199599,128.182813158233,23627200
2023-08-21,128.05369567871094,128.38145459011923,126.29573672899345,126.98104186120909,21851100
2023-08-22,128.8085174560547,130.0599479547289,128.04871766131012,128.25232612331058,15557900
2023-08-23,132.3046112060547,133.1587666047098,129.62295031499127,129.96065093684385,26497000
2023-08-24,129.5335693359375,134.05264726921672,129.41438979253613,133.81130263179728,18680400
2023-08-25,129.80174255371094,130.50690841449438,127.16974469838915,129.25547770410984,20678100
2023-08-28,130.89422607421875,132.3343826513987,129.96062791763316,131.1822634516852,16715500
2023-08-29,134.56912231445312,136.36184701971675,132.0761722999378,132.0940552941573,30803300
2023-08-30,135.9993133544922,136.31714566801028,134.10329175046678,134.64857148727685,21773400
2023-08-31,136.4164581298828,137.45930930885152,135.89006167504502,136.11849415514433,28147900
2023-09-01,135.87020874023438,137.63810932726088,135.01605333205805,137.48911974549722,16671600
2023-09-05,135.78085327148438,136.4363560448818,134.63866018608817,135.51268409072773,17730200
2023-09-06,134.4499053955078,136.5455646455554,133.77453452880073,136.0837288186092,15814300
2023-09-07,135.2742919921875,135.6517141113346,133.04952620794418,133.6851757398823,16976000
2023-09-08,136.2674560546875,136.58031744168622,134.94649417351292,134.94649417351292,17810700
2023-09-11,136.8038330078125,137.32427361716273,135.6219186127161,136.4462792005151,17180800
2023-09-12,135.14517211914062,136.70449332504472,135.00610911668778,136.1979651285559,15212900
2023-09-13,136.56546020507812,136.76409784345125,134.0129203289883,134.97632878793235,16394900
2023-09-14,138.04531860351562,138.60150997223292,136.1284285416027,137.4493906198453,19064600
2023-09-15,137.36001586914062,138.41280891510462,136.247617896451,137.85661750629941,48958800
2023-09-18,138.01553344726562,138.9789266791441,136.69457127592074,136.69457127592074,16233600
2023-09-19,137.8863983154297,138.22905462249415,136.56543627683354,137.31033865652537,15479100
2023-09-20,133.67520141601562,137.8963145854654,133.60568507974688,137.88638801030604,21473500
2023-09-21,130.46717834472656,132.28474209437664,130.19900922623293,131.49017647055624,22058400
2023-09-22,130.35791015625,132.10594220042228,129.62293438792227,130.78498022556303,17348700
2023-09-25,131.2716827392578,131.32134593693718,129.14622821227016,129.88120413471643,14650000
2023-09-26,128.5701446533203,130.51185862892362,127.31871414095764,130.02419854988267,20378800
2023-09-27,130.56651306152344,130.82474046483253,128.50064836981147,128.5602381432613,18764200
2023-09-28,132.22515869140625,133.26801002061293,129.8017402418512,129.8017402418512,18201400
2023-09-29,130.953857421875,133.97318869928992,130.42746090033583,133.1686964741104,23237300
2023-10-02,134.25128173828125,134.43999278095146,131.16738988460972,131.25677454006015,19210400
2023-10-03,132.3939971923828,134.320813935823,131.91229300652276,134.01290819587905,19628700
2023-10-04,135.34378051757812,135.6417444562196,132.52307240752435,132.7515200150256,22848000
2023-10-05,135.06570434570312,135.57223250583104,133.54113384477424,135.20475218309574,15922900
2023-10-06,137.78709411621094,138.2400036865355,134.0228601531263,134.0228601531263,20826700
2023-10-09,138.5518341064453,139.0186407814323,135.77086236218233,137.05210286334298,16599100
2023-10-10,138.25390625,139.78344792860358,137.4891354106982,138.56179687028128,19554900
2023-10-11,140.73690795898438,141.25337793081044,138.8895491704142,138.89949090290392,20146300
2023-10-12,139.33648681640625,141.41229326892307,138.50219966649095,141.1937873265529,18173100
2023-10-13,137.6381072998047,140.37934279597587,137.0322527150799,139.69403013316338,19438700
2023-10-16,139.53514099121094,139.9473137040504,138.37309491618828,138.78029676276267,17345600
2023-10-17,140.03175354003906,140.28998096953427,137.5874814149904,139.07827160291302,17424000
2023-10-18,138.33335876464844,141.024946460582,137.76226988019343,139.7933688739982,18304900
2023-10-19,138.03536987304688,140.04661534964382,137.65796298059868,138.84980373242794,21831200
2023-10-20,135.81060791015625,138.0949630937213,135.31896203197488,137.64802469498372,24970300
2023-10-23,136.96270751953125,138.0751053464584,134.19167741552045,135.30406008737035,20780700
2023-10-24,139.16763305664062,139.75363448575294,137.8069494682728,138.21416643365018,26535200
2023-10-25,125.80905151367188,129.21574647830838,125.2329918208008,128.88798759330868,58796100
2023-10-26,122.60101318359375,124.60728044031188,121.48862280135486,123.62401133186098,33907400
2023-10-27,122.56128692626953,123.59421925232625,120.63447012790027,123.18700226811843,37367700
2023-10-30,124.89530181884766,125.68986740616607,123.03800911557579,123.61406878750469,24165600
2023-10-31,124.44837188720703,125.69980254278161,123.08271740055689,125.41177268720156,21123400
2023-11-01,126.70294189453125,126.87178463321261,124.07592255785823,124.48809525006872,26536600
2023-11-02,127.7060775756836,129.20580904934013,127.23927082893425,128.67941253152986,24091700
2023-11-03,129.48390197753906,129.8414557513251,128.1331449604673,128.21260303853958,19529400
2023-11-06,130.5565643310547,130.665817294883,129.04689114590306,129.33492857557724,15360400
2023-11-07,131.50010681152344,132.37413053825398,130.2486761478604,131.0829632569691,19223800
2023-11-08,132.35426330566406,132.63235901096158,131.26174879344643,131.46038641793334,15093600
2023-11-09,130.79495239257812,133.0495282543986,130.6161679078342,132.45360017869294,17976500
2023-11-10,133.1488494873047,133.35742887597584,129.98052811873768,130.63604602018222,20872900
2023-11-13,132.731689453125,133.19849622021474,131.86760742493237,132.45359373933704,16409900
2023-11-14,134.50950622558594,136.30721680296887,134.18176249600617,134.7280121486915,22317300
2023-11-15,135.45306396484375,135.90992897259557,134.41019752225017,135.711291353787,15840900
2023-11-16,137.75729370117188,137.93607817454426,135.1551059232679,136.0291296706895,17615100
2023-11-17,136.00927734375,137.06207053317732,134.5591936974096,136.88330119387743,25565300
2023-11-20,136.9825897216797,137.4841622099929,134.56911311094566,134.57903968756656,19569400
2023-11-21,137.67784118652344,138.0204975488539,136.76906680496015,137.00247019444495,17648100
2023-11-22,139.06832885742188,140.14099022883187,138.05525725857697,138.15458364957178,17306400
2023-11-24,137.28054809570312,138.72764589165334,136.5356456925598,138.59156844459474,8828600
2023-11-27,137.11172485351562,138.68098795774316,136.60518144814702,136.63499149118078,17886400
2023-11-28,137.67784118652344,137.71757780669284,136.108578101595,136.6945795859927,17046900
2023-11-29,135.47293090820312,138.7207101068505,135.36864879985237,138.0403682367615,21014700
2023-11-30,133.00978088378906,136.02912732923033,131.8874563324484,135.47292076448537,29913500
2023-12-01,132.41387939453125,132.5926487251152,131.25380344096993,132.41387939453125,24268000
2023-12-04,129.7421417236328,130.5565604849325,128.5204908490656,130.40163011784776,24117100
2023-12-05,131.4901885986328,132.63236636910744,128.84826409665897,129.48391362332904,19235100
2023-12-06,130.5366973876953,132.40392436898622,130.4175178459377,131.9967073945423,16360600
2023-12-07,137.50897216796875,139.04844007120107,135.30405997729065,135.67155544578853,38419400
2023-12-08,135.7113037109375,137.05213428137228,134.64858401825268,134.7379686815936,23016100
2023-12-11,133.7844696044922,133.87385425633943,131.98677421586547,132.91046108352194,24502900
2023-12-12,132.731689453125,133.62556636814634,131.92719719858985,132.36420907885085,26584000
2023-12-13,133.05943298339844,133.86392514494486,132.04636148308018,133.63052178837836,25414500
2023-12-14,132.294677734375,134.1172124747159,130.1692232592123,133.85401420402098,29619100
2023-12-15,132.93032836914062,133.91360510923639,131.72856084188126,132.0165831357041,58594000
2023-12-18,136.25755310058594,137.43946736521315,132.8607998837617,132.950184536949,25699800
2023-12-19,137.161376953125,137.82682132203928,136.51578573785298,137.06205056459726,20661000
2023-12-20,138.7107696533203,142.10553763734032,138.46246884060355,139.37621401279182,33507300
2023-12-21,140.83621215820312,141.06464464326694,139.51823567733925,139.81321410826092,18101500
2023-12-22,141.74996948242188,142.27636599411244,141.08948083232403,141.16398320036313,18513500
2023-12-26,141.84930419921875,142.96665792446996,141.53147186515343,142.0082052111716,11170100
2023-12-27,140.47865295410156,142.34587968576145,140.09228942010267,141.85920469685007,17288400
2023-12-28,140.31976318359375,141.3030399216425,139.87083940722655,140.88589634779512,12192500
2023-12-29,139.9721221923828,140.47369466693337,138.9491240905847,139.72382138796428,14881000
2024-01-02,138.6114501953125,139.65928755799916,136.80382806901335,138.65118681417778,20071900
2024-01-03,139.406005859375,140.13103997328284,137.48911574634155,137.65797363177793,18974300
2024-01-04,137.1017608642578,139.6791243393909,137.07196598114118,138.89947135773542,18253300
2024-01-05,136.4561767578125,137.86652337691274,135.9198537384667,137.41164374127274,15439500
2024-01-08,139.57484436035156,139.6840973184582,136.9428619447068,137.06204147897657,17645300
2024-01-09,141.59104919433594,141.8294234239338,138.83987202032304,139.10804113423583,19579700
2024-01-10,142.82264709472656,143.54271044219408,141.49175822119923,141.55134799836006,16641900
2024-01-11,142.69351196289062,145.6631951956154,141.2483993866276,143.9101920305069,17471100
2024-01-12,143.25962829589844,143.75622987257645,142.38560467132038,143.35893951818758,13998700
2024-01-16,143.10073852539062,144.8487709416046,142.08369624783842,142.45514726369032,19198900
2024-01-17,141.91880798339844,142.43527790298106,139.55497946211506,141.93867629128815,17884500
2024-01-18,144.00454711914062,144.5955042753339,142.3756943676789,142.4650790244781,18876800
2024-01-19,146.96426391601562,147.03378025237419,144.80901500767453,145.31057226771088,27181000
2024-01-22,146.70606994628906,148.9953963381963,146.5769486642882,147.69927327225247,21829200
2024-01-23,147.66943359375,147.84821803718447,146.1895706343122,146.7159670790229,14113600
2024-01-24,149.32810974121094,150.53981887838341,148.82156640127982,149.2685048179238,19245000
2024-01-25,152.59576416015625,153.70814707763748,150.19221383912398,150.70868383156053,21495100
2024-01-26,152.74472045898438,153.0625527719859,151.76145894517842,151.83097529172323,19494500
2024-01-29,153.78759765625,154.14515145585057,151.8806491100736,152.59575670927472,20909300
2024-01-30,152.009765625,153.98623046062033,151.73662562889228,152.96323229065618,26578900
2024-01-31,140.83621215820312,144.60044549414414,140.58791136637097,144.40180789169398,43908600
2024-02-01,141.7400360107422,143.6370426138567,141.29308244456536,142.7133709079247,25526900
2024-02-02,142.5643768310547,142.90207742784477,137.23088063991614,139.93239448377048,42136100
2024-02-05,143.94493103027344,145.6731100364375,142.93187468828432,143.06098079751158,29254400
2024-02-06,144.4216766357422,145.74263867089806,143.53772642034644,144.9679414104424,21517700
2024-02-07,145.6830596923828,146.00089203792436,144.2230647146775,145.12686824276548,21436100
2024-02-08,146.21939086914062,146.60673954948905,145.4248251990445,145.97109004442805,18241300
2024-02-09,149.19900512695312,149.67078276972947,146.4279593553154,146.94442932923687,21877700
2024-02-12,147.71910095214844,149.5664594260565,147.55025823446212,148.52359308262692,17236100
2024-02-13,145.3751678466797,147.03381560382212,144.12373709565372,145.07721896911178,18138500
2024-02-14,146.1399383544922,146.82525108162173,144.56570439760185,146.36837087850864,16651800
2024-02-15,142.96168518066406,143.77610400462038,140.91568881099957,143.4781551391971,26724300
2024-02-16,140.79647827148438,143.4979921513447,140.5581192059589,143.2298382026285,21865100
2024-02-20,141.23350524902344,142.35482958461156,139.84302670070326,139.98207455553526,18625600
2024-02-21,142.86236572265625,143.00141358496236,140.945490538359,141.67052473787803,16440800
2024-02-22,144.33230590820312,145.20631447694223,143.03119689930858,145.12685639704245,23024700
2024-02-23,144.302490234375,144.96297886741098,143.8058886206968,143.9846730822618,14519400
2024-02-26,137.8069610595703,142.86236233617606,137.79703448216958,142.47501364642804,33513000
2024-02-27,139.1477813720703,139.53513003332552,137.5586501102096,138.46246870483137,22364000
2024-02-28,136.49591064453125,138.33334265540995,135.71128677244712,138.1545733510408,30628700
2024-02-29,138.8299560546875,138.99879879706955,136.6349852486413,137.40968261019637,35485000
2024-03-01,137.14151000976562,139.04845847886628,137.03722790932866,138.66110980787832,28551500
2024-03-04,133.28787231445312,135.70136407802622,131.95698360470536,135.6119642682059,43571500
2024-03-05,132.87071228027344,133.10908648507888,130.6558735644434,131.83778770293705,28447600
2024-03-06,131.6590118408203,133.82420266578097,131.05315729148174,133.327601073047,23175200
2024-03-07,134.32080078125,134.89686043251785,131.75833481046982,132.9799704535482,24107300
2024-03-08,135.36367797851562,138.04036828269224,133.8838146854444,134.1172180790274,26495200
2024-03-11,137.99566650390625,139.02859124953528,136.13838121514166,136.13838121514166,22536400
2024-03-12,138.67103576660156,139.32655356229864,137.27063067316766,137.31035213574967,19019700
2024-03-13,139.813232421875,141.22357928560828,139.0583882165814,139.10805141246854,19637000
2024-03-14,143.3589630126953,143.74631169978204,140.52337178857226,141.33283491602936,36117900
2024-03-15,141.20370483398438,143.35895407703438,140.1707801178293,142.43528232504678,41039500
2024-03-18,147.4708251953125,151.89057695283617,147.1331397026208,148.35477554681722,47676700
2024-03-19,146.9146270751953,148.60306961691788,146.01080845492217,147.96742012514895,17748400
2024-03-20,148.66265869140625,148.74211677188956,146.66135470166356,147.7787083842636,17730000
2024-03-21,147.7290802001953,150.27663420866105,147.00403080148968,149.29834340172894,19843900
2024-03-22,150.73846435546875,151.52308826961857,149.06987498317417,149.21886456654786,19252900
2024-03-25,150.12265014648438,150.42657006807727,147.78863183569348,149.92401254738604,15114700
2024-03-26,150.66893005371094,152.15873492930152,150.00348569455662,150.212065045374,19312700
2024-03-27,150.90728759765625,151.65218995305727,149.10959233810078,151.11089606007513,16622000
2024-03-28,151.22511291503906,151.63232986193898,150.3014412187363,150.96688554033764,21105600
2024-04-01,155.43630981445312,155.9329114432533,150.61926795305988,150.798052420069,24469800
2024-04-02,154.8105926513672,154.9297873521515,152.41698422967937,153.69820981124406,17598100
2024-04-03,155.3072052001953,155.48598968638157,153.08442467934654,153.8670633532154,17266200
2024-04-04,150.90728759765625,155.118459214274,150.84769783403652,154.02594485273215,24184800
2024-04-05,152.89369201660156,153.78756877016522,150.05411554307216,150.64904324708175,16297300
2024-04-08,155.07876586914062,155.59026497303606,152.94338479192584,152.96820881290836,16641500
2024-04-09,157.06515502929688,158.80326064686437,155.57535021423902,156.28053116160086,21521500
2024-04-10,156.58843994140625,157.08504160417482,155.1383564178868,156.80694588543082,16339200
2024-04-11,159.69715881347656,160.02491773519563,156.85659664699165,157.26381365474083,17841700
2024-04-12,158.10801696777344,160.60095149877142,157.5220307276107,158.32155201468527,16989800
2024-04-15,155.26747131347656,159.73688609456082,155.0886868415919,159.19062125696797,21140900
2024-04-16,154.939697265625,156.16133294295136,153.99615726842043,154.58214351188582,15413200
2024-04-17,155.81373596191406,157.60248998335425,155.0737892102677,156.12162655498005,16237800
2024-04-18,156.38978576660156,157.4078130055725,155.14828174098898,155.85841840642055,14016100
2024-04-19,154.66162109375,156.91619685740514,152.86392552225382,156.6778226064857,21479900
2024-04-22,156.87646484375,158.10307157736906,154.60203585872028,154.9496479353851,17243900
2024-04-23,158.8330535888672,159.38924495487626,156.89133951837178,157.51209151705658,16115400
2024-04-24,160.00503540039062,160.29305764902878,157.74053340428372,158.0086873462676,19485700
2024-04-25,156.87646484375,157.2042237652319,151.72969349091787,152.3176651410188,36197800
2024-04-26,172.5094757080078,175.22091634951357,170.23503176823874,174.79384622449396,56500800
2024-04-29,166.75880432128906,170.215162226,165.92451730501162,169.60930769285332,35914600
2024-04-30,163.52096557617188,168.71541379347556,163.3819177417437,166.24234765578316,29420800
2024-05-01,164.44467163085938,167.6626405057152,163.77921210776898,165.05051107278743,25223200
2024-05-02,167.3150177001953,167.38453404353805,164.56384059343182,165.537175485777,17041100
2024-05-03,167.84141540527344,168.69557076948902,163.8586608459886,168.38766504505602,22767100
2024-05-06,168.67572021484375,168.74523656600897,166.74890336567313,168.06986558861053,15147900
2024-05-07,171.80430603027344,172.29098111284586,168.84456438043873,168.96374392919932,21102400
2024-05-08,169.9966583251953,170.74056046805404,169.3629942173599,169.58944138801132,14569900
2024-05-09,170.413818359375,171.26797377514256,168.77502387588422,169.98673307395165,11937700
2024-05-10,169.132568359375,170.17543476333674,166.76875501948376,168.5366555250242,18740500
2024-05-13,169.73841857910156,169.78808176946214,164.63335480464102,164.71976905896994,19648600
2024-05-14,170.76144409179688,171.60567299836634,169.26171249438895,170.42375859120125,18729500
2024-05-15,172.69818115234375,172.8630532509762,170.86074912895955,171.1289182424168,20958200
2024-05-16,174.23764038085938,175.14145898339967,172.8670301894522,173.4132950126952,17247300
2024-05-17,176.08497619628906,176.28858465648682,173.79067939149425,174.35681244986029,16546400
2024-05-20,177.2470703125,178.72693355301104,176.02046361193018,176.10487740688396,17495100
2024-05-21,178.3197021484375,178.59781299691733,176.10486317775027,177.18745106671037,14706000
2024-05-22,176.79017639160156,177.6363905213755,175.57846722864608,177.1874516248321,16189400
2024-05-23,173.87013244628906,178.6871735484479,173.35366259031778,177.56484919462858,14928400
2024-05-24,175.1315460205078,176.09892509965346,174.00922140142632,175.32025707912294,11403600
2024-05-28,176.81002807617188,177.2966879178619,174.4859211995409,174.5455261184923,15655300
2024-05-29,176.19424438476562,177.01860487232003,175.0619933251889,175.60825812478257,15023800
2024-05-30,172.38035583496094,175.48908689657685,172.0525969396879,175.48908689657685,18826300
2024-05-31,172.77764892578125,173.23451394686091,169.80796566844623,172.22144235978098,28085200
2024-06-03,173.2345428466797,174.66475823054574,171.2779308500132,172.69821965527086,20742800
2024-06-04,173.93968200683594,173.99927177427736,172.04266024953338,173.26429594731727,14066600
2024-06-05,175.86651611328125,176.7603930238306,174.09860029150283,175.33514870902772,15233900
2024-06-06,177.1378173828125,177.49537118259843,176.00556620933702,176.2240569960752,14255800
2024-06-07,174.75411987304688,178.2005365812026,174.59520370576436,177.24706988766712,14716300
2024-06-10,175.6291046142578,177.45867433844847,173.39185457486468,175.45011672149846,17099800
2024-06-11,177.18028259277344,177.37914625134988,174.4458655634547,176.71294465034026,14402400
2024-06-12,178.5425262451172,181.0482509893317,176.77261377524658,178.73145204341668,18600400
2024-06-13,175.73849487304688,177.4984541099869,175.6589463784239,176.83225253638392,15956900
2024-06-14,177.3592529296875,177.7172135792028,174.8555311299011,174.8555311299011,12361600
2024-06-17,177.7669219970703,178.9004614531619,175.4899052130377,175.97711886315633,15272900
2024-06-18,175.4501495361328,177.89621671251533,174.6248508798992,177.77688637091632,15640300
2024-06-20,176.70298767089844,177.72714981553324,175.46007097378603,175.7086543132085,16753200
2024-06-21,179.23854064941406,181.47777846659835,177.0510101132299,177.47858138255626,58903200
2024-06-24,179.7655487060547,181.04824743123444,179.20872436768917,180.25277758828716,18198300
2024-06-25,184.52841186523438,184.69744673874425,180.0787634051556,180.1185452414668,18797000
2024-06-26,184.319580078125,184.87640436233303,182.94741028413344,183.15621180454954,13375700
2024-06-27,185.8011474609375,186.43752025652012,184.39913366725065,184.59303597103306,13025700
2024-06-28,182.38064575195312,185.5227432016718,182.2861828572196,184.66761579883254,23032400
2024-07-01,183.44459533691406,184.28976971985225,181.6945586431591,183.4346422914925,11815900
2024-07-02,185.5525665283203,185.89063626145088,182.0226797308145,182.43036008846724,12555500
2024-07-03,186.32815551757812,186.55684797624113,184.33451197824832,185.24433563486514,7409100
2024-07-05,190.8722686767578,191.1705565941188,186.25856176289477,186.25856176289477,14303400
2024-07-08,189.400634765625,190.59284569184211,188.2472194735337,190.28062959522862,12097600
2024-07-09,189.36085510253906,191.76714010959296,189.15203841273987,190.6634294288226,10198500
2024-07-10,191.5682830810547,192.2145937443777,189.53983437871398,189.66910258030822,12052900
2024-07-11,186.23867797851562,191.31972305398367,185.76140212012973,190.25577886688848,16452000
2024-07-12,185.7216033935547,187.6207839532123,185.0852305827975,185.86080947177268,14449100
2024-07-15,187.1236114501953,188.82391312654403,185.43324764615406,185.43324764615406,12186000
2024-07-16,184.44886779785156,189.26143838906273,184.07101620543958,187.8892684498503,12760100
2024-07-17,181.58517456054688,184.18038554020822,180.59084108439043,183.6334990938572,17376600
2024-07-18,178.2044677734375,183.00710084890474,177.20019630642,182.4999810061226,17877200
2024-07-19,178.37347412109375,180.93885620153185,177.84647861485163,179.34791663817788,14485900
2024-07-22,182.31103515625,183.25564885280767,180.86923958683062,181.3167017551738,16303900
2024-07-23,182.55963134765625,184.17044671555993,182.29115706223075,182.79826167041253,23772600
2024-07-24,173.38192749023438,176.9416432398946,172.58647282832214,174.39615190819515,31250700
2024-07-25,168.20144653320312,174.20721377004753,168.09206924909273,173.2626000467253,28967900
2024-07-26,167.7241668701172,168.87759736716222,164.92513082283665,167.81366841574962,25150100
2024-07-29,170.16029357910156,171.1844558514704,168.75827972854137,169.53385863048427,13768900
2024-07-30,170.88613891601562,171.96995868183205,169.15599333610484,170.8563101277692,13681400
2024-07-31,172.16883850097656,174.91320865604047,170.74694888658044,173.92881303446427,15650200
2024-08-01,171.47280883789062,174.68450179084405,169.54379942259828,171.0054708796569,17177800
2024-08-02,167.4457550048828,169.24551138112997,165.4471501358132,167.23695346679165,18907800
2024-08-05,159.729736328125,164.99970702790134,155.7126355760506,156.478261463729,34907800
2024-08-06,159.63027954101562,161.43003576435538,157.23394754524335,160.03299853205522,36146500
2024-08-07,159.83909606933594,163.8561963802638,159.3319914909659,162.3149917286518,19334200
2024-08-08,162.91159057617188,164.56218776245834,161.11184943969516,161.42406553399982,15733600
2024-08-09,164.45281982421875,164.5820880366157,160.0180856611064,160.72904565696422,13549200
2024-08-12,163.02098083496094,165.75539806973325,162.62325348792436,165.05439110341254,12435000
2024-08-13,164.98974609375,165.59629011991402,163.8363307946276,164.24897251060386,12717600
2024-08-14,161.11184692382812,164.0252518080872,158.62601331064516,163.2795017241323,22515900
2024-08-15,162.24539184570312,162.59341463206414,160.5749188847497,161.2908402029654,18392500
2024-08-16,163.80650329589844,166.0039717947397,162.15590607432796,162.48403794408534,16853100
2024-08-19,167.4457550048828,167.51536563246327,165.14884705192927,166.05369417652463,13100800
2024-08-20,168.00259399414062,169.44437452745237,167.7042909111701,167.78383941145057,12622500
2024-08-21,166.6801300048828,167.68440138112788,165.6261389190102,166.04375716969605,15269600
2024-08-22,164.55224609375,168.45996922183042,164.09484603651103,168.08211766029928,19123800
2024-08-23,166.4812469482422,166.99830460508238,164.72128761615647,165.60624380473357,14281600
2024-08-26,166.97842407226562,168.42021984297756,165.37756163846342,167.20215518767284,11990300
2024-08-27,165.43719482421875,167.29161689234454,165.21844026391767,166.6602206496667,13718200
2024-08-28,163.56785583496094,166.44147895671864,162.35476778762694,165.83493493305164,15208700
2024-08-29,162.47409057617188,166.68013227630968,161.06412637762125,165.11902137221767,17133800
2024-08-30,164.1743927001953,164.3434275620666,162.48402890915824,163.2894365572667,18498800
2024-09-03,157.71124267578125,162.45421788846468,156.96051600131915,162.38958378108373,26533100
2024-09-04,156.915771484375,159.49109167821072,156.5478729344915,157.17926926216398,17410700
2024-09-05,157.70130920410156,160.1026180835835,156.6274271350871,156.8859483995008,14139500
2024-09-06,151.2679443359375,158.31776446976443,151.07404204106973,157.79076898385384,24999100
2024-09-09,148.8883514404297,153.96613354006942,147.55419432766988,152.960540228326,28057700
2024-09-10,149.35629272460938,151.63632204999956,148.89133252055836,150.79002003637873,20401800
2024-09-11,151.48699951171875,151.81556335808907,148.05203594300926,150.431620897965,18991500
2024-09-12,154.86221313476562,154.93191539548397,152.83110931126586,154.1353984322752,20980800
2024-09-13,157.67987060546875,158.58092569682015,155.42972441367735,155.6806251864588,16733900
2024-09-16,158.2971954345703,158.5461060421012,156.92320401946452,157.64006778453728,14157600
2024-09-17,159.58155822753906,160.88584730457183,158.7153542251151,159.3923837460219,12064800
2024-09-18,160.10923767089844,160.92567165857622,158.964255089668,160.14907187104157,16756500
2024-09-19,162.52865600585938,164.27103004677525,161.81378251870032,164.10177267730464,17548200
2024-09-20,163.92254638671875,164.03206764655698,162.4689019554381,163.80307417318457,46362700
2024-09-23,162.3594207763672,165.8839883465766,162.23993335222076,164.61951818775515,15648400
2024-09-24,162.9269256591797,163.8329639111907,161.32394074881324,163.5342681455247,18774100
2024-09-25,162.27975463867188,163.50139761204187,162.06567998392188,162.25983753751672,13607900
2024-09-26,163.1160888671875,164.77880977721125,162.78752506691262,164.31085665490733,18234500
2024-09-27,164.56971740722656,166.24240445583408,163.1160880833797,163.19574129448452,13604300
2024-09-30,166.46145629882812,166.63071368478148,163.92256512493256,164.06195445408815,14070100
2024-10-01,167.68609619140625,169.69729815329652,165.1770730146529,168.12418129125342,18629500
2024-10-02,166.58091735839844,168.14408312341,165.52553890950227,167.02895337262652,12745000
2024-10-03,166.4813690185547,167.17831564598703,164.64937549349344,165.09742671826152,11004300
2024-10-04,167.82546997070312,168.8111613540106,166.23245134615243,168.60206977853457,11422100
2024-10-07,163.6736602783203,169.15964465933897,163.41479871287174,168.4029618733599,14034700
2024-10-08,164.97793579101562,165.37620184985647,163.59399352017417,164.70910810033513,11723900
2024-10-09,162.3494415283203,165.5354940563339,160.41789291037858,164.13661774956313,19666400
2024-10-10,162.4689178466797,163.5950013001064,160.9356352512682,161.40358838977565,12900500
2024-10-11,163.80308532714844,164.54981709717626,161.7918835060304,162.6182684879368,10946000
2024-10-14,165.6251220703125,166.88957700087903,164.0619561840233,164.1913945597103,9981800
2024-10-15,166.17269897460938,168.35315811036688,165.3264121085983,166.411658603287,14829300
2024-10-16,166.013427734375,166.55106797325655,164.4960665730318,165.30651490961594,9968500
2024-10-17,163.79312133789062,167.19821643099237,163.65373201334134,166.65062527959674,15113400
2024-10-18,164.33078002929688,165.64502008827174,164.03208427288982,164.15155649853372,13091300
2024-10-21,165.0775146484375,165.4956826376428,163.58901891443685,163.8628296926184,11384000
2024-10-22,166.09307861328125,166.74024012033664,163.95243825860203,163.98230631632472,11958600
2024-10-23,163.76324462890625,166.86965899975868,162.91993546186882,165.70474411550393,12754300
2024-10-24,163.81304931640625,164.33078763866595,162.06072409253227,163.87278543199432,12764400
2024-10-25,166.26231384277344,166.67051564133874,164.50997366436278,164.64439509849527,14566400
2024-10-28,167.60643005371094,169.86256206708674,165.06753901516458,169.84662534790536,20858300
2024-10-29,170.3942413330078,171.11110508314272,167.9250524115973,168.6468840430168,28916100
2024-10-30,175.3724365234375,182.98909414615085,174.97915355569205,181.61511808403742,49698300
2024-10-31,171.9375,177.64252708017523,171.80806161779742,173.95865299195611,32801900
2024-11-01,171.8976593017578,173.06257431299005,169.567859663889,170.79249559779987,21752900
2024-11-04,169.9362335205078,171.1708355365351,168.74644878064223,170.49380601285034,16194000
2024-11-05,170.66307067871094,171.3470734959179,169.6275940553142,170.0855962526431,12518300
2024-11-06,177.5529022216797,177.86154891962624,174.27723038022245,174.5858922704656,27061500
2024-11-07,181.48568725585938,181.78438300082175,178.11046028006697,178.32950281355292,16730400
2024-11-08,179.07623291015625,181.5553878202433,178.78750331450587,181.20690692232023,15021500
2024-11-11,181.17703247070312,181.29153680564582,179.20566494960767,179.28531815752916,12503400
2024-11-12,182.5211639404297,183.22307843198172,180.2013154285578,180.5896153395915,14065800
2024-11-13,179.70350646972656,181.8192466194637,179.33510844230398,181.3562613464338,13969700
2024-11-14,176.57717895507812,179.6586932804585,175.26292374510342,178.96671454665437,17925800
2024-11-15,173.1322479248047,175.11358167386166,171.99223317829555,174.87462204023322,21708900
2024-11-18,176.02957153320312,176.13909280002633,173.65993786500817,174.19261017148003,18662800
2024-11-19,178.79747009277344,179.38489548258988,174.35291777117385,174.4714025023376,15392900
2024-11-20,176.55726623535156,178.32950846808063,174.56598146219105,178.05072981522193,15729800
2024-11-21,168.50253295898438,174.81490241780247,164.58965024786468,174.69044711210512,38839400
2024-11-22,165.84414672851562,167.53175254254214,164.98789373494913,166.43157204476697,24497000
2024-11-25,168.69168090820312,169.7172065350398,166.6705280950971,167.257968644597,21395700
2024-11-26,169.87649536132812,170.74768243022393,168.6916785168623,168.75142982025878,14937500
2024-11-27,170.07565307617188,170.39425076481294,168.93065512663148,169.93624854653712,12433400
2024-11-29,169.7470703125,170.12540407605727,168.01464714823365,169.3189362005132,9250700
2024-12-02,172.22622680664062,172.84353545661656,169.5280442738957,169.57782943487248,16593400
2024-12-03,172.26605224609375,173.56039040413435,171.75826489918776,172.3656073706831,15721500
2024-12-04,175.32264709472656,175.66116182697243,171.99720549427335,172.02707354757175,18239800
2024-12-05,173.5504150390625,176.9356081335433,173.2517192965647,176.54730822598512,16145500
2024-12-06,175.72093200683594,176.06841023086653,172.7937409307028,173.1223047445848,13319500
2024-12-09,176.5283203125,177.4652731794903,174.83379581179184,175.14778141291757,19887800
2024-12-10,185.92787170410156,187.4230296378457,182.08033134621863,183.9393165192724,34317400
2024-12-11,196.07501220703125,196.25442385309114,185.65873341528825,186.0973154961447,41664500
2024-12-12,193.0049591064453,196.07002983557697,192.65608283731066,195.66633840932482,25197800
2024-12-13,190.76220703125,193.71264327515175,190.64258406331268,192.08791545519404,18883200
2024-12-16,197.52032470703125,199.992314777292,193.4833954424774,193.73757714576846,32248600
2024-12-17,196.4836883544922,202.2251047087036,196.0550837025253,197.88914050032798,24129500
2024-12-18,189.5361785888672,198.04861948645635,188.6689918668289,196.19462306691972,27638400
2024-12-19,189.08763122558594,193.97182278625914,188.90821957957144,192.65607654402254,26981200
2024-12-20,192.33712768554688,193.50832259279161,185.76838878723544,186.40632224516705,45319700
2024-12-23,195.3573455810547,195.85573157040523,191.01141914553668,193.4036658106059,15235900
2024-12-24,196.93223571777344,197.03190378414646,194.56788347394306,195.53674590275864,6809800
2024-12-26,196.4637451171875,197.52032088445068,195.23770474465502,196.1049066292932,7907900
2024-12-27,193.4136199951172,196.1647202757909,191.3523024429326,195.83578371138285,14693000
2024-12-30,192.06797790527344,193.1544556150159,189.74549757657897,190.24887224804684,12209500
