Price,Close,High,Low,Open,Volume
Ticker,HDB,HDB,HDB,HDB,HDB
Date,,,,,
2015-01-02,11.70340347290039,11.77094891622093,11.575066872925289,11.649367461798722,2612000
2015-01-05,11.58407211303711,11.669630124908876,11.485004670168696,11.563808395985555,2840400
2015-01-06,11.241841316223145,11.469244496494124,11.104498435741313,11.408453343220845,3398000
2015-01-07,11.633605003356934,11.698899298333021,11.316140674715932,11.35216496523949,3284800
2015-01-08,11.872265815734863,11.978087539124749,11.795714095197095,11.85650524317298,5477600
2015-01-09,11.833990097045898,11.93981095897489,11.707904660731097,11.867762383619795,2420400
2015-01-12,11.728169441223145,11.906039753545762,11.680887720394148,11.906039753545762,2899200
2015-01-13,11.671879768371582,11.88352234015182,11.557052625750332,11.86551062668956,2230400
2015-01-14,11.617846488952637,11.651619643067047,11.496265023692134,11.579571049250827,2392000
2015-01-15,12.531964302062988,12.554479165724178,11.890281239962151,11.894784384471789,9692000
2015-01-16,12.833667755126953,12.833667755126953,12.399124199268716,12.459915360122595,8995600
2015-01-20,13.274965286254883,13.295229006063463,12.943992341230675,12.943992341230675,7412400
2015-01-21,13.292977333068848,13.439325651281894,13.12861643846144,13.12861643846144,6074000
2015-01-22,13.4978666305542,13.56766322185437,13.297481427720713,13.319996290936192,3913200
2015-01-23,13.756787300109863,13.831087874771725,13.509120435677147,13.536138436060213,4648800
2015-01-26,13.92340087890625,13.952670881842668,13.777051723110944,13.81757915521159,3704400
2015-01-27,13.959426879882812,13.981941740973026,13.853605143207636,13.914396298815488,3203600
2015-01-28,13.637460708618164,13.907643362363448,13.583424693201296,13.907643362363448,5900800
2015-01-29,13.509123802185059,13.822085032847099,13.455086929066056,13.813078744179437,6091600
2015-01-30,12.829160690307617,13.315488969635684,12.81565126128386,13.315488969635684,7870800
2015-02-02,12.995776176452637,13.11735762672821,12.903463873322671,12.97776360077514,9243200
2015-02-03,12.736851692199707,12.998028041840277,12.707581684539395,12.975513179878147,8455200
2015-02-04,13.004781723022461,13.157885182118354,12.793139110219029,12.81340282859604,7122000
2015-02-05,13.004781723022461,13.21417319328929,12.9147214204811,13.081333452570409,31018000
2015-02-06,12.813404083251953,12.986771277700532,12.766122355371515,12.986771277700532,9436800
2015-02-09,12.67155647277832,12.772875062047342,12.54547188069853,12.655795898768346,5601200
2015-02-10,12.966506004333496,13.004781438827589,12.759365681129935,12.939488000050204,5353600
2015-02-11,13.130867958068848,13.175898541460707,12.811152447871834,13.01153764213432,5362400
2015-02-12,13.371780395507812,13.536141292425194,13.189407780829844,13.196162067629198,6068400
2015-02-13,13.151132583618164,13.416812099156875,13.106101997124197,13.301984919539906,4361600
2015-02-17,13.184903144836426,13.23443600723874,13.040805124621356,13.169142571496577,3920000
2015-02-18,13.171394348144531,13.439324966710933,13.157884916536904,13.223179214310129,4264000
2015-02-19,13.238940238952637,13.283970820290323,13.085836777736644,13.216425377727244,4990400
2015-02-20,13.43032169342041,13.466345991269096,13.112857300226677,13.232187625809134,5146000
2015-02-23,13.459588050842285,13.46859433815658,13.304233459661427,13.35376718100322,3876400
2015-02-24,13.531639099121094,13.56090910878662,13.398799343115385,13.41906306382429,3630000
2015-02-25,13.590176582336426,13.641961445842743,13.396545700338217,13.414558274890064,6574400
2015-02-26,13.774803161621094,13.810827457028049,13.54965110060589,13.581172251726107,6706400
2015-02-27,13.961678504943848,13.997702799265303,13.7883121790066,13.86486391180056,5584000
2015-03-02,14.123786926269531,14.402975825084837,13.959426045254727,13.972935476433271,6605600
2015-03-03,14.011210441589355,14.171068173536314,13.98869558259763,14.128289597897313,4235200
2015-03-04,13.909893035888672,13.959426760527899,13.686992992785934,13.959426760527899,4347200
2015-03-05,14.283644676208496,14.324172110893173,14.002204634724263,14.069750931789956,4374800
2015-03-06,13.92790699005127,14.339934825685324,13.882876404912642,14.240868225489923,4207600
2015-03-09,13.653219223022461,13.887377544835749,13.626201219393804,13.846850109949338,4163200
2015-03-10,13.59467887878418,13.612690593326748,13.486606014868446,13.605936307734131,2462400
2015-03-11,13.495614051818848,13.621699513540172,13.434822893072154,13.518129772958517,3650800
2015-03-12,13.790563583374023,13.862612173384369,13.682490698358505,13.69374812950632,3374800
2015-03-13,13.743278503417969,13.786057074895092,13.684738501515872,13.729769074005162,7428000
2015-03-16,13.849103927612305,14.069753719677587,13.828840206254759,13.900889661327044,3432000
2015-03-17,13.87386703491211,13.966179327445866,13.747782455189975,13.921149611194693,1953200
2015-03-18,14.026969909667969,14.0877610548209,13.801817901940115,13.846848475263036,3270800
2015-03-19,13.682489395141602,13.966180583925718,13.62169824206925,13.966180583925718,3923200
2015-03-20,13.599183082580566,13.759040819240909,13.513625069893083,13.716261383453746,6217200
2015-03-23,13.434822082519531,13.732023571423749,13.358271211923963,13.599183830818513,3107600
2015-03-24,13.349266052246094,13.470848372679878,13.288474892029202,13.439326362322001,4105600
2015-03-25,12.903463363647461,13.403300294538534,12.876444501198437,13.387539720886695,6166400
2015-03-26,12.991272926330566,13.016039788241216,12.817905751842895,12.869690618162037,4336800
2015-03-27,12.977762222290039,13.09709251737422,12.941737933648392,13.002529081772444,2372000
2015-03-30,13.148879051208496,13.28847307097267,13.058817894587637,13.202915058071538,2472800
2015-03-31,13.25920295715332,13.347012111748482,12.89445690772464,12.9394874856646,3424400
2015-04-01,13.392043113708496,13.491109701203593,13.274963950912365,13.434821691718156,3183600
2015-04-02,13.646467208862305,13.689245793303865,13.407805703561241,13.419063135373547,4900400
2015-04-06,13.614944458007812,13.666729325375115,13.531637582824551,13.545147014745677,2743200
2015-04-07,13.509123802185059,13.716263288219487,13.497866370793963,13.623950976593369,3264400
2015-04-08,13.491111755371094,13.65772466672682,13.461842604380664,13.578921785003365,3983200
2015-04-09,13.423564910888672,13.68699325464356,13.394295762939054,13.617195810306287,5375600
2015-04-10,13.223180770874023,13.464093413471023,13.065574152446564,13.448332837516974,5178000
2015-04-13,13.261456489562988,13.329001934828089,13.085837301209407,13.133119885893219,2033600
2015-04-14,13.376283645629883,13.412307940323348,13.274965048402345,13.274965048402345,1846800
2015-04-15,13.218677520751953,13.333505554798169,13.18715636909596,13.313241834606893,2700000
2015-04-16,13.19841194152832,13.227681946323395,13.112854787337863,13.137620789517094,3191600
2015-04-17,12.96200180053711,13.16238696211871,12.862935220341376,13.090338383996938,5384800
2015-04-20,12.707581520080566,12.943991862057993,12.628778645346035,12.925979285611861,4729200
2015-04-21,12.761617660522461,12.84717567597353,12.69857536434108,12.793138808613152,3495200
2015-04-22,12.878694534301758,12.959749391487772,12.779627104902534,12.849424533898649,3049600
2015-04-23,12.835917472839355,12.921475488863285,12.799893180653523,12.799893180653523,4255200
2015-04-24,12.795391082763672,12.90796710485146,12.703077920120274,12.808899655726599,4628000
2015-04-27,12.770623207092285,12.80214435335366,12.678310910661054,12.781880636630373,2371600
2015-04-28,12.878694534301758,12.903461391651565,12.757112248522738,12.811149106275652,3625600
2015-04-29,12.869691848754883,12.905716144373121,12.71208523334248,12.732348953308174,4176800
2015-04-30,12.797642707824707,12.889955015061812,12.734600407922366,12.835918144512007,2873200
2015-05-01,12.757115364074707,12.89445825463891,12.707581637277931,12.784133370106163,1119200
2015-05-04,12.85392951965332,12.94624181826285,12.78863522435011,12.934984388459121,2382800
2015-05-05,12.739102363586426,12.92372696083665,12.739102363586426,12.799892656314197,2552400
2015-05-06,12.423890113830566,12.604011580982068,12.277540938646089,12.581496719670719,3236400
2015-05-07,12.459916114807129,12.482430979203984,12.203242881580067,12.221254601320148,2945600
2015-05-08,12.842670440673828,12.959749585149094,12.65354272404251,12.65354272404251,3482800
2015-05-11,12.75261116027832,12.959751479672864,12.705329438930285,12.912468899437973,2981200
2015-05-12,12.64228630065918,12.748107166301628,12.545470863087063,12.545470863087063,4023200
2015-05-13,12.781880378723145,12.878695816793476,12.662550082030933,12.72784351558911,3308000
2015-05-14,12.937235832214355,12.939487833559662,12.83141495893018,12.833666101388628,2622800
2015-05-15,13.070074081420898,13.097092082282886,12.842670927966212,12.905713216273103,2672000
2015-05-18,12.991272926330566,13.11510637699694,12.959751778039513,13.025045217119464,3772000
2015-05-19,13.135371208190918,13.18940808047417,12.968758305963927,13.004782601190447,1899600
2015-05-20,13.218677520751953,13.28397182568906,13.180402081994524,13.270462392599221,2422800
2015-05-21,13.079082489013672,13.198412799485217,12.998027614396435,13.169143651674359,2400800
2015-05-22,13.412307739257812,13.459589464292879,13.10610080951028,13.112855955148804,4475200
2015-05-26,13.232185363769531,13.439324826267269,13.178148496790591,13.313240234794511,3533200
2015-05-27,13.369529724121094,13.401050875478376,13.146628804129383,13.385290299799735,2172000
2015-05-28,13.333503723144531,13.333503723144531,13.1894065588624,13.319994291910513,2497600
2015-05-29,13.423564910888672,13.488859211182874,13.360522612059459,13.394295762939054,2370000
2015-06-01,13.419061660766602,13.48885910455212,13.324498213270317,13.419061660766602,2404400
2015-06-02,13.184903144836426,13.200663718176276,12.867438817883013,13.0903388459105,3923600
2015-06-03,12.876444816589355,13.227682307048118,12.84267252603114,13.171394297230893,3511200
2015-06-04,12.831414222717285,12.966505093531472,12.795389933241049,12.925977660509854,3197600
2015-06-05,12.898959159851074,12.912467731078586,12.644537142129375,12.820155439181228,2566000
2015-06-08,12.714337348937988,12.921476835878314,12.698576773144136,12.847177101262576,1960800
2015-06-09,12.651293754577637,12.833667229672276,12.615269459867367,12.768372927107745,1717600
2015-06-10,12.86518669128418,12.9755115624752,12.824659257694567,12.838168688520044,3543200
2015-06-11,12.759366035461426,12.79989347245526,12.633281439380074,12.71433631336774,2510000
2015-06-12,12.754863739013672,12.777378600040484,12.61977199619212,12.718839446038636,1317200
2015-06-15,12.689569473266602,12.763869201961752,12.615268885684554,12.649042036201283,1696000
2015-06-16,12.754863739013672,12.829163467511666,12.67831200908086,12.79313917453663,2153200
2015-06-17,12.84041976928711,12.853929200047785,12.698574611290695,12.775126334494223,4462800
2015-06-18,12.993523597717285,13.029547888584753,12.89220501125039,12.993523597717285,4394800
2015-06-19,13.047561645507812,13.090340226386326,12.9147218998581,12.995776776374795,3804000
2015-06-22,13.392043113708496,13.455085409488387,13.198412223656698,13.216424798957732,4158000
2015-06-23,13.479853630065918,13.54289679108842,13.32449901742319,13.38754131955874,2617600
2015-06-24,13.47760009765625,13.531636101652184,13.317742369078651,13.371778373074584,3231600
2015-06-25,13.862610816955566,13.912144539823506,13.632955636686287,13.632955636686287,10445600
2015-06-26,13.790563583374023,13.882875893005213,13.76129357528015,13.833342165290498,2775200
2015-06-29,13.583422660827637,13.720764680480249,13.502367790942914,13.536140080803648,2742000
2015-06-30,13.713467597961426,13.849402045546901,13.597924138546183,13.806355748234743,2975600
2015-07-01,14.00572395324707,14.055566664048689,13.756512127728039,13.840337797876144,3164800
2015-07-02,13.96721076965332,14.001193731456818,13.87658780968813,13.928695709182506,1873200
2015-07-06,13.996662139892578,14.044239667994834,13.917367700129777,13.996662139892578,2315200
2015-07-07,14.148454666137695,14.159782319144105,13.892445559819102,13.964943576153557,2597600
2015-07-08,13.502767562866211,13.93322527477662,13.498237193230707,13.890179849283376,4342800
2015-07-09,13.629640579223633,13.921898705388896,13.629640579223633,13.819948095767925,3610400
2015-07-10,14.00572395324707,14.026114074552774,13.808620023454944,13.831275329685935,4340400
2015-07-13,14.03744125366211,14.116736551282058,13.978536940903853,14.053300140337198,2397600
2015-07-14,14.014788627624512,14.096349125686464,13.949087019269642,13.953618254078046,1266800
2015-07-15,14.041973114013672,14.116737181026732,13.998927686010257,14.017051758342653,2796800
2015-07-16,14.42032241821289,14.440712538981042,14.173375784129497,14.173375784129497,3302400
2015-07-17,14.470166206359863,14.483759910112024,14.325170156648666,14.334232625816771,3231600
2015-07-20,14.440712928771973,14.526804648144058,14.381807749743086,14.449774532723348,3106000
2015-07-21,13.99892807006836,14.275326446493278,13.99892807006836,14.275326446493278,5854000
2015-07-22,14.137126922607422,14.205093704455198,14.046503970647372,14.205093704455198,4929200
2015-07-23,14.057831764221191,14.18696891029726,13.989864981693449,14.139392248952294,1911200
2015-07-24,13.935492515563965,14.041974366842465,13.878853380074485,14.014787823796008,1716400
2015-07-27,13.835807800292969,13.869791626921138,13.60018879175735,13.702139407397244,3666000
2015-07-28,13.926427841186523,14.051033738950059,13.833539714027042,14.007988316593764,3289600
2015-07-29,13.949084281921387,14.041972416653783,13.906038856055716,13.955880700677941,2469600
2015-07-30,13.989864349365234,14.046503476285741,13.924162754718768,14.003458050954173,2246400
2015-07-31,14.152985572814941,14.268529013598918,13.94455313249126,14.048768920530847,3336400
2015-08-03,14.266264915466309,14.307045159848109,13.955881848310995,13.99439690766917,3052000
2015-08-04,14.259467124938965,14.309309836132343,14.152986147722942,14.18923515652416,2146400
2015-08-05,14.286654472351074,14.456571862470282,14.273060770013505,14.336496319099757,2196000
2015-08-06,14.1824369430542,14.438446037060062,14.150719170463903,14.313840131493407,1781200
2015-08-07,14.270795822143555,14.354621494006391,14.16431397934174,14.177907681905127,1468800
2015-08-10,14.27985668182373,14.529068499448476,14.275325447872161,14.313840504338245,1350400
2015-08-11,14.114469528198242,14.327433187558416,13.969473509034815,14.295714552152527,2837600
2015-08-12,14.282124519348145,14.295717358660456,13.822214154485144,13.829011438385916,3880400
2015-08-13,14.236812591552734,14.488290481872783,14.082754079721436,14.141658398130067,3660800
2015-08-14,14.261734008789062,14.465634371137401,14.223218948546135,14.436182643930882,1281200
2015-08-17,14.248138427734375,14.28438743387953,14.062362163209901,14.223217073963742,1440800
2015-08-18,14.044240951538086,14.137129102711498,13.962680455045401,14.137129102711498,1775600
2015-08-19,13.912835121154785,14.064628430915862,13.83580587386808,14.019316956468773,2284000
2015-08-20,13.636438369750977,13.944555414592598,13.588861701891663,13.790496892171788,2798400
2015-08-21,13.57979679107666,13.602452960444518,13.43933199797391,13.511830011462072,5426400
2015-08-24,12.861613273620605,12.861613273620605,11.699378126547684,12.78684920991816,8892800
2015-08-25,12.956766128540039,13.466518261592201,12.895595768864442,13.296600883908146,3976400
2015-08-26,13.051919937133789,13.321521857573867,12.814035788010845,13.185588305002028,4443600
2015-08-27,13.094965934753418,13.29660108775053,12.947704723716347,13.208244188279389,5415600
2015-08-28,13.22863483428955,13.287540012441305,12.988485480385616,12.995281899309079,3007600
2015-08-31,12.911454200744629,13.337379761722518,12.89332926747184,13.12894821455177,3885600
2015-09-01,12.657713890075684,12.829897347748197,12.576153395835506,12.74833685350802,3541600
2015-09-02,12.945438385009766,13.042857750001865,12.775521008522775,12.782317427024024,3966400
2015-09-03,12.993017196655273,13.165200650679132,12.963565468771796,13.042859911911329,3359600
2015-09-04,12.75059986114502,12.947704643312237,12.607869884844666,12.897861935512093,2294000
2015-09-08,12.891066551208496,13.079108016574155,12.820833717695425,12.947705682164166,3440000
2015-09-09,12.8865327835083,13.108558029494642,12.86614266580321,13.015669907559086,2495200
2015-09-10,12.95223617553711,12.98395481513998,12.759663474150479,12.877472971370317,2626800
2015-09-11,12.823098182678223,12.909189898885462,12.780052756696854,12.893331012247879,3980800
2015-09-14,13.065513610839844,13.113091135107876,12.947704985327633,12.947704985327633,2902000
2015-09-15,12.940908432006836,13.101764221160021,12.902394237695427,13.02246891907165,2856800
2015-09-16,13.224103927612305,13.235431580846658,13.033796414843712,13.047390117271663,4065200
2015-09-17,13.398552894592285,13.597922880729003,13.20371414271374,13.20371414271374,3673600
2015-09-18,13.278477668762207,13.40987999989899,13.224103724131606,13.33285074914828,4045600
2015-09-21,13.477848052978516,13.5435487884049,13.36003855626514,13.364569790474642,1628000
2015-09-22,13.237698554992676,13.264885097503628,13.088171274815531,13.210512012481722,1914400
2015-09-23,13.260353088378906,13.461988256691168,13.244494200820272,13.380428633922996,2930800
2015-09-24,13.416678428649902,13.441599786056532,13.158404114153212,13.224104853208884,2703200
2015-09-25,13.720261573791504,13.781431930818524,13.405347321486971,13.572999507143741,6330000
2015-09-28,13.178791999816895,13.72479402803584,13.144809041275789,13.661357616452317,4685200
2015-09-29,13.620577812194824,13.663624104338192,13.40988017834484,13.437067583144191,3945600
2015-09-30,13.840337753295898,13.919632189093488,13.722528259936242,13.724794309098762,6190400
2015-10-01,14.030645370483398,14.04876944269916,13.822212922412646,13.84486909298802,2372400
2015-10-02,14.1824369430542,14.202827063182887,13.688543690376632,13.826743297443908,3181200
2015-10-05,14.60383129119873,14.687657815634187,14.35235344638122,14.381806032378663,3572400
2015-10-06,14.53133487701416,14.587974006322288,14.27306058564822,14.433915505464617,3858000
2015-10-07,14.726175308227539,14.82586074035364,14.563054320562738,14.569850740300563,3994400
2015-10-08,14.665005683898926,14.723909140144817,14.456573216424452,14.640084326068266,2598400
2015-10-09,14.474696159362793,14.762423912384858,14.438447150144459,14.633285034540156,3858400
2015-10-12,14.467897415161133,14.513208021219038,14.341025471163524,14.452038530191983,1589200
2015-10-13,14.017051696777344,14.644613362962547,13.967209849898762,14.399932769960348,4160800
2015-10-14,13.985334396362305,14.18696956838714,13.910571191387112,14.017052172063574,5176000
2015-10-15,14.220954895019531,14.220954895019531,14.014788466946458,14.089551679816315,4668000
2015-10-16,14.390869140625,14.529067881166549,14.243607068321495,14.307043476699429,3977200
2015-10-19,14.381807327270508,14.424852753569802,14.25946660295313,14.356885972586095,3211600
2015-10-20,14.408994674682617,14.461103436077694,14.31157529958765,14.331965421450423,1866400
2015-10-21,14.141658782958984,14.5200077891456,14.105409771203112,14.5200077891456,2642800
2015-10-22,14.168844223022461,14.211889648430496,13.998926841959097,14.189234343319844,3011200
2015-10-23,14.223217964172363,14.368213997828052,14.134861060178713,14.313840917329435,4782000
2015-10-26,14.399932861328125,14.438447055262518,14.112205974441403,14.112205974441403,4212400
2015-10-27,14.452040672302246,14.585708189927711,14.322903524558543,14.354621299198113,2739200
2015-10-28,14.288922309875488,14.463370966491807,14.230017983966782,14.440715655968004,2398800
2015-10-29,14.100878715515137,14.184704389080023,14.057832421979315,14.116737603372155,1479200
2015-10-30,13.851664543151855,14.08728351518761,13.804087884638236,14.071424629016402,2542400
2015-11-02,13.88338565826416,14.019320112204142,13.819950098305647,13.844871458073543,2507200
2015-11-03,14.007989883422852,14.100878020972107,13.742918308700398,13.808619906154501,3216000
2015-11-04,13.799556732177734,14.019316819337597,13.797291547387559,14.00572311786309,2320400
2015-11-05,13.638702392578125,13.937756923605383,13.616046222503623,13.785963608962044,3154400
2015-11-06,13.418943405151367,13.747450552301283,13.380429209208653,13.595657225113634,3650800
2015-11-09,13.339646339416504,13.545812710224777,13.165197738848825,13.39855064639983,2483200
2015-11-10,13.171996116638184,13.389490171426589,13.117623035063357,13.255821788208694,2750800
2015-11-11,13.249027252197266,13.271683426277425,13.140280209346518,13.271683426277425,1395200
2015-11-12,12.974893569946289,13.208246537149556,12.95903468077197,13.160669869626593,1579600
2015-11-13,12.922782897949219,13.092700272035788,12.81630106696341,13.004343375789885,2806000
2015-11-16,13.158403396606445,13.205980059473074,12.943174524847745,13.072311675054054,2754800
2015-11-17,13.253556251525879,13.328320317012885,13.117622686951629,13.185589469238755,2020800
2015-11-18,13.124421119689941,13.208246801897943,13.01340802899989,13.10176581019956,2325200
2015-11-19,13.162932395935059,13.228633988811106,12.857081464503683,13.1176217870152,4656000
2015-11-20,13.326053619384766,13.335116087047252,13.153871055019925,13.169729941307036,1967600
2015-11-23,13.375896453857422,13.46198730473226,13.230900426863492,13.260352150678546,2551200
2015-11-24,13.133481979370117,13.375897391031117,13.104029389246994,13.294336904071425,3411600
2015-11-25,12.956766128540039,13.224102871902508,12.927314405330824,13.178791398337866,2345600
2015-11-27,13.203713417053223,13.260352545800698,12.97262566805418,12.97262566805418,1975200
2015-11-30,13.167462348937988,13.285271822008665,13.117620511125136,13.203711351094782,2126000
2015-12-01,13.561673164367676,13.645498833165256,13.28300875384232,13.289805172753214,4830800
2015-12-02,13.366835594177246,13.525425341872335,13.262619795268465,13.484645096343753,2958800
2015-12-03,13.314725875854492,13.486908439041581,13.310194642054244,13.391755121969776,2660400
2015-12-04,13.51409912109375,13.591128385900497,13.178794652468133,13.267152436646652,3803600
2015-12-07,13.400815963745117,13.536749504282843,13.32378672697524,13.40534633275125,2124000
2015-12-08,13.203713417053223,13.350975497494465,13.110825280477144,13.271681062945808,1612400
2015-12-09,12.972624778747559,13.314725576907355,12.900126768060275,13.135745734916174,2952400
2015-12-10,13.088171005249023,13.287540996127156,13.081374585822417,13.149341372822244,1502800
2015-12-11,12.737009048461914,12.961299540724426,12.714352875749537,12.929581763171717,2058400
2015-12-14,12.990751266479492,13.081374222794057,12.870676583970571,12.870676583970571,3845200
2015-12-15,13.25582218170166,13.3011336605221,13.16293403902982,13.16293403902982,4317200
2015-12-16,13.493707656860352,13.539018272871427,13.242229762473713,13.330586673637752,3266400
2015-12-17,13.505034446716309,13.616046658782546,13.303399279937407,13.47558185679801,2668800
2015-12-18,13.276211738586426,13.636436640289517,13.276211738586426,13.498237888927056,4610400
2015-12-21,13.54581356048584,13.561672446601587,13.421207656328765,13.421207656328765,2443200
2015-12-22,13.697607040405273,13.758777404731763,13.477847802911455,13.502768294234507,2856800
2015-12-23,13.6681547164917,13.817681979105606,13.636436079002504,13.80861951125155,1229200
2015-12-24,13.704404830932617,13.80862062694103,13.563939160579114,13.631905946487011,593200
2015-12-28,13.684015274047852,13.702139347724563,13.597923547410801,13.690811693646042,689600
2015-12-29,13.82674503326416,13.84486997087374,13.693076643249592,13.727060469145256,1073600
2015-12-30,13.844868659973145,13.892445320326607,13.724793984535022,13.804088418457459,1818800
2015-12-31,13.955883026123047,14.02611586720671,13.754247836465167,13.83127709743786,2085600
2016-01-04,13.561673164367676,13.68401389023086,13.446128857415381,13.661357720120352,2139200
2016-01-05,13.706670761108398,13.78143483464277,13.602454959434382,13.602454959434382,2693600
2016-01-06,13.727060317993164,13.78823068538504,13.561674153227534,13.61378205191441,3041200
2016-01-07,13.335116386413574,13.570735365460862,13.32605391854764,13.484643649223488,2112800
2016-01-08,13.25129222869873,13.575267281486608,13.230902105800022,13.480113950789036,1682800
2016-01-11,13.471050262451172,13.523158157532109,13.294336456155426,13.41667718247303,1446800
2016-01-12,13.56847095489502,13.588861077933425,13.312461824356074,13.468786389065379,4342800
2016-01-13,13.500503540039062,13.706669945979048,13.477848232933619,13.566205140587245,2265200
2016-01-14,13.303397178649902,13.52542243195777,13.192384119873763,13.509563547024666,1998400
2016-01-15,12.741540908813477,13.138014876184657,12.698494610668021,13.008876845992955,3665600
2016-01-19,12.823098182678223,12.895596197091319,12.750600168265127,12.827629416609604,4306000
2016-01-20,12.363188743591309,12.567089949312159,12.270300608595033,12.53310612694385,3531600
2016-01-21,12.299753189086914,12.40850021065296,12.036947670907843,12.40850021065296,5207600
2016-01-22,12.426624298095703,12.596541681556872,12.33147097819481,12.596541681556872,3735600
2016-01-25,12.576152801513672,12.714352425306886,12.376783674175693,12.403970216222765,2468000
2016-01-26,12.789116859436035,12.832162290920047,12.539904146819367,12.594278096702249,2197600
2016-01-27,13.047389030456543,13.128949509741375,12.76872463572968,12.78005228802047,5520400
2016-01-28,13.07684326171875,13.178793009396582,12.88653574087844,12.945440058742179,3726000
2016-01-29,13.6681547164917,13.690810021882335,13.203713177783127,13.226369347418267,4814800
2016-02-01,13.577530860900879,13.702136760727925,13.459721379388844,13.52315692164746,2660800
2016-02-02,13.292070388793945,13.489175180116973,13.267149897980762,13.323789027022995,3432400
2016-02-03,13.185589790344238,13.307930519987112,13.040593754135443,13.27621188085246,3179600
2016-02-04,13.341914176940918,13.554877872463754,13.14481023393634,13.242229612900065,1731600
2016-02-05,13.181058883666992,13.416677880482535,13.126684936615494,13.353241464881693,1159200
2016-02-08,12.872941970825195,12.943174806282512,12.703024573254384,12.936377522693368,3012400
2016-02-09,12.918252944946289,12.963564422043662,12.725679383343595,12.746069504825185,2374400
2016-02-10,12.927315711975098,13.047390394450293,12.770991155588609,12.886535468069454,2305200
2016-02-11,12.222724914550781,12.510451810140786,12.16608578229081,12.449281443590667,8388800
2016-02-12,12.512716293334961,12.521778761406948,12.193271639875908,12.397172850272973,4908800
2016-02-16,12.376781463623047,12.789114212044813,12.340532459286335,12.65997708008,3486000
2016-02-17,12.641853332519531,12.761928872855359,12.363188923476129,12.447014591827921,4061200
2016-02-18,12.542167663574219,12.671304796194386,12.451544720150322,12.641852209944954,2618800
2016-02-19,12.392640113830566,12.50591835826367,12.369983946397294,12.442481953694926,2096000
2016-02-22,12.530842781066895,12.62146488027415,12.379049446921684,12.62146488027415,3383200
2016-02-23,11.957653999328613,12.381315354739506,11.95312276478338,12.313347700805611,3789600
2016-02-24,11.857969284057617,11.871562987523646,11.579304844838617,11.719769657009135,5044400
2016-02-25,11.731096267700195,11.871561931621772,11.66766071899015,11.796797865575332,1823600
2016-02-26,11.912342071533203,12.136632539251378,11.903279603439966,12.002964159731986,2354400
2016-02-29,11.966715812683105,12.197803576359496,11.948591739739927,12.177413454145562,3696800
2016-03-01,12.619197845458984,12.66450932054347,12.039212865715491,12.086789525644173,5845600
2016-03-02,12.868412017822266,12.895598562152081,12.703025838095183,12.743806086712235,2406400
2016-03-03,12.825363159179688,12.961296708774979,12.571620129954407,12.95223424167011,4529200
2016-03-04,12.947705268859863,13.029264888867138,12.789115534397425,12.863878735465224,1627600
2016-03-07,12.863879203796387,12.970361047028943,12.71208674699169,12.870676487227852,942800
2016-03-08,12.684900283813477,12.836692741549328,12.632791522245657,12.80950620039036,2051600
2016-03-09,12.76419448852539,12.90692533942391,12.666775114891667,12.750600786072587,2961200
2016-03-10,12.743804931640625,13.045125534195039,12.682634564259399,12.841224309590954,4634000
2016-03-11,13.036063194274902,13.036063194274902,12.800444191125745,12.93411258096569,2939600
2016-03-14,12.956766128540039,13.026998955777458,12.897861817877136,13.026998955777458,1541200
2016-03-15,12.782318115234375,12.897862421443431,12.712086148954867,12.886534768583301,2879600
2016-03-16,13.07684326171875,13.090436100478685,12.72341476180258,12.782319079666319,2582400
2016-03-17,13.101764678955078,13.135747640256463,12.75739864611796,12.900128639224025,2124000
2016-03-18,13.292070388793945,13.31019532492483,13.038327332673207,13.185589413880823,3951200
2016-03-21,13.509565353393555,13.568469667557714,13.303398957452206,13.303398957452206,3061600
2016-03-22,13.380430221557617,13.443865779319008,13.29207244064684,13.416679235170506,1307600
2016-03-23,13.323789596557617,13.346444903445118,13.165199855611432,13.33964848422778,2179200
2016-03-24,13.260353088378906,13.307930615299364,13.14027840707937,13.253556669209363,1861200
2016-03-28,13.233168601989746,13.328322806359404,13.190123166825309,13.314729101665257,1105600
2016-03-29,13.403083801269531,13.437067625252945,13.210511103348969,13.221838756595258,3308000
2016-03-30,13.788228988647461,13.84260206569731,13.450659417005443,13.480112004550056,4770800
2016-03-31,13.962677955627441,14.035175969700026,13.679482318080002,13.785963290111578,5788400
2016-04-01,13.940023422241211,13.969476013991505,13.591127012658019,13.806355031060153,2222400
2016-04-04,13.933225631713867,14.107674251462553,13.883382922001523,13.930960446838085,1991600
2016-04-05,13.751981735229492,13.89697777816821,13.645499888089365,13.681748898824045,6114000
2016-04-06,13.761043548583984,13.774636386809243,13.604718995037144,13.727059724531745,2109200
2016-04-07,13.629640579223633,13.731591188844604,13.595656754601789,13.629640579223633,2282400
2016-04-08,13.625107765197754,13.772369835825035,13.577531107639201,13.772369835825035,2367200
2016-04-11,13.618313789367676,13.844870329894851,13.613782554847779,13.736123294151161,2754800
2016-04-12,13.819948196411133,13.826744615687172,13.548080190190197,13.656827219829657,3038000
2016-04-13,14.103141784667969,14.189233494578884,13.926427995490592,14.001191189279313,2492800
2016-04-14,14.20736026763916,14.223219156134004,14.091816813713203,14.105409652854725,1644400
2016-04-15,14.270795822143555,14.307044831401367,14.159782745153946,14.168845213529536,2229600
2016-04-18,14.329699516296387,14.375010991963618,14.010254865996952,14.17564101757451,2098800
2016-04-19,14.363683700561523,14.456571839106791,14.266264327911054,14.356886417281455,1898000
2016-04-20,14.356887817382812,14.3863404098166,14.293452262212767,14.350091397684485,1334000
2016-04-21,14.189236640930176,14.381809358286777,14.17337775193585,14.381809358286777,2508800
2016-04-22,14.259467124938965,14.35009007906428,14.087284549194315,14.143923679461501,1844800
2016-04-25,14.198296546936035,14.225483951311336,14.089549522168415,14.216421483186235,1224400
2016-04-26,14.297981262207031,14.445242472872083,14.261732255740073,14.352354339785224,2807200
2016-04-27,14.381807327270508,14.499616817623036,14.368213625375962,14.379542142410338,2526800
2016-04-28,14.234545707702637,14.32516779168891,14.186968184547021,14.196030652218996,2686800
2016-04-29,14.243608474731445,14.404464264194036,14.166579221715905,14.372745624750944,4014400
2016-05-02,14.288922309875488,14.413528246245802,14.171112793813377,14.171112793813377,2081200
2016-05-03,14.198296546936035,14.293450733760531,14.032910392753331,14.214156298277224,2523600
2016-05-04,14.211889266967773,14.248138272718549,14.105407434467917,14.139391255466224,2077600
2016-05-05,14.388602256774902,14.458835079593701,14.20735723816364,14.261731175869228,2171600
2016-05-06,14.386340141296387,14.420323967642961,14.159783603638177,14.159783603638177,2020400
2016-05-09,14.517744064331055,14.62422591884287,14.42712109909828,14.456573692435628,1507200
2016-05-10,14.574382781982422,14.721644880185233,14.47696339964726,14.506415127892126,2579600
2016-05-11,14.540397644042969,14.592506404612879,14.422588148950798,14.574381468024294,2436400
2016-05-12,14.585708618164062,14.669535155594978,14.520007017770501,14.626488862253543,1833200
2016-05-13,14.322903633117676,14.597036818002637,14.295716228153802,14.574381511443956,1411600
2016-05-16,14.610629081726074,14.723907338554287,14.581177357206787,14.590239825171729,1756800
2016-05-17,14.361416816711426,14.655940966720166,14.334230277904823,14.53360024572372,2802400
2016-05-18,14.447510719299316,14.608366520190913,14.322904794632567,14.322904794632567,4496000
2016-05-19,14.087285041809082,14.334231692979214,13.971740728046637,14.295716633643542,4727200
2016-05-20,14.309309959411621,14.37048032433653,14.132596148013805,14.171110342089925,1558400
2016-05-23,14.320637702941895,14.338762639735124,14.091815993516978,14.268529806028193,1977600
2016-05-24,14.384074211120605,14.474696302943082,14.320637796175857,14.331965449623096,1790400
2016-05-25,14.619693756103516,14.7216452397289,14.547195729931577,14.587975977683874,2178400
2016-05-26,14.608366012573242,14.72617464923186,14.551726879306965,14.72617464923186,3643600
2016-05-27,14.689925193786621,14.726175069787077,14.592507541136145,14.685394823531176,4922000
2016-05-31,14.581175804138184,14.726171819155375,14.510943845501718,14.726171819155375,1991200
2016-06-01,14.68312931060791,14.705786348180583,14.365950662217275,14.501885109451527,2416400
2016-06-02,14.85757827758789,14.85757827758789,14.612896800051933,14.612896800051933,2768800
2016-06-03,14.80093765258789,14.830389377506293,14.62648816675452,14.744298523406233,1600800
2016-06-06,14.853044509887695,14.939137091470608,14.755625139694263,14.785078592757483,1311200
2016-06-07,15.020696640014648,15.084132183450588,14.839450748635741,14.896089873630535,2471200
2016-06-08,14.945932388305664,15.07280347354875,14.911948568047293,14.911948568047293,2444000
2016-06-09,14.834921836853027,14.875702079995907,14.692190121608398,14.800938012819111,1826400
2016-06-10,14.64234733581543,14.771484483697385,14.640083015116666,14.685393627939108,3270000
2016-06-13,14.438446044921875,14.572114418228393,14.415790739986322,14.529068128908566,1902400
2016-06-14,14.440712928771973,14.603833035075697,14.415791573355484,14.452040581894593,1570000
2016-06-15,14.848515510559082,14.909685014470709,14.590241198951428,14.646880332698531,2788400
2016-06-16,14.839451789855957,14.893824869689185,14.608364904197959,14.608364904197959,2831600
2016-06-17,14.687660217285156,14.855311565080699,14.683128118742788,14.855311565080699,3204000
2016-06-20,14.925543785095215,15.025229212820655,14.75109601506487,14.914216995528617,4641600
2016-06-21,14.982182502746582,15.032025215226522,14.839452513045135,14.850781030786623,2905600
2016-06-22,14.98444938659668,15.079602718364162,14.871171116828945,14.991245806224468,2572400
2016-06-23,15.115850448608398,15.211003766868483,15.056945272714023,15.177019945064458,1348800
2016-06-24,14.898358345031738,14.982183157420764,14.52453971358663,14.662739339323847,3178000
2016-06-27,14.52052116394043,14.746263702637512,14.440713371439381,14.648213631942108,3556800
2016-06-28,14.796429634094238,14.848875750883943,14.664175721911038,14.848875750883943,2588800
2016-06-29,14.90588092803955,15.088298489729913,14.878517510930271,14.99252913936652,2718800
2016-06-30,15.12934398651123,15.12934398651123,14.857997471558239,14.95376682977694,2942800
2016-07-01,15.181790351867676,15.2273943118515,14.951486352686388,15.09970183215315,2896000
2016-07-05,15.051815032958984,15.1430246797638,14.908159273845625,15.047253593795121,1681200
2016-07-06,14.946925163269043,14.976567560337045,14.848875093361794,14.976567560337045,1732400
2016-07-07,15.088299751281738,15.209151809180051,14.992530392910947,14.992530392910947,2021600
2016-07-08,15.355084419250488,15.40981125039147,15.222832259858013,15.23195339838151,2289200
2016-07-11,15.51242446899414,15.555749451709499,15.373330119972946,15.439457084235455,1926400
2016-07-12,15.459977149963379,15.585388894500172,15.434894453120151,15.455415710712238,3656800
2016-07-13,15.373331069946289,15.514706147762176,15.30264440087824,15.496463865525328,1336800
2016-07-14,15.537507057189941,15.605914741011754,15.505583935321006,15.54662819767816,1055200
2016-07-15,15.624154090881348,15.792892567526675,15.585390551522098,15.765529148148628,1787200
2016-07-18,15.667475700378418,15.713081389533432,15.569425643294087,15.605910194618097,1364000
2016-07-19,15.646958351135254,15.678881471673492,15.567148810110062,15.667479611618582,1402400
2016-07-20,15.710803985595703,15.729046265107364,15.656078886740247,15.724484825389684,1578000
2016-07-21,15.745006561279297,15.790610516719369,15.646956491371698,15.669758469091734,1322400
2016-07-22,15.831656455993652,15.83849687606912,15.738166075816727,15.763248775879825,1372800
2016-07-25,15.729049682617188,15.890946034180072,15.692565115666726,15.774653651625359,1871600
2016-07-26,15.667475700378418,15.742723782724822,15.633271868431947,15.669756419755958,1966000
2016-07-27,15.772368431091309,15.870418502195097,15.669758660259637,15.70168177739302,2347600
2016-07-28,15.74272632598877,15.88410137568995,15.703962788704061,15.797451422136557,2083600
2016-07-29,15.795173645019531,15.9593507037284,15.749569679680297,15.808856226365114,1919200
2016-08-01,15.804292678833008,15.936546596235011,15.767809859361835,15.802013698645737,2318800
2016-08-02,15.799734115600586,15.925145882425804,15.658359048238694,15.922866902074556,3032800
2016-08-03,15.751845359802246,15.774647335176017,15.644674161898402,15.774647335176017,1888400
2016-08-04,15.788331985473633,15.877260928683834,15.738166583728466,15.77465114488118,1574400
2016-08-05,15.881820678710938,15.954788053572402,15.843057141370661,15.895501517847636,3904800
2016-08-08,15.870417594909668,15.918302267872255,15.843055918747796,15.911461848831786,4143600
2016-08-09,15.897781372070312,15.927423768479146,15.877258374803159,15.893219932820124,2539600
2016-08-10,15.635558128356934,15.763250623881204,15.532948335836327,15.733608220185863,3290000
2016-08-11,15.83621597290039,15.868139092669555,15.564869454862487,15.612754134516234,2524400
2016-08-12,15.938827514648438,15.943387214759309,15.72220435627165,15.747287056080326,1858800
2016-08-15,16.109844207763672,16.130365466806477,15.922865197873728,15.96162873585201,1535600
2016-08-16,16.182811737060547,16.194211856743564,16.030036563808128,16.041436683491145,3286400
2016-08-17,16.16684913635254,16.23069536943905,16.087041344994397,16.18509141428565,1500400
2016-08-18,16.235254287719727,16.358387048323088,16.17368877725769,16.19649075373699,2241200
2016-08-19,16.148611068725586,16.182814913848038,16.00951670765949,16.153170769557992,1645200
2016-08-22,16.09616470336914,16.164572392604494,16.023197313368673,16.052841457221234,941600
2016-08-23,16.16684913635254,16.196491533234312,16.12124344151976,16.12124344151976,1633200
2016-08-24,16.32190704345703,16.337868603708007,16.187372401616308,16.26946092281549,1644400
2016-08-25,16.312788009643555,16.312788009643555,16.14633022580809,16.292265006854063,1382800
2016-08-26,16.201053619384766,16.38119046720824,16.16913050156698,16.276299974424155,1927200
2016-08-29,16.175973892211914,16.235258699231345,16.07792380099699,16.123527766347287,2630000
2016-08-30,16.356109619140625,16.470121252025624,16.305944222322513,16.305944222322513,4039200
2016-08-31,16.337865829467773,16.531685239512406,16.337865829467773,16.45415817136627,4697200
2016-09-01,16.549930572509766,16.588694113740416,16.383472807696364,16.43135748916004,3747200
2016-09-02,16.61149787902832,16.862323173503626,16.55677277143075,16.69586713048775,3741200
2016-09-06,16.882844924926758,16.882844924926758,16.64798121006035,16.75515243676941,3782800
2016-09-07,16.841798782348633,16.878281600744113,16.759710266359452,16.759710266359452,2759600
2016-09-08,16.771114349365234,16.85320287623856,16.752872067909003,16.773393329787478,2064000
2016-09-09,16.51116371154785,16.732344793929556,16.51116371154785,16.670779284334497,2334000
2016-09-12,16.495201110839844,16.572729920665267,16.344706670100077,16.42907589909376,2695200
2016-09-13,16.14632797241211,16.35611071310807,16.08248173207491,16.35611071310807,3082000
2016-09-14,16.109844207763672,16.38575215286472,16.073359649892723,16.19193272329384,2989200
2016-09-15,16.228416442871094,16.276301122976804,16.045998862422614,16.045998862422614,2066800
2016-09-16,16.201053619384766,16.42223472435674,16.19193248005405,16.42223472435674,2797200
2016-09-19,16.32190704345703,16.326466743666057,16.203333961867283,16.276301342968825,2101200
2016-09-20,16.38347053527832,16.41995509114995,16.239816510812375,16.4062725128584,3124800
2016-09-21,16.698144912719727,16.704985332505895,16.43363708312458,16.46100050194875,3661600
2016-09-22,16.6137752532959,16.86004079740765,16.606934833683813,16.709544607223982,1721200
2016-09-23,16.540809631347656,16.679903977136,16.53852891134205,16.609215574399204,2337600
2016-09-26,16.561328887939453,16.693582797383897,16.44047683746345,16.46555953545048,2442800
2016-09-27,16.668502807617188,16.67534322823788,16.540810316885015,16.60921626277166,958000
2016-09-28,16.47696304321289,16.71866716835141,16.349268820770238,16.70042488804823,2571600
2016-09-29,16.24209976196289,16.467842332644796,16.198774780032554,16.38347308880142,2038800
2016-09-30,16.392589569091797,16.458716513357498,16.2443741243362,16.328743344195022,6511200
2016-10-03,16.50432586669922,16.527129588496855,16.394875656661334,16.413117938227558,1733200
2016-10-04,16.677623748779297,16.7642719750708,16.56133138057989,16.584135101948956,2714400
2016-10-05,16.57501220703125,16.746029661120538,16.533967948462642,16.673062283629623,925200
2016-10-06,16.445039749145508,16.60693607085028,16.43819758934425,16.49064370974306,1908800
2016-10-07,16.502046585083008,16.54081012794396,16.390313917288935,16.54081012794396,789200
2016-10-10,16.497488021850586,16.65710540095714,16.492928320586966,16.579576562035673,1102000
2016-10-11,16.413116455078125,16.5248473751353,16.34698949513584,16.38347231529184,948800
2016-10-12,16.417678833007812,16.463282800560894,16.30138645416365,16.340151740231605,1064400
2016-10-13,16.30821990966797,16.34014476093502,16.15316405066405,16.22157171245485,2601600
2016-10-14,16.44275665283203,16.458718210702298,16.262618077050824,16.32418358892776,1565200
2016-10-17,16.26262092590332,16.301384467567438,16.10072459923585,16.16229012189771,3770000
2016-10-18,16.60921287536621,16.643416711173607,16.442756875278565,16.53168580457018,2267200
2016-10-19,16.579570770263672,16.606934187326452,16.508884117450723,16.540807234184275,2404800
2016-10-20,16.584135055541992,16.622898598273427,16.431358125323346,16.44275998597597,1418400
2016-10-21,16.55449104309082,16.734629656796063,16.529408341202767,16.529408341202767,2287600
2016-10-24,16.51116371154785,16.620613892978906,16.486081015870056,16.595531197301106,4504800
2016-10-25,16.039155960083008,16.504323639161058,16.016353981042606,16.504323639161058,2483200
2016-10-26,15.859016418457031,15.998110728598686,15.83621270360428,15.998110728598686,3123600
2016-10-27,16.09616470336914,16.29226489018536,15.979874067220766,16.01407791183844,2509200
2016-10-28,16.09388542175293,16.30594716679965,16.007235451718497,16.242100919203608,1198400
2016-10-31,16.139488220214844,16.153169060944794,16.0323169953512,16.1030053983751,1212000
2016-11-01,15.945669174194336,16.32646766135724,15.904624911287696,16.148609768655028,2703600
2016-11-02,15.963908195495605,15.986710172525294,15.829373573565576,15.957067776354632,1620000
2016-11-03,15.820255279541016,16.00723430829308,15.669760812340403,15.941109084920459,4397200
2016-11-04,15.783774375915527,15.918307298707457,15.733608967525365,15.733608967525365,1360400
2016-11-07,15.897781372070312,16.05055653304402,15.797450584718337,15.961627604138169,1802400
2016-11-08,15.69711971282959,15.91374284438388,15.674317735739491,15.879539008909061,2531600
2016-11-09,15.998115539550781,16.10300604863517,15.900065451107592,15.97987325805444,3245200
2016-11-10,15.884106636047363,16.25806477298036,15.852181768069164,16.098447391809437,2998400
2016-11-11,15.779208183288574,15.833935015785418,15.653796439761807,15.833935015785418,1927200
2016-11-14,15.49417781829834,15.795168413004099,15.480496981164183,15.795168413004099,4079200
2016-11-15,15.389289855957031,15.519263049009478,15.339124458694775,15.47821879122031,4833200
2016-11-16,15.022172927856445,15.300361605355935,14.994811247892265,15.254757645629269,4501600
2016-11-17,14.787308692932129,15.051816520845005,14.746264434796666,15.051816520845005,4892800
2016-11-18,14.723462104797363,14.860275715427848,14.53420324776387,14.860275715427848,4215600
2016-11-21,14.25145435333252,14.648214355419041,14.210410095207743,14.588928688038665,6296000
2016-11-22,14.285659790039062,14.449835971066953,14.208131834889283,14.397390717559725,3780000
2016-11-23,14.33354377746582,14.381428458364486,14.185328294867327,14.219532135417687,3756000
2016-11-25,14.611732482910156,14.643655603554048,14.4019506089306,14.502280540931379,3671200
2016-11-28,14.331263542175293,14.470357889352336,14.319862551552875,14.454396328512987,6148400
2016-11-29,14.680137634277344,14.725743332513634,14.388268124283112,14.388268124283112,5024800
2016-11-30,14.71205997467041,15.033573606424252,14.702940575185238,14.887638859149709,7508400
2016-12-01,14.57752799987793,14.741705035770988,14.52508275115426,14.714341616562304,3510800
2016-12-02,14.379146575927734,14.5706861422903,14.335821601375455,14.557004434035948,2339200
2016-12-05,14.470355987548828,14.531922372626155,14.383707774334558,14.50912039437813,3454000
2016-12-06,14.823793411254883,14.828353111239416,14.470356643510689,14.570687439965456,3809200
2016-12-07,14.787308692932129,14.812391391774884,14.531922874409043,14.57980755228717,4806800
2016-12-08,14.716623306274414,14.965167856668057,14.709782885941326,14.851156211970869,5116800
2016-12-09,14.479479789733887,14.750828077924057,14.445275946231638,14.739426216863391,5167600
2016-12-12,14.433873176574707,14.497720285256143,14.285658569286582,14.42019233673136,1914000
2016-12-13,14.511401176452637,14.614010954999932,14.415631817851224,14.493159766650365,2475200
2016-12-14,14.212691307067871,14.42703287482034,14.196728877386944,14.365466485501702,4094000
2016-12-15,14.173927307128906,14.404230441377223,14.164806167001897,14.365466900597127,3025600
2016-12-16,13.866097450256348,14.187610274586758,13.827333036201257,14.187610274586758,8818000
2016-12-19,13.683677673339844,13.879777847978636,13.631232419398746,13.847854725565782,4635200
2016-12-20,13.777167320251465,13.83645386515426,13.476176634892237,13.738403776910285,5522800
2016-12-21,13.815929412841797,13.845572680314167,13.756643747736765,13.779445725891076,2527600
2016-12-22,13.877496719360352,13.877496719360352,13.749803371632032,13.749803371632032,2278800
2016-12-23,13.902579307556152,13.977826535732152,13.827331209540391,13.920820717177094,2143200
2016-12-27,13.916261672973633,13.923102963441298,13.827332725452683,13.895739541250347,2918800
2016-12-28,13.822769165039062,13.909418243554013,13.80908832674279,13.904857674175368,2375600
2016-12-29,13.870656967163086,13.975547470432346,13.850134836537379,13.943624349423423,2661600
2016-12-30,13.83645248413086,14.000629521518338,13.83645248413086,13.916260282949901,3214400
2017-01-03,13.494418144226074,13.879777184685294,13.453373883131032,13.831892503354347,6093200
2017-01-04,13.496698379516602,13.654035008150816,13.47845696842036,13.555984922719006,4543200
2017-01-05,13.886618614196777,13.907140744950363,13.503539420023086,13.544583681530254,6204800
2017-01-06,13.83645248413086,13.929941992678781,13.804529364603244,13.868375603658476,3582800
2017-01-09,13.847853660583496,13.92994218038337,13.763485290717973,13.772606430660133,3854800
2017-01-10,14.112360000610352,14.199009086516718,14.034832054239336,14.091837871575677,3154000
2017-01-11,14.588927268981934,14.639091791935165,14.249173117356438,14.294777070979437,6647200
2017-01-12,14.620853424072266,14.725743924714683,14.518241903673685,14.604891863967541,5061600
2017-01-13,14.620853424072266,14.682418944567754,14.449835093247751,14.616291984225445,4498400
2017-01-17,14.796429634094238,14.87167772961359,14.648214162832339,14.652775602385946,4720400
2017-01-18,14.664175033569336,14.876236731191778,14.616290358580962,14.821511636873549,2288000
2017-01-19,14.60489273071289,14.702942817083555,14.461236941565362,14.702942817083555,3787600
2017-01-20,14.641374588012695,14.734864967782098,14.52736294810634,14.627693747921393,2272000
2017-01-23,14.671014785766602,14.753103293350838,14.636812690672587,14.652774248276227,2917600
2017-01-24,15.19547176361084,15.247917885276967,14.869398392388257,15.008492737155349,6952000
2017-01-25,15.824816703796387,15.843058984553922,15.316324000677849,15.316324000677849,5928400
2017-01-26,15.902342796325684,15.913744656008392,15.740446478972522,15.758688758593042,4447200
2017-01-27,15.868138313293457,15.879540172513671,15.72676500116783,15.806572796670922,2476400
2017-01-30,15.5853910446167,15.729046826297052,15.523825523667684,15.633275725283621,1828800
2017-01-31,15.717644691467285,15.811133331226353,15.542067532091709,15.576269632198954,2548400
2017-02-01,16.002674102783203,16.08248190405815,15.749568118968659,15.93198744160819,4848800
2017-02-02,15.995831489562988,16.030035325328424,15.906902560380464,16.00951232799742,3233600
2017-02-03,16.26262092590332,16.274022786242007,16.068801477903087,16.157730421570015,2478800
2017-02-06,16.299104690551758,16.326466370539766,16.087042972246945,16.182812331564072,2575200
2017-02-07,16.28998374938965,16.337868429632373,16.16685096890282,16.17597210890328,1974800
2017-02-08,16.312788009643555,16.34927083506514,16.100726259111152,16.175974369872932,1985200
2017-02-09,16.20789909362793,16.31278961912362,16.12809127419425,16.31278961912362,2181200
2017-02-10,16.255779266357422,16.260338966337518,16.114404211461363,16.18965230872924,1152400
2017-02-13,16.255779266357422,16.39031216176408,16.19877344836894,16.292262085236707,3143600
2017-02-14,16.280860900878906,16.30366287864743,16.207893528211994,16.27402048151629,5244800
2017-02-15,16.32190704345703,16.403995564656213,16.26262050266216,16.2922629032198,5393600
2017-02-16,16.098438262939453,16.17140562048374,15.708518782967273,15.890938046667499,8968800
2017-02-17,16.052839279174805,16.463280139858966,16.014075739051442,16.41767617967614,5956000
2017-02-21,16.559049606323242,16.718665190898015,16.221574419348787,16.221574419348787,5004000
2017-02-22,16.467838287353516,16.53396523417389,16.38346906423527,16.42907475497995,1851600
2017-02-23,16.445039749145508,16.445039749145508,16.26718012758405,16.39487434868045,1323600
2017-02-24,16.30821990966797,16.34242374056337,16.205610156660878,16.262615961593507,1524000
2017-02-27,16.301382064819336,16.37434943706483,16.226135712585723,16.310503203809944,1468400
2017-02-28,16.34699058532715,16.353831005832618,16.198775095549824,16.21929635706623,2164400
2017-03-01,16.629737854003906,16.675341814060825,16.328747194461375,16.424516554388642,3980000
2017-03-02,16.353830337524414,16.572732483152272,16.305945656263283,16.572732483152272,2868400
2017-03-03,16.328744888305664,16.426794954291754,16.230694822319574,16.426794954291754,1260000
2017-03-06,16.24665641784668,16.340146784560364,16.178248747584018,16.340146784560364,1048000
2017-03-07,16.201053619384766,16.278580694176696,16.130365224491566,16.221574878119295,2323600
2017-03-08,16.173694610595703,16.312788978869424,16.16229274840412,16.312788978869424,2012800
2017-03-09,16.287704467773438,16.30366602926385,16.155450535607326,16.244379483865295,2194800
2017-03-10,16.269460678100586,16.33102793791371,16.19421257818657,16.2580605579097,1520800
2017-03-13,16.58869171142578,16.650257224483493,16.449597387454595,16.632016686338584,3387200
2017-03-14,16.481523513793945,16.586414020920397,16.4496003916111,16.46784267276692,2404800
2017-03-15,16.568172454833984,16.636578395418425,16.497484054646613,16.577291855168248,4335600
2017-03-16,16.78707504272461,16.87372326564189,16.586413436440935,16.66850195906978,3698800
2017-03-17,16.634296417236328,16.78479260656144,16.618334858339374,16.75742918858975,1904800
2017-03-20,16.921607971191406,16.96493295255121,16.647980721827526,16.677623122943398,3293600
2017-03-21,16.479238510131836,17.099461990772014,16.42223270109769,17.037896482473997,4427200
2017-03-22,16.57273292541504,16.670783010522396,16.515727102438195,16.538529083693003,4070000
2017-03-23,16.64569854736328,16.780231440302675,16.545367752846126,16.545367752846126,4549200
2017-03-24,16.61149787902832,16.643421003433552,16.429080273809827,16.638861302667006,2798800
2017-03-27,16.992292404174805,17.088063494598,16.42451497941724,16.454159116323225,5413600
2017-03-28,16.880565643310547,16.926171349881265,16.757432845089344,16.876005942493386,1556800
2017-03-29,16.830394744873047,16.94896780359169,16.71638312516318,16.882840855398456,1790400
2017-03-30,16.955810546875,17.07666260198622,16.882843169844854,16.955810546875,4115600
2017-03-31,17.151914596557617,17.18155700219744,16.812160333147762,16.880566286088868,4253600
2017-04-03,17.288726806640625,17.37081533509807,17.10858818806344,17.14507275167997,5431200
2017-04-04,17.332050323486328,17.37993500441875,17.247681082026574,17.288725342780022,2807600
2017-04-05,17.263643264770508,17.318368367854994,17.24084128345861,17.295566386543097,2627600
2017-04-06,17.332050323486328,17.35485230397611,17.21575796140496,17.21575796140496,2179200
2017-04-07,17.44833755493164,17.48254138885885,17.27732012497486,17.306964259562097,1960800
2017-04-10,17.455183029174805,17.482544709770675,17.313807967270975,17.441500449197278,3037200
2017-04-11,17.52587127685547,17.539552118391892,17.425540466442367,17.462025030112493,2341600
2017-04-12,17.59199333190918,17.635316564571543,17.459739435051034,17.53726824136346,2290400
2017-04-13,17.605676651000977,17.65584204927131,17.557791972564612,17.59199581135616,2400800
2017-04-17,17.76301383972168,17.783535099852134,17.63075991994909,17.778975399716334,1659200
2017-04-18,17.79949378967285,17.820016786173532,17.639878215464382,17.708285884227603,2846000
2017-04-19,17.79949378967285,17.877022596916454,17.71968600256862,17.877022596916454,2976400
2017-04-20,17.662683486938477,17.94315289357632,17.653562346756477,17.94315289357632,3636000
2017-04-21,17.62619972229004,18.034359850586668,17.617078582596328,17.95683277270939,3281600
2017-04-24,18.2304630279541,18.282909154970188,18.12785323382325,18.216782185984602,4635200
2017-04-25,18.34675407409668,18.394638757199402,18.23274242680077,18.269226988981703,4206400
2017-04-26,18.458484649658203,18.627223137010652,18.401478827096344,18.520051912245613,6510000
2017-04-27,18.253265380859375,18.526892637791818,18.24186352028733,18.472167534341263,3864800
2017-04-28,18.152929306030273,18.317106308410295,18.14380816815592,18.225896669345932,3721200
2017-05-01,18.29886817932129,18.321670159334687,18.082246759674668,18.292027759285226,3140400
2017-05-02,18.558813095092773,18.59985735170745,18.298866716426307,18.30798785563839,4310400
2017-05-03,18.56109619140625,18.588457872866517,18.41288070467111,18.479007667666163,2458800
2017-05-04,18.606700897216797,18.652306600939216,18.428843001898652,18.51321224902534,3462800
2017-05-05,18.809640884399414,18.823323464912075,18.49268864745064,18.590738732673042,2818000
2017-05-08,18.81648063659668,18.82560177672132,18.645463173538733,18.764036255479482,3371600
2017-05-09,18.93049430847168,18.939615449574344,18.659147754306527,18.76631898766309,3810000
2017-05-10,19.06958770751953,19.12887425186755,18.882608673510887,18.882608673510887,2068800
2017-05-11,19.10150718688965,19.110628325794348,18.994337719037983,19.039941673882122,3210400
2017-05-12,19.245166778564453,19.27252846104237,19.044505162101274,19.101510986836548,1774400
2017-05-15,19.45266342163086,19.45950384096531,19.245163163208474,19.254284302214206,1555600
2017-05-16,19.532472610473633,19.632801658418455,19.441262961695234,19.532472610473633,2910400
2017-05-17,19.25200080871582,19.591754924250477,19.220077696634934,19.46178175658426,2495600
2017-05-18,19.336374282836914,19.372857101952555,18.84384317717937,19.194999227024947,2865600
2017-05-19,19.31585121154785,19.356895470199554,19.133433637291013,19.33409349087739,2924400
2017-05-22,19.35005760192871,19.370578864120805,19.19272096640371,19.267969073800863,2733200
2017-05-23,19.126588821411133,19.34549092392511,19.039940616149124,19.34549092392511,2829200
2017-05-24,19.27252960205078,19.27937176275505,19.12203512047325,19.151677524805844,1916800
2017-05-25,19.7673397064209,19.8813513522262,19.402501048100206,19.500551133079952,4011600
2017-05-26,19.733135223388672,19.838025725358904,19.676129402338788,19.838025725358904,2333200
2017-05-30,19.803821563720703,19.83118498366567,19.698931063451028,19.73313490346234,1316400
2017-05-31,20.020442962646484,20.031843081860917,19.888189054067283,19.924671871104646,2761200
2017-06-01,20.01816177368164,20.095688845368343,19.90186942647221,20.02044249334283,2261600
2017-06-02,19.977121353149414,20.14357738710366,19.92467522895031,20.020446336632165,1668000
2017-06-05,19.89731216430664,20.034125786188714,19.851706463892892,20.034125786188714,2493600
2017-06-06,20.123056411743164,20.1390179733041,19.842586984681315,19.92923695288045,1542000
2017-06-07,20.19602394104004,20.284952890317104,20.068331447653428,20.139018115109625,2874400
2017-06-08,20.109371185302734,20.328273298839218,20.04552495298118,20.175498137258444,1906400
2017-06-09,20.24162483215332,20.34651706685522,20.132174637207964,20.17777859515528,2937200
2017-06-12,19.979400634765625,20.24390673777705,19.75593705250324,20.209702897473267,2429200
2017-06-13,20.314594268798828,20.389842372754416,20.082011276193874,20.082011276193874,4706800
2017-06-14,20.36475944519043,20.485611510375453,20.21654569863801,20.275830501387123,5498800
2017-06-15,20.227943420410156,20.325993492934362,20.111651069351346,20.271268397009983,1825600
2017-06-16,20.205142974853516,20.353358454751863,20.141296734818425,20.22566423500212,6796800
2017-06-19,20.312314987182617,20.403524650653612,20.23250718402536,20.385282370023486,2772000
2017-06-20,20.300912857055664,20.357918678507435,20.214264634733635,20.29407243683019,1694800
2017-06-21,20.100255966186523,20.42176794211718,19.98624430641199,20.42176794211718,6237600
2017-06-22,19.997642517089844,20.26671007802589,19.986242396010002,20.26671007802589,4562000
2017-06-23,19.92011260986328,20.052366521353836,19.842583794973162,19.98623956560856,4689200
2017-06-26,20.068326950073242,20.08428850816937,19.872226813646897,20.052365391977112,2696000
2017-06-27,19.93140411376953,20.124065864869713,19.860301253347608,20.06672580801185,3486800
2017-06-28,20.218103408813477,20.24333317258685,19.93828366505757,19.965807520959316,3061200
2017-06-29,19.74332618713379,20.268561248499463,19.70204128165895,20.26626715656213,2717600
2017-06-30,19.94745635986328,20.007090500292545,19.624057646256286,19.8855281275269,3998800
2017-07-03,20.165346145629883,20.22498028103575,19.97956496402918,20.080484000888458,2252000
2017-07-05,20.19287109375,20.25479757435529,19.977271957792027,20.075896908296276,2472800
2017-07-06,20.011674880981445,20.241035051537107,19.991033305573467,20.15158472501074,2420400
2017-07-07,20.1814022064209,20.238742252722712,20.034611827878596,20.153880104118805,1750400
2017-07-10,20.26397132873535,20.360302183298096,20.21580590145398,20.23644922736273,1699200
2017-07-11,20.27773666381836,20.358012385987653,20.09654189099081,20.29837824242782,2632000
2017-07-12,20.60801124572754,20.672231814347825,20.34654078784251,20.383239255556536,1822000
2017-07-13,20.68140983581543,20.711227783211466,20.543794058992273,20.59654767754558,1342400
2017-07-14,20.835073471069336,20.899295777681456,20.612595613780485,20.651586416100074,2454800
2017-07-17,20.780033111572266,20.871777538641073,20.738748206885273,20.837373159755348,1374800
2017-07-18,20.821319580078125,20.88783425095172,20.690584330396796,20.70893356716459,1344400
2017-07-19,20.99563217163086,21.002512697405557,20.79379583276236,20.924531072119795,2123200
2017-07-20,21.103431701660156,21.137836080347633,20.954347227267355,21.04838399580844,2369600
2017-07-21,21.009395599365234,21.087378983350394,20.885540871774396,21.036919455456395,1160000
2017-07-24,21.573619842529297,21.59655726242275,21.105724824750002,21.206643872666945,2867600
2017-07-25,21.757110595703125,21.757110595703125,21.392426936191796,21.5483919556903,2700000
2017-07-26,22.09197425842285,22.09197425842285,21.761695012488403,21.766283196392738,2750400
2017-07-27,22.085092544555664,22.293809404111173,21.961237833992016,22.179129310983274,2246400
2017-07-28,22.21123695373535,22.243348985878548,22.018575260151017,22.130961248075213,1340800
2017-07-31,22.197479248046875,22.22729719312617,22.124084056118424,22.197479248046875,1616800
2017-08-01,22.706653594970703,22.883260130762615,22.28921821503812,22.32591492707272,4248000
2017-08-02,22.750242233276367,22.784644868567643,22.50253275990086,22.610332350159442,2434400
2017-08-03,22.546106338500977,22.71353828955678,22.530051195935634,22.665372861860753,1912000
2017-08-04,22.341976165771484,22.649317969671024,22.28692846218525,22.562161730478465,4026800
2017-08-07,22.33279800415039,22.3809634247347,22.26628335194948,22.378669333312864,2376800
2017-08-08,22.08279800415039,22.34656256296247,22.0346325760006,22.33280151202805,2881600
2017-08-09,22.270875930786133,22.305280312091742,21.853440420647566,22.018580051010872,2470400
2017-08-10,21.669952392578125,22.165369512963455,21.656189590706692,22.105735371199113,2793600
2017-08-11,21.468114852905273,21.702063242099957,21.293800607018184,21.663070677314515,5199200
2017-08-14,21.841968536376953,21.97958428069765,21.642424569690505,21.699764608980722,2084000
2017-08-15,21.93600845336914,21.965824648142142,21.867199696349136,21.901604074859137,2260400
2017-08-16,22.05756950378418,22.135552879917554,21.986468403390347,22.0185786906572,2441200
2017-08-17,21.614898681640625,22.000223779312982,21.587376585300504,22.000223779312982,1724400
2017-08-18,21.63554573059082,21.727290150578842,21.61261006306363,21.647012689414783,1692400
2017-08-21,21.880962371826172,21.956651654136955,21.580499334438347,21.651602182917888,3224800
2017-08-22,22.00023078918457,22.082800604271846,21.837385251062308,21.919955066149587,1925200
2017-08-23,21.952064514160156,22.11261770395725,21.91995422617663,22.018579182091592,1211600
2017-08-24,22.034635543823242,22.133260505188694,21.988764201277263,22.030049109520462,1176000
2017-08-25,21.995641708374023,22.114908232549826,21.9864670911483,22.114908232549826,1556800
2017-08-28,21.997936248779297,22.121789209154183,21.958943687304917,22.075917871969363,1270000
2017-08-29,21.919952392578125,21.977292437735006,21.741051731669337,21.741051731669337,2033600
2017-08-30,22.055278778076172,22.11032473887063,21.919955343352004,22.00252515948347,2288800
2017-08-31,22.34656524658203,22.424546877747726,21.903899972945133,21.903899972945133,3344400
2017-09-01,22.344268798828125,22.472711692323653,22.234176889979775,22.36491212541178,1474800
2017-09-05,21.58279037475586,22.211236713543848,21.447468722374868,22.147016149710215,3087200
2017-09-06,21.954357147216797,22.082798290615756,21.718116437088288,21.823621912005905,1527600
2017-09-07,22.19976806640625,22.284631947802666,22.043803101872747,22.066738765799645,1692800
2017-09-08,22.34656524658203,22.468125877445924,22.174545089726443,22.176839181784118,1345200
2017-09-11,22.695188522338867,22.70895132269979,22.442892680859238,22.56216095129785,1250400
2017-09-12,22.773170471191406,22.9451905910011,22.642435250131204,22.768582288064156,2424400
2017-09-13,22.800697326660156,22.995653138174173,22.7708793820389,22.793815051061834,1715600
2017-09-14,22.628681182861328,22.770883405859568,22.520881594537055,22.708956913566738,1318400
2017-09-15,22.777759552001953,22.780053643832233,22.656198933187557,22.692897402954582,1508400
2017-09-18,22.913082122802734,22.936017790617495,22.7410619893731,22.867209037293925,1878400
2017-09-19,22.926843643188477,22.981889597047413,22.747942980737438,22.908494408609055,3380800
2017-09-20,22.525463104248047,22.938312128867526,22.413077105832475,22.92225698623673,2338800
2017-09-21,22.440601348876953,22.575924778145875,22.397024100366178,22.509410109505826,1840400
2017-09-22,22.300691604614258,22.42454456488212,22.24793799200589,22.321333181365787,1471600
2017-09-25,21.58049964904785,22.048394651227444,21.431416923987573,22.048394651227444,4152800
2017-09-26,21.69059181213379,21.761692906856357,21.479580869817,21.578205815664084,1882400
2017-09-27,21.445178985595703,21.532335232799802,21.11948791722939,21.525454706688883,2991600
2017-09-28,21.864910125732422,21.883259363247436,21.447474596603662,21.46811617639835,2862000
2017-09-29,22.103445053100586,22.110325579726616,21.83968044986519,21.954360559978007,2326400
2017-10-02,21.699766159057617,22.05298103630202,21.647012549195455,22.05068694460038,2655600
2017-10-03,21.658483505249023,21.791512839679978,21.566739076335285,21.720409988585125,2242400
2017-10-04,21.518569946289062,21.7410495794545,21.468110431565464,21.713525730547317,1188000
2017-10-05,21.43141746520996,21.60802404775703,21.422242847302662,21.573619668074514,2756000
2017-10-06,21.4222412109375,21.509397449580153,21.3029729371325,21.44976331267765,2032800
2017-10-09,21.33049774169922,21.458938888569552,21.206643028697375,21.458938888569552,2238800
2017-10-10,21.468114852905273,21.559859284944768,21.362609368517678,21.422243511825275,3410000
2017-10-11,21.4222412109375,21.601141871765698,21.39930554286094,21.442882787242613,1609600
2017-10-12,21.72499656677246,21.84197074873892,21.64701319550172,21.692886281507835,1631200
2017-10-13,22.628681182861328,22.672258436741583,21.963536164382802,21.963536164382802,4153600
2017-10-16,22.140140533447266,22.773175195640412,22.023166337743426,22.62867889498003,3393600
2017-10-17,21.69747543334961,22.172250996245378,21.67224567035538,22.078214220441048,3586400
2017-10-18,21.851144790649414,22.108028836454302,21.759402113464255,22.04610235436638,3880000
2017-10-19,21.917659759521484,21.94059717901427,21.507104798888463,21.715823417092718,2133600
2017-10-20,22.018577575683594,22.096559197988732,21.84197100465887,21.977292672734016,2239200
2017-10-23,21.71123504638672,22.133256929240552,21.71123504638672,22.08738559410575,2504000
2017-10-24,21.72499656677246,21.892428518526685,21.67453704710539,21.892428518526685,3922400
2017-10-25,20.511680603027344,21.440590015477994,20.429110799703764,21.211229839552328,7423600
2017-10-26,20.68599510192871,21.29838635982721,20.45892726482804,21.220402989037677,4407200
2017-10-27,21.085084915161133,21.10114006042932,20.727283534967498,20.727283534967498,5734400
2017-10-30,20.798385620117188,21.291510462073298,20.793799185487686,21.163067544011444,3692400
2017-10-31,21.169940948486328,21.328198250134076,20.99792084895869,21.025442944960588,3147600
2017-11-01,21.399311065673828,21.660781598962362,21.25022655988095,21.332796386169935,2534000
2017-11-02,21.780046463012695,21.83050599181462,21.28462929361484,21.385546601339065,2481200
2017-11-03,21.60802459716797,21.81674322263724,21.49105040322498,21.784632934084964,1132800
2017-11-06,21.897016525268555,21.993347380284654,21.596555251341513,21.596555251341513,1496800
2017-11-07,21.704349517822266,21.78462696709377,21.52774297915876,21.78462696709377,2150400
2017-11-08,21.92453956604004,22.04610193577311,21.738758373424332,21.862613085127926,2187200
2017-11-09,21.71352767944336,22.013990703207618,21.624077349815327,21.777748249445096,1476000
2017-11-10,21.564443588256836,21.85802609174939,21.518572251709514,21.72040858234878,1572800
2017-11-13,21.47040557861328,21.500221770652498,21.197466417306334,21.39930448612326,1385600
2017-11-14,21.32132339477539,21.417654256151142,21.195176338177447,21.37178291736633,1688400
2017-11-15,21.541507720947266,21.60572829147187,21.222697210214907,21.28003725530892,1954400
2017-11-16,21.68141746520996,21.77774832052699,21.422241092605784,21.77774832052699,1531200
2017-11-17,22.247936248779297,22.32362552402966,21.782335388708198,21.793802347156333,1776000
2017-11-20,22.13784408569336,22.160781503889027,21.89013641804579,22.147018702995762,2210400
2017-11-21,22.174543380737305,22.4061976640822,22.14243309392269,22.2823429507061,1316000
2017-11-22,22.458946228027344,22.52087445055524,22.270870968658144,22.270870968658144,1803600
2017-11-24,22.575925827026367,22.610330208939235,22.323629942797925,22.543815537208904,743200
2017-11-27,22.426836013793945,22.55757123411839,22.293806701918786,22.51399399392967,1542000
2017-11-28,22.488765716552734,22.56445324391608,22.325918453438323,22.47729700792352,1634800
2017-11-29,22.44289207458496,22.663077625739756,22.300689890437877,22.530050058292357,1243600
2017-11-30,22.270875930786133,22.477300468740264,22.07133366899674,22.415373982293787,1890000
2017-12-01,22.020872116088867,22.227296635042038,21.798392453988193,22.227296635042038,2551600
2017-12-04,21.60802459716797,22.11032400361774,21.575914308615694,22.091974767336588,3341600
2017-12-05,21.603437423706055,21.784632188552592,21.516279429293117,21.780044004699583,1388400
2017-12-06,21.69517707824707,21.738756069379313,21.259394166441364,21.559855421395213,1983600
2017-12-07,21.789216995239258,21.890136033915425,21.61261042743526,21.628665569962898,1585200
2017-12-08,21.926836013793945,22.128674121165787,21.821330525794824,22.10803079205751,1062400
2017-12-11,22.24335289001465,22.26628855996046,21.74334758572634,21.858027685334857,2835600
2017-12-12,22.341976165771484,22.348856691249935,21.64242691080713,21.86719890920664,5791200
2017-12-13,22.050687789916992,22.309864166001578,21.86490660218517,22.309864166001578,2380800
2017-12-14,22.364912033081055,22.566748365056,22.16995622664581,22.16995622664581,2455200
2017-12-15,22.6195011138916,22.63784859800399,22.424543565018965,22.54610592780424,2345200
2017-12-18,22.5965633392334,22.812162460528793,22.520875812503075,22.59427099743013,1388400
2017-12-19,22.848861694335938,23.04611158854598,22.633262565808845,22.69289670239961,2182000
2017-12-20,22.961246490478516,23.048402724103916,22.725005798118733,22.91766749872621,2098400
2017-12-21,22.968130111694336,23.01400145139042,22.79610996301485,22.94519444184629,2433600
2017-12-22,23.126386642456055,23.225011586751222,22.952072421168943,23.05069736546411,1334800
2017-12-26,23.057579040527344,23.108038561038345,22.890147085972846,22.984183851569345,952400
2017-12-27,23.0002384185791,23.002532510330163,22.78922747434316,22.874091370339464,2407200
2017-12-28,23.172258377075195,23.18372708586441,22.975008485079822,23.16079141816526,1139600
2017-12-29,23.319046020507812,23.390148856895024,23.190604896524313,23.225009268985342,1587600
2018-01-02,23.470428466796875,23.571345759636685,23.284645524529363,23.550704182651053,1626800
2018-01-03,23.24336051940918,23.39244499099131,23.101158323338304,23.39244499099131,2052000
2018-01-04,23.192901611328125,23.463546688819523,23.176846469014198,23.34886660089739,1644400
2018-01-05,23.078222274780273,23.353453794802586,23.0071194280357,23.280058606138013,3795600
2018-01-08,23.04381561279297,23.229596782896117,23.00023662232269,23.158495693079683,1742800
2018-01-09,23.387855529785156,23.41996581183045,23.10344942457864,23.119504565601286,3278400
2018-01-10,23.169965744018555,23.48418983590478,23.119507971855544,23.30299507487953,1666000
2018-01-11,23.245656967163086,23.28694187501801,23.128682769927543,23.243362875093496,1720000
2018-01-12,23.493362426757812,23.530059144245016,23.153908603135182,23.220423262827428,1737600
2018-01-16,23.79153060913086,23.98877874050971,23.62639101087956,23.738777001403122,3498400
2018-01-17,24.085111618041992,24.114927809784838,23.720428042704935,23.84887092609696,3823200
2018-01-18,24.062175750732422,24.44520680632161,24.036945992591416,24.169973558386772,2718800
2018-01-19,24.614933013916016,24.65163148052059,24.082817497304084,24.128688830680602,2366400
2018-01-22,24.321352005004883,24.864936223741054,24.26630605560096,24.699796625650105,5180800
2018-01-23,24.64475440979004,24.64704850190706,24.119521057163738,24.282366599880994,2466000
2018-01-24,24.399333953857422,24.8786976131852,24.346582095340093,24.83282452982317,2209600
2018-01-25,24.38327980041504,24.596584834526006,24.319059230984518,24.500253980380222,3308000
2018-01-26,25.000261306762695,25.055307263710432,24.403925148503873,24.472732157218687,2223600
2018-01-29,24.878698348999023,25.156223949500394,24.718145177302198,25.046130296054592,2821200
2018-01-30,24.5667667388916,24.965852925072284,24.557592122557903,24.796126897596682,1689200
2018-01-31,24.906221389770508,25.406226657857342,24.814478716629623,24.814478716629623,3938400
2018-02-01,25.266321182250977,25.266321182250977,24.741086099499576,24.796132059080826,2772000
2018-02-02,23.66996955871582,24.403923174803623,23.63785927393665,24.403923174803623,4349600
2018-02-05,23.00253677368164,23.62410276259544,22.965838298380053,23.62410276259544,4507600
2018-02-06,23.10803985595703,23.21813352050308,22.729595180796736,22.936019708145935,6452000
2018-02-07,23.165380477905273,23.32822601187333,22.71812878249157,23.01629599614088,3132800
2018-02-08,22.3695011138916,23.325932774433664,22.3626205875377,23.21354676093436,3148000
2018-02-09,22.76629066467285,22.858035081441788,22.080502505481434,22.578215397742174,2763200
2018-02-12,23.26629638671875,23.4497834742262,22.825923526966537,22.936017179374403,2196800
2018-02-13,23.24794578552246,23.35115715680689,23.039227201525286,23.20436679548368,1479200
2018-02-14,23.445199966430664,23.52318159462972,22.99336009163185,23.21125158207458,2174000
2018-02-15,23.225013732910156,23.495658831807898,23.082809782682727,23.495658831807898,2271600
2018-02-16,23.110334396362305,23.21813397106321,22.936020153231496,23.080516450240246,1746400
2018-02-20,22.823633193969727,22.96354305106833,22.647024866212096,22.917669962744544,1954800
2018-02-21,22.378671646118164,22.786932467446107,22.362616504264118,22.780051942348546,2612400
2018-02-22,22.408489227294922,22.507114176192,22.208946987578955,22.44059951299357,2427200
2018-02-23,22.784635543823242,22.81903991491405,22.46123865527926,22.647019809339014,2406000
2018-02-26,22.954368591308594,23.199783928421045,22.9153777783747,22.995653496144307,2605600
2018-02-27,22.605737686157227,22.89014555549789,22.60344534438133,22.88326328053255,1606000
2018-02-28,22.289222717285156,22.690603038675953,22.286928625482425,22.621794283628656,1704000
2018-03-01,22.40390396118164,22.49794073137729,22.11949780879457,22.30069257318261,2416000
2018-03-02,22.573625564575195,22.62179098613568,22.16995296010283,22.18141991768633,1860400
2018-03-05,22.289222717285156,22.461242855024068,22.119496671348976,22.461242855024068,2887200
2018-03-06,22.328216552734375,22.39702531710133,22.14472943088843,22.273170591168547,2127600
2018-03-07,21.903900146484375,22.225004791801414,21.867201672788923,22.225004791801414,3914000
2018-03-08,21.919952392578125,22.050687625540647,21.800685868598702,21.97041191229687,3834400
2018-03-09,22.10802459716797,22.14701540248299,21.9474731930008,22.0896753652977,3236000
2018-03-12,22.351146697998047,22.47270905164114,22.12408063153557,22.19976990364944,1577200
2018-03-13,22.42454719543457,22.676844828967337,22.383262287209167,22.383262287209167,2889200
2018-03-14,22.594270706176758,22.679132848663947,22.325917978918373,22.50711272215742,2552000
2018-03-15,22.901615142822266,22.961249283545914,22.647025186136812,22.702072892902986,2370400
2018-03-16,22.468124389648438,22.796109536996376,22.387848671740777,22.796109536996376,3338000
2018-03-19,22.39702033996582,22.440597581160095,22.211237417412118,22.36261596542779,2290800
2018-03-20,22.25252342224121,22.37408578496457,22.147017951661823,22.37408578496457,1944000
2018-03-21,22.38326072692871,22.55986905809073,22.346564005441696,22.346564005441696,1813600
2018-03-22,22.220415115356445,22.766293500698815,22.208948155506377,22.369499592442708,3684000
2018-03-23,22.020872116088867,22.472711965942096,22.018578024245123,22.328213927735195,2310800
2018-03-26,22.426836013793945,22.706655687090265,22.364909540957793,22.559865325669104,3665200
2018-03-27,22.247936248779297,22.587390066645668,22.204357256990445,22.465827707965143,4189600
2018-03-28,22.21123695373535,22.472709144838454,22.153896913995375,22.247935419110924,3565600
2018-03-29,22.653907775878906,22.80528635845799,22.31904207033438,22.33280487321948,2532800
2018-04-02,22.647024154663086,23.126387850778944,22.628676669789428,22.968128763323183,3685200
2018-04-03,22.612621307373047,22.814459403557564,22.527759153185883,22.743358301426813,3573200
2018-04-04,22.725006103515625,22.814456429982517,22.213532153569727,22.305276571706834,6373200
2018-04-05,23.078222274780273,23.176847223599477,22.890146994459847,22.93601833117046,5226000
2018-04-06,22.640140533447266,23.195191684736614,22.626379484203774,23.06445646728616,2713200
2018-04-09,22.642438888549805,23.00024023528782,22.603448075098495,22.853449849452765,5250800
2018-04-10,22.468124389648438,22.800697720807904,22.383260487929245,22.745650014346015,4264400
2018-04-11,22.523168563842773,22.598857841828586,22.32133223909321,22.422251276407625,2480400
2018-04-12,22.486473083496094,22.77317331903147,22.47041794030129,22.614914229054545,2709600
2018-04-13,22.300691604614258,22.672253985176525,22.261699043173575,22.637849607377966,3571200
2018-04-16,22.3695011138916,22.461245548329202,22.32362977161257,22.40849192981673,3900000
2018-04-17,22.665374755859375,22.697485043673304,22.33968369381553,22.504823316789718,3259200
2018-04-18,22.541519165039062,22.702072347765974,22.436013687756486,22.66078744362241,2440800
2018-04-19,22.546106338500977,22.594271766197,22.456656008511317,22.566747914708145,3832000
2018-04-20,22.594270706176758,22.73876698248572,22.220412511313206,22.69977617378192,3094000
2018-04-23,22.234174728393555,22.628674488152473,22.144724404945798,22.509406223636013,2054800
2018-04-24,21.972707748413086,22.374088096375583,21.757108601546093,22.374088096375583,3545200
2018-04-25,21.56673812866211,21.871787597697228,21.43829698375442,21.871787597697228,2707600
2018-04-26,21.763986587524414,21.860317439821877,21.61949030907822,21.741050920293482,1800000
2018-04-27,21.814449310302734,21.956653267833676,21.76628387707762,21.819035744471055,2915600
2018-04-30,21.97499656677246,22.18830158748115,21.83508672792702,22.018575557524727,1888000
2018-05-01,22.01169776916504,22.052982673463152,21.819034299147372,21.89931176575104,1699200
2018-05-02,22.2387638092041,22.39472880837676,22.11261675464994,22.19059837929658,2190400
2018-05-03,22.293807983398438,22.486471437512744,22.218120456665655,22.35114802630829,2012400
2018-05-04,22.142431259155273,22.293808063040856,22.11720150019447,22.23876211161694,2932400
2018-05-07,22.167661666870117,22.21123891099472,22.110321622077322,22.110321622077322,3264000
2018-05-08,21.718120574951172,22.135556120409372,21.68830262535294,22.12638150129297,6177600
2018-05-09,21.84426498413086,21.94977046627137,21.73646541002136,21.88784398214435,3739200
2018-05-10,22.13555335998535,22.257113985829008,21.94518397428932,21.981880696298987,7309200
2018-05-11,22.828216552734375,22.903905825863173,22.364909797291027,22.364909797291027,4560800
2018-05-14,22.924551010131836,23.101159341907884,22.782348807791024,22.8259260553409,5939600
2018-05-15,22.819046020507812,22.864919110862623,22.550695003980195,22.773174680032476,4036000
2018-05-16,22.61032485961914,22.75252703805906,22.573626394293267,22.75252703805906,2224400
2018-05-17,22.458946228027344,22.786931323621342,22.43601056222703,22.59197553949996,2190800
2018-05-18,22.552989959716797,22.57592563083287,22.341978985641653,22.403905472643007,2652000
2018-05-21,22.273168563842773,22.47729899637048,22.247938802529966,22.43371999957937,3305200
2018-05-22,22.03234100341797,22.293811500344667,21.970414517253023,22.293811500344667,3714000
2018-05-23,21.92453956604004,21.92683365788993,21.585087467189627,21.848852033787317,2552800
2018-05-24,22.01399040222168,22.1378433570292,21.89242803937555,21.89242803937555,1916800
2018-05-25,22.234174728393555,22.254816303091115,21.954355049965525,22.206650878917642,2263200
2018-05-29,22.206653594970703,22.41537220846289,22.071331922391327,22.27546235213677,4597600
2018-05-30,24.121810913085938,24.18373914470543,22.442894381788186,22.47041823471678,10100800
2018-05-31,24.40850830078125,24.45896781698223,23.54382125004367,24.082817286966613,7786800
2018-06-01,24.38383674621582,24.48530211330434,24.13709286117519,24.300819947571092,4030800
2018-06-04,23.68972396850586,23.88803990024918,23.551361479386514,23.749679170481965,4103600
2018-06-05,23.79349708557129,23.897267206184278,23.60440365378933,23.79349708557129,2102000
2018-06-06,24.20166015625,24.229333007846435,23.763518108429444,23.855757428379714,1393200
2018-06-07,24.111726760864258,24.213192128968878,23.920328579238284,24.16476595583322,1463600
2018-06-08,23.698951721191406,23.943390882375727,23.468349867583285,23.90649374130922,2224400
2018-06-11,23.90187644958496,23.941078332565848,23.69433448181543,23.775044758350226,1192400
2018-06-12,24.13248062133789,24.213190905820174,23.864981667794034,23.901878803187223,2510000
2018-06-13,23.590566635131836,23.91110302072416,23.48910127243421,23.82116845264299,3257200
2018-06-14,23.422224044799805,23.72661834118785,23.37149136884312,23.648214576056294,2057600
2018-06-15,23.512161254882812,23.549058390413098,23.29078371975788,23.41069589152679,2172400
2018-06-18,23.982587814331055,24.213189620238083,23.33459730272499,23.38302347084321,3262800
2018-06-19,23.85344886779785,23.92954611866972,23.496015402335793,23.756594782352973,1482000
2018-06-20,24.254701614379883,24.291596993936103,23.805028729883436,24.049466117419716,2340800
2018-06-21,24.257009506225586,24.337719802992133,24.100200175642357,24.23625442456989,2093200
2018-06-22,24.623661041259766,24.695147039515,24.39767225222933,24.420732081406616,1607200
2018-06-25,24.365388870239258,24.540644984724366,24.114031974417664,24.44379264366382,1975600
2018-06-26,24.353858947753906,24.459935576431107,24.19013186266395,24.358470210151914,1590400
2018-06-27,24.25239372253418,24.64902914645728,24.238558175907382,24.448404923607157,2162000
2018-06-28,24.36077880859375,24.41381800715363,23.96414335298842,24.23856011202169,2103200
2018-06-29,24.217803955078125,24.57523750332726,24.109422570405837,24.39075533145305,2376000
2018-07-02,23.952611923217773,24.132481063172104,23.82347370632952,23.98720078909185,1703600
2018-07-03,24.104808807373047,24.28467795177659,23.952612515705557,23.95953028905149,1569600
2018-07-05,24.459932327270508,24.494522948393744,24.17629134528247,24.35154920211534,1401600
2018-07-06,24.494524002075195,24.57062301994945,24.34693898766266,24.485299718755392,1933600
2018-07-09,24.759716033935547,24.775858089649194,24.501441383165066,24.59368245553682,1132400
2018-07-10,25.07794761657715,25.10562046800363,24.706678550195047,24.81506168575845,2805200
2018-07-11,25.267040252685547,25.290100081816348,24.946503877516474,24.978787990170034,3432800
2018-07-12,25.661373138427734,25.850466581751853,25.303941332780383,25.366203057078128,2809600
2018-07-13,25.490724563598633,25.640616093586583,25.428461088989508,25.59910769696457,1175200
2018-07-16,25.52070426940918,25.665984549237116,25.223227695657158,25.391567806764215,1606400
2018-07-17,25.571434020996094,25.689041434189047,25.27626399203133,25.527619115044335,1512400
2018-07-18,25.592193603515625,25.645231042776015,25.43307776702954,25.571438522544526,1110400
2018-07-19,25.40540313720703,25.578354509355428,25.400791874731436,25.490726447500414,1613600
2018-07-20,25.700572967529297,25.820486903049776,25.366201021442123,25.42385147830904,2610000
2018-07-23,25.149436950683594,25.596805098276903,25.045666822945083,25.596805098276903,2508400
2018-07-24,25.073335647583008,25.340832833089802,24.92805538087945,25.267040324051493,1847200
2018-07-25,25.24167251586914,25.243979026460227,24.86348570912721,25.128678127835197,2485200
2018-07-26,25.190942764282227,25.42154458831098,25.158658649666386,25.22783990061593,1899600
2018-07-27,25.285490036010742,25.38234237863021,25.197860218005466,25.329303185661107,1740000
2018-07-30,24.48299789428711,25.250902473958952,24.286986674441945,25.077951087151014,4695600
2018-07-31,23.83038902282715,24.21318885299203,23.781962856243418,23.982587054392106,12192400
2018-08-01,23.906492233276367,24.07252583889714,23.89265668592544,23.98489777342058,7005600
2018-08-02,24.028705596923828,24.03101210742154,23.66896737077025,23.805023340502704,4050400
2018-08-03,23.98027801513672,24.08635462018496,23.931851853659385,23.984891035859462,2593600
2018-08-06,23.786577224731445,23.998730469215296,23.69894741031475,23.908795903415573,2624000
2018-08-07,23.941082000732422,24.06330068954703,23.687420338749902,23.908797885172046,3161600
2018-08-08,24.13017463684082,24.169376524536926,23.95722326945558,23.996425157151684,2406400
2018-08-09,24.033321380615234,24.093278344983723,23.911102700467634,24.035627891378084,970400
2018-08-10,23.507549285888672,23.67127636133945,23.154728794910717,23.4867942079388,6826000
2018-08-13,23.1247501373291,23.431450978969714,23.103996818099652,23.31153704780316,3828400
2018-08-14,23.05787467956543,23.31384283152597,23.016366283048797,23.306925058665232,3169600
2018-08-15,22.864168167114258,23.03711951216149,22.755785042721666,22.99099809787099,3700800
2018-08-16,22.947189331054688,23.0302061332624,22.811133332132783,23.011757564026823,2892400
2018-08-17,23.05787467956543,23.115525132541187,22.924126965769346,22.931044738630085,1066400
2018-08-20,23.22160530090332,23.392251934503403,23.150119291289958,23.240053870917244,1635200
2018-08-21,23.281558990478516,23.49140748624984,23.270029955360055,23.274641217536995,2122800
2018-08-22,23.279253005981445,23.343822993383878,23.20084923173546,23.28847728989608,1625600
2018-08-23,22.8687801361084,23.203153802485136,22.85263808044553,23.07632210845394,2416400
2018-08-24,23.090158462524414,23.097077994638475,22.894147277078286,23.01406120279152,1452800
2018-08-27,23.385332107543945,23.410696689895694,23.108608859686566,23.127057428080853,1720400
2018-08-28,23.31153678894043,23.449899286342664,23.182400334674064,23.4314507187754,923200
2018-08-29,23.38763427734375,23.406082843701522,23.15242121401459,23.191623098010762,2202800
2018-08-30,23.235441207885742,23.260807550288153,23.083243153471276,23.17548423862983,2032800
2018-08-31,23.353046417236328,23.39455481677447,23.09477349508996,23.15242395226225,1839200
2018-09-04,22.970245361328125,23.030202321744635,22.760396879546395,22.990998678769163,2567200
2018-09-05,22.68891143798828,22.829578679692133,22.61281242014479,22.806518851078025,2331200
2018-09-06,22.661239624023438,22.755787212821417,22.61281345391431,22.709667553484792,2787200
2018-09-07,22.635875701904297,22.762705648448375,22.596672055039427,22.70044393059616,2300400
2018-09-10,22.326868057250977,22.61742684196636,22.259993318582627,22.518267989368777,3120400
2018-09-11,21.911785125732422,22.004026209658658,21.669654259697438,21.907173863244665,3120800
2018-09-12,21.999414443969727,22.13777518701813,21.918704157137515,22.13777518701813,2914800
2018-09-13,22.239240646362305,22.289973329542015,22.080124823544544,22.146999564158495,1396000
2018-09-14,22.370683670043945,22.39835476322444,22.241545450909832,22.29919590750561,1812400
2018-09-17,21.789566040039062,21.960212657965094,21.771119231071967,21.904866953006877,1906000
2018-09-18,21.51053810119629,21.782648326926058,21.475947475339936,21.782648326926058,3062800
2018-09-19,21.646591186523438,21.699628614274726,21.34680814850005,21.487475384565414,6472400
2018-09-20,21.88411521911621,22.015558199051178,21.761896524009437,21.798791903969768,3944800
2018-09-21,21.605085372924805,21.84721623160982,21.485171439655026,21.653511544661807,4174000
2018-09-24,21.0747013092041,21.27301902569317,20.899443424070245,21.21536856762896,5540000
2018-09-25,21.293771743774414,21.37217727938712,21.146186716052934,21.309915560554,4121200
2018-09-26,21.39523696899414,21.655818156340402,21.328362228850068,21.351422059400917,4150000
2018-09-27,21.535903930664062,21.674264671446434,21.413685246983764,21.413685246983764,2130800
2018-09-28,21.699628829956055,21.86335589533855,21.395234527110045,21.713466134189122,4220800
2018-10-01,21.58663558959961,21.980964473846814,21.528985137060214,21.907171964970477,3750800
2018-10-02,21.540515899658203,21.59355333067929,21.33297391895089,21.59355333067929,3092400
2018-10-03,21.19461441040039,21.632756466907587,21.139268706110236,21.556659202375126,3326400
2018-10-04,20.767995834350586,20.915580833445862,20.65500145427651,20.754160290482893,4786400
2018-10-05,20.415178298950195,20.81642496243659,20.373669902082483,20.793365132921686,3049200
2018-10-08,20.491281509399414,20.553543237754862,20.316023602419058,20.35983851900229,2592800
2018-10-09,20.25606346130371,20.495889570399854,20.23069887916059,20.38289516878081,3330400
2018-10-10,19.94936180114746,20.5789037169886,19.94936180114746,20.47744012343063,6169200
2018-10-11,19.87095832824707,20.30679562556816,19.700313474743343,19.99548352167485,5745200
2018-10-12,20.63655662536621,20.68037153468163,20.392119256242907,20.44054542789834,4881200
2018-10-15,20.742633819580078,20.968624386167086,20.588131016359103,20.71034970426084,2757200
2018-10-16,20.915586471557617,21.005521049644774,20.830264915571178,20.832569667269095,2284400
2018-10-17,20.325241088867188,20.72879421062606,20.168431805466803,20.72879421062606,3600800
2018-10-18,20.149986267089844,20.32755065257146,20.115397401796773,20.253758141025816,2454400
2018-10-19,20.189189910888672,20.509726297815366,20.133844207721978,20.417485218556465,3119600
2018-10-22,20.493581771850586,20.691899452590828,20.399034193179336,20.495886523024,1990000
2018-10-23,21.14157485961914,21.21075610913637,20.207636787897844,20.3459992869323,6286400
2018-10-24,20.703432083129883,21.100067513514173,20.67576098942553,21.060865624531445,3680000
2018-10-25,21.148494720458984,21.215369465766845,20.588132173978217,20.740330234200062,3560000
2018-10-26,20.977848052978516,21.141575135664663,20.75185749304343,20.86024063100453,1716000
2018-10-29,20.265287399291992,20.694206927167453,20.163823794395622,20.627332187944692,3724400
2018-10-30,20.251449584960938,20.463602814309564,20.12692440442533,20.4013411037178,2336800
2018-10-31,20.502809524536133,20.666536612512193,20.311409583627317,20.311409583627317,4597600
2018-11-01,20.532785415649414,20.53509192637276,20.352916284976725,20.523561132108227,5268400
2018-11-02,21.042415618896484,21.229202526055072,20.793365236450217,20.87177076841392,6178800
2018-11-05,20.920198440551758,21.18539089871537,20.77030689816777,21.07239473451764,2177600
2018-11-06,20.96401023864746,21.08853366096922,20.765692552206012,20.78183460764417,1807600
2018-11-07,21.27993392944336,21.351419924809928,21.067780694621717,21.18769285710939,2054400
2018-11-08,21.252262115478516,21.390622839591106,21.17385659089174,21.266097660084156,2156800
2018-11-09,21.226896286010742,21.358339240969563,20.99859923843587,21.102371103520476,2832400
2018-11-12,20.671146392822266,21.072393055139084,20.447462352540065,21.072393055139084,3416800
2018-11-13,21.24765396118164,21.266102531116207,20.846407241543353,20.855631526510635,4164000
2018-11-14,21.5589656829834,21.773425466089442,21.376790016959774,21.57049647880673,3530400
2018-11-15,21.934843063354492,21.948678607866036,21.52898341727946,21.52898341727946,2280000
2018-11-16,21.985576629638672,22.15852799428725,21.741139263928066,21.90256159321143,2220000
2018-11-19,22.14469337463379,22.22540366297623,21.93023360312254,21.997108344706945,2994800
2018-11-20,21.861053466796875,22.220791746740506,21.851829182778797,22.0340048335932,3304800
2018-11-21,22.197729110717773,22.368373945103077,22.031695538082534,22.19311608961565,2226400
2018-11-23,22.21617889404297,22.273829350080266,22.03861626356311,22.16083494886581,1324000
2018-11-26,22.400659561157227,22.48367635305514,22.315336258553206,22.41219035533556,2485200
2018-11-27,22.423717498779297,22.617423916653195,22.393739899537206,22.45139034686186,2802000
2018-11-28,23.04634666442871,23.10399711995562,22.63818045406094,22.656629022074096,3280000
2018-11-29,23.463735580444336,23.63668694835916,23.235440267415413,23.320761816267925,3784800
2018-11-30,23.38763427734375,23.583645456676738,23.353043655260958,23.442979976417067,3085200
2018-12-03,23.101688385009766,23.399164918011436,23.048649196916337,23.399164918011436,3227200
2018-12-04,22.896451950073242,23.041730444469014,22.785762316710723,22.937960342665182,3620800
2018-12-06,23.48910140991211,23.523692034611685,22.76731835024453,22.85955767030706,5613200
2018-12-07,23.166257858276367,23.341515728286414,23.04865044135561,23.214684027749104,3348000
2018-12-10,21.97174072265625,22.585142397026157,21.690406225951392,22.582835886250084,6621600
2018-12-11,22.03631019592285,22.36837739236933,21.921009281529198,22.30150265089873,3620800
2018-12-12,22.753480911254883,22.94257433123723,22.52979686677591,22.57591828588883,5338400
2018-12-13,23.235441207885742,23.29539641778929,22.829581488799533,22.850334809300215,4744400
2018-12-14,23.161649703979492,23.263113318671547,22.850335808043415,22.96563672969309,3139600
2018-12-17,23.29078483581543,23.59979044360346,23.22160358305722,23.334599746519118,3251600
2018-12-18,23.657440185546875,23.772741097088137,23.611320524671285,23.629769092762434,4494000
2018-12-19,23.777353286743164,23.977977499171313,23.567504790592228,23.671276662959432,5158400
2018-12-20,23.70586585998535,24.097888218166833,23.64360238844285,23.950303206191304,3245200
2018-12-21,23.152423858642578,23.560588319656905,23.124751005944937,23.546752772984245,3070000
2018-12-24,23.10630226135254,23.313844256622044,22.97947231266451,23.101690998947575,1270400
2018-12-26,23.519081115722656,23.64360632016296,23.297703560946253,23.297703560946253,2566000
2018-12-27,23.581342697143555,23.625155846753696,23.23543996580396,23.242357738934384,3203600
2018-12-28,23.784269332885742,23.984893530747957,23.52138342360538,23.613624494784055,2074800
2018-12-31,23.888042449951172,23.931857360139045,23.523692899857316,23.888042449951172,2224400
2019-01-02,23.906492233276367,23.948000634681563,23.698950226250403,23.698950226250403,1648800
2019-01-03,23.479875564575195,23.652826917219194,23.42683637564943,23.54905680937365,1896000
2019-01-04,23.885738372802734,23.971059925343056,23.585955285052076,23.611321627524166,2209200
2019-01-07,23.763517379760742,23.84653417265222,23.60670807756042,23.770435152609664,2235600
2019-01-08,23.938772201538086,24.005646934399227,23.546749846809586,23.602093785974905,3386800
2019-01-09,23.72892951965332,23.943389299707086,23.59287352015458,23.915716445736393,3790800
2019-01-10,23.678194046020508,23.7335379880937,23.523691254750396,23.687418329591406,1594400
2019-01-11,23.66897201538086,23.740458020669475,23.523693493853308,23.54905983624973,1409600
2019-01-14,23.258501052856445,23.48910288621068,23.246970257447785,23.48910288621068,2366400
2019-01-15,23.583646774291992,23.583646774291992,23.369187016619396,23.387635584007885,2265200
2019-01-16,23.567506790161133,23.777355304116526,23.401474947120754,23.53061141149184,2508800
2019-01-17,23.722009658813477,23.768129318687716,23.54675178445732,23.57442463599321,2019600
2019-01-18,23.83269691467285,23.848838971136285,23.60901287557082,23.698947441488844,2472000
2019-01-22,23.50293731689453,23.79810736807181,23.36688308616687,23.659746626501498,3558400
2019-01-23,23.145505905151367,23.489102133215784,23.12244431507334,23.45220499657279,3145200
2019-01-24,22.887231826782227,23.21699251692759,22.87108976891577,23.161648569864358,6736000
2019-01-25,22.861865997314453,23.106303381732886,22.831888391847865,23.025593090590235,2937600
2019-01-28,22.635875701904297,22.831886898819526,22.587447771033123,22.831886898819526,2703200
2019-01-29,22.253070831298828,22.552853836393865,22.15621851002882,22.50673242672823,3387200
2019-01-30,22.077816009521484,22.23232055381976,21.791870267936467,22.23232055381976,5486800
2019-01-31,22.64971160888672,22.76731903264942,22.264606982090935,22.326868700934536,3729200
2019-02-01,22.84341812133789,22.90337509344301,22.585145181843444,22.635877869059122,2926400
2019-02-04,22.84341812133789,22.873397487066676,22.587449933551465,22.822664799850994,2198400
2019-02-05,23.023284912109375,23.05787553705164,22.83419148969089,22.96102319469511,1635200
2019-02-06,23.120136260986328,23.191622253830435,22.951796177965495,23.053261529887756,1349200
2019-02-07,23.19623374938965,23.237742142926056,23.07401507935247,23.080932851716526,3298000
2019-02-08,23.127059936523438,23.302317836573636,23.064796451277473,23.163955317961502,1535600
2019-02-11,23.187013626098633,23.54444539027499,23.129363171294163,23.306925797976934,2048400
2019-02-12,23.519081115722656,23.539836196138914,23.39455591128235,23.452206371151803,2898000
2019-02-13,23.380720138549805,23.459125678079797,23.21929955621217,23.459125678079797,2752800
2019-02-14,23.11322021484375,23.230825871334474,23.06940530790474,23.110913704122698,2810800
2019-02-15,23.101688385009766,23.14550328998468,22.827271680128327,23.01175382379439,3116800
2019-02-19,22.67738151550293,22.93796269097778,22.612813289161192,22.88492349971009,4165600
2019-02-20,22.97947120666504,23.037121660390063,22.861863788447366,22.905678696271096,3411600
2019-02-21,23.078630447387695,23.180094051298575,22.92873891329959,22.984082857192092,1759200
2019-02-22,23.115528106689453,23.210075706223673,22.944883236543888,23.01175798172244,2356800
2019-02-25,23.491409301757812,23.61823925397613,23.184708442397707,23.184708442397707,2243600
2019-02-26,23.2492733001709,23.343820882231057,23.097077027724335,23.221600450929657,1940800
2019-02-27,23.138586044311523,23.1685654072468,22.8526402767935,23.04634672271701,1691600
2019-02-28,23.31845474243164,23.43375564289181,23.083239920255707,23.120137052891977,3849200
2019-03-01,23.161649703979492,23.283868399431757,22.967943240744766,23.18932079918985,3050000
2019-03-04,23.161649703979492,23.173178740532993,22.956414204191265,23.071715125840942,2351600
2019-03-05,23.609010696411133,23.673580675657135,23.32767798963773,23.32767798963773,2454000
2019-03-06,23.747377395629883,23.81655688950822,23.433758763861494,23.592872831328318,4917200
2019-03-07,23.6943359375,23.84883872769465,23.652827541395986,23.84883872769465,2074800
2019-03-08,23.977977752685547,24.012566617821424,23.77735353813624,23.77735353813624,2377200
2019-03-11,24.501445770263672,24.54756543503143,24.139400947844226,24.139400947844226,4655600
2019-03-12,24.88424301147461,24.9580355228208,24.623661831289432,24.658252455841264,3393200
2019-03-13,25.467666625976562,25.564518972171452,25.13559942833426,25.158659259425566,3762400
2019-03-14,25.469970703125,25.486112760396725,25.301632357198752,25.345447266658706,2302800
2019-03-15,25.82279396057129,25.956541686225993,25.65445384884138,25.65445384884138,2734800
2019-03-18,26.18022346496582,26.26324025812945,25.956539425572277,25.995743070765027,2360400
2019-03-19,25.942703247070312,26.25170882347971,25.91503039690666,26.219424711298196,2819600
2019-03-20,26.28399085998535,26.482306766156544,26.212503113997876,26.265542295901362,3094800
2019-03-21,26.251710891723633,26.369318314994672,26.154858547548567,26.19867345725494,1812800
2019-03-22,25.90119743347168,26.11796371631499,25.882748864856858,26.04417120120804,2189200
2019-03-25,25.866607666015625,26.136411393394518,25.802039433072203,26.039559043979388,3166800
2019-03-26,26.50767707824707,26.55610500607,26.263239725198815,26.26554623589328,2418800
2019-03-27,26.337032318115234,26.353174374324166,26.08337068082394,26.346256601570648,2263200
2019-03-28,26.203283309936523,26.34856357773555,26.187141253442434,26.267853295265095,1702000
2019-03-29,26.729061126708984,26.729061126708984,26.31858835817607,26.380851842561068,3498800
2019-04-01,26.588390350341797,26.807461373957974,26.33472694276233,26.7867080548027,1969600
2019-04-02,26.655261993408203,26.770562896764453,26.46386383094448,26.553798394814176,2582000
2019-04-03,26.593000411987305,26.763645257184752,26.5514920161985,26.701383543177634,1935200
2019-04-04,26.311664581298828,26.482309417782304,26.22864779396047,26.47078038358936,2611600
2019-04-05,26.35317611694336,26.549187315113798,26.323198513245107,26.484619086008458,1564000
2019-04-08,26.34625816345215,26.350869425777137,26.085678737959444,26.150246966622962,1924400
2019-04-09,26.302440643310547,26.390070452957083,26.05108552677141,26.12487803211201,2588000
2019-04-10,26.06492042541504,26.069533446519998,25.78128120478206,25.972679356188486,4047600
2019-04-11,26.0395565032959,26.214814375151242,25.935786390383463,26.115655524419534,1668400
2019-04-12,26.157163619995117,26.17099916573006,26.071840316141152,26.152552357867535,1760800
2019-04-15,26.320890426635742,26.353174539255654,26.15024558002302,26.22634459949233,1753200
2019-04-16,26.61836814880371,26.66679431987385,26.39007283965811,26.422356953704874,1286800
2019-04-17,26.62067413330078,26.775176927377334,26.431580715043093,26.722137735719294,2690800
2019-04-18,26.73136329650879,26.747505353984184,26.493843696791256,26.551494153396572,2148000
2019-04-22,26.54227066040039,26.604534140627404,26.06492493585354,26.265549164187167,2367600
2019-04-23,26.327808380126953,26.422355967271454,26.069535477395043,26.3185840965505,2645200
2019-04-24,26.749813079833984,26.802852276434916,26.376237470697028,26.43158317828558,3108800
2019-04-25,26.48231315612793,26.58608503462576,26.17791881270183,26.498456973110724,3938800
2019-04-26,26.563026428222656,26.71522272727599,26.46156105595216,26.546884369848023,2038800
2019-04-29,26.413135528564453,26.650655147338405,26.28169254733263,26.539965487660446,1814000
2019-04-30,26.438501358032227,26.657572402706904,26.39699295637938,26.52151816133793,2942000
2019-05-01,26.795930862426758,27.111855990162333,26.45925241531663,26.56763555254534,2485600
2019-05-02,27.50618553161621,27.633017239693253,27.054206163649784,27.13722296178161,2597200
2019-05-03,27.646852493286133,27.819803861002587,27.478514147279398,27.579977753313493,2904400
2019-05-06,27.3101749420166,27.374743173262438,27.03114693736005,27.23407591546872,1857600
2019-05-07,27.06342887878418,27.229462465421857,26.968881291089644,27.134914877727322,3027600
2019-05-08,26.64834213256836,26.943512140534807,26.544572031419914,26.943512140534807,2828800
2019-05-09,26.72675323486328,26.782097183072207,26.34625985230309,26.512293456282254,2084000
2019-05-10,27.008085250854492,27.10724410184265,26.72213773304776,26.786707719210465,1851600
2019-05-13,26.625286102294922,26.678325295360953,26.362400166503214,26.62297959146102,1732800
2019-05-14,26.789012908935547,27.024227749710416,26.560717600591207,26.818992271411076,1794400
2019-05-15,26.493844985961914,26.812074888541257,26.45694960680241,26.717529049971212,2198800
2019-05-16,26.985023498535156,27.104937427045154,26.726750592856174,26.74981042238434,3123600
2019-05-17,26.957351684570312,27.282499318715796,26.865110609576867,27.10032367942559,4331200
2019-05-20,28.566957473754883,28.72146205538794,27.746015424047073,27.794441602999804,8582400
2019-05-21,28.364023208618164,28.375554003094262,27.951245749175357,28.310984017121214,3729200
2019-05-22,28.297147750854492,28.442426257052905,28.23719078793913,28.36402248653851,2587200
2019-05-23,27.53385353088379,27.667602988671216,27.44161246484584,27.60303301089825,4098400
2019-05-24,28.299455642700195,28.4332051205958,27.86592309494924,27.87976040051406,3011200
2019-05-28,28.59923553466797,28.6591924975356,28.304065501092214,28.304065501092214,3501600
2019-05-29,28.428590774536133,28.546198189920617,28.23257958846345,28.49315899965634,2399600
2019-05-30,28.585403442382812,28.7606613307474,28.511610925074418,28.638442638894656,1800400
2019-05-31,28.631521224975586,28.638438997694887,28.30176057032238,28.364022284148238,1804800
2019-06-03,29.06505584716797,29.35791940705623,28.82522972473588,28.82522972473588,2779600
2019-06-04,29.346389770507812,29.34869452210492,28.714539481132146,29.194191716185212,4428000
2019-06-05,29.523950576782227,29.70151496247934,29.242616076375455,29.45707583821404,2873200
2019-06-06,29.457077026367188,29.487056390003126,29.028157485389524,29.28643216620637,3216000
2019-06-07,29.689985275268555,29.791450642308817,29.357918080847565,29.576989113118326,1880400
2019-06-10,29.662311553955078,29.88599558819286,29.542397629103903,29.74763309654117,3327600
2019-06-11,30.015134811401367,30.068172246664908,29.52395179121241,29.710738709113944,3410800
2019-06-12,29.583908081054688,29.91136578561829,29.482444469269602,29.89983499004271,3599600
2019-06-13,29.390201568603516,29.70612845809086,29.286431452238073,29.70612845809086,1872000
2019-06-14,29.58621597290039,29.694599116255734,29.302574943282107,29.318717001269984,1648000
2019-06-17,29.297964096069336,29.64386685158679,29.261066957658326,29.52625766273979,2016800
2019-06-18,29.242616653442383,29.574683842029835,29.194190481665427,29.45015864630954,2408000
2019-06-19,29.355262756347656,29.40625520453281,29.104937157090017,29.33440140556252,2468000
2019-06-20,29.844322204589844,29.846642293773204,29.529099538767912,29.55459576273567,1997600
2019-06-21,29.39234733581543,29.62181335489644,29.118843830620033,29.62181335489644,2427200
2019-06-24,29.559232711791992,29.733069650128442,29.373807705249583,29.41321032019926,1973600
2019-06-25,29.561548233032227,29.668167999577435,29.390029631925643,29.647308417765828,2347200
2019-06-26,29.619495391845703,29.784060807450118,29.552278233073075,29.72611516385586,3583600
2019-06-27,29.84664535522461,29.8860479714489,29.621815958098832,29.621815958098832,1790400
2019-06-28,30.141002655029297,30.152592490415365,29.774789321222187,29.937036406463537,2979200
2019-07-01,30.356563568115234,30.430732151645593,30.034385936304737,30.32875079138152,2469600
2019-07-02,30.433053970336914,30.54430862031563,30.13173590395307,30.405237655301068,1808000
2019-07-03,30.43537139892578,30.525766467770467,30.28934723512988,30.34033968798808,839600
2019-07-05,30.08306312561035,30.535042040429353,29.943995682892286,30.451600160109745,2709200
2019-07-08,29.250961303710938,29.644992756318477,29.2463264301239,29.58704711049626,3621600
2019-07-09,28.83838653564453,29.135067938198432,28.752628117682928,29.135067938198432,3851200
2019-07-10,29.38307762145996,29.540689850525908,28.99368280661237,29.088714515596024,3899200
2019-07-11,29.679758071899414,29.730750518993318,29.33671909858808,29.42479583642988,2285200
2019-07-12,29.19301414489746,29.56850254697481,29.142023464639664,29.5522778377199,1993600
2019-07-15,29.18838119506836,29.468837912591454,29.146660258754796,29.304272488343727,2091600
2019-07-16,29.0307674407959,29.255596820879894,29.00295289526073,29.244006984816732,1792800
2019-07-17,29.186059951782227,29.195331466519235,28.940371000513725,29.077121864073174,1587600
2019-07-18,29.45492935180664,29.517509867483046,29.142023236703277,29.237053170635694,2122000
2019-07-19,28.592697143554688,29.091030008206744,28.2542948134181,29.065533784780783,4181600
2019-07-22,27.234453201293945,28.159265202094744,27.086112491283416,28.066551816247976,6832000
2019-07-23,26.726848602294922,27.155647787871686,26.46956979829316,27.028166662155233,8250800
2019-07-24,27.08379364013672,27.292398312118046,26.85432938513762,26.875188968155392,3799600
2019-07-25,26.981809616088867,27.301668923631944,26.95399507129182,27.20663722184586,2840000
2019-07-26,26.692081451416016,27.083792789903317,26.678173294813398,27.083792789903317,3845200
2019-07-29,26.65499496459961,26.731483635426315,26.499701070516753,26.70366909102734,2524400
2019-07-30,26.400033950805664,26.652676092518263,26.342088310776838,26.62949819017885,3187200
2019-07-31,26.701467514038086,26.80596897989389,26.552840569101562,26.564452630530795,4650400
2019-08-01,26.60857582092285,26.987105274687558,26.46923994523811,26.599286526310298,2421600
2019-08-02,26.432085037231445,26.56909992984609,26.367061741110028,26.376351036520507,2634400
2019-08-05,25.41493034362793,25.858483112680936,25.342938749301133,25.80274911364719,4458800
2019-08-06,25.960662841796875,26.0512312520326,25.672701788015384,25.672701788015384,2579200
2019-08-07,25.758623123168945,26.023361809820116,25.57284255226117,25.700566362556817,4652800
2019-08-08,26.14644432067871,26.57606580706123,26.116255440148564,26.327582919115265,5639200
2019-08-09,26.211467742919922,26.6062530187913,26.206822209743958,26.473883671304847,3290400
2019-08-12,26.237010955810547,26.327579356898642,26.009427684004777,26.099996085092876,1603200
2019-08-13,25.800424575805664,25.8700933986292,25.593742645648064,25.79345804787366,3211600
2019-08-14,25.335968017578125,25.751654604026555,25.275588495120115,25.74468807677209,3011200
2019-08-15,25.484594345092773,25.542651103888982,25.308103074013506,25.359191533482765,2074800
2019-08-16,25.661087036132812,25.719143794133114,25.380092540021558,25.54961728120151,3090000
2019-08-19,25.284881591796875,25.719146830742567,25.284881591796875,25.61696635763726,2060800
2019-08-20,25.4033145904541,25.51246157769276,25.294167603215442,25.47298340793671,2681600
2019-08-21,25.394027709960938,25.544975647683977,25.382417420444884,25.544975647683977,3492000
2019-08-22,24.467439651489258,25.08051885965173,24.451183830505844,25.061940272313084,5860800
2019-08-23,24.648578643798828,25.159477438849635,24.555687470584562,24.792560050868524,9108000
2019-08-26,24.848295211791992,25.35455026922007,24.79256121394952,25.3243613895037,8740800
2019-08-27,25.080520629882812,25.21056720692906,24.91563964205583,24.917962408575004,5365600
2019-08-28,24.834360122680664,25.003884869004253,24.69734524833186,25.003884869004253,2671600
2019-08-29,24.834360122680664,24.92028299320708,24.662510838124422,24.75772477457464,2086000
2019-08-30,25.034074783325195,25.189666469700335,24.96904972602881,25.041041310811895,3070000
2019-09-03,24.38616180419922,24.78791358854458,24.372226977100794,24.76469123904947,3032800
2019-09-04,24.462797164916992,24.82971633766226,24.460476170024354,24.82971633766226,6520800
2019-09-05,24.05175018310547,24.69966372205137,23.905447811763388,24.61838462686132,9155600
2019-09-06,24.223602294921875,24.518531631792623,24.149289712011843,24.149289712011843,6529200
2019-09-09,24.22825050354004,24.56033528266275,24.15161514564589,24.232894265343354,3858400
2019-09-10,24.08891487121582,24.30952988011904,23.97280133563477,24.30952988011904,2813600
2019-09-11,24.383840560913086,24.434930796044814,24.163225569300785,24.263083272944122,5760800
2019-09-12,24.36526107788086,24.690379294453297,24.302560555451652,24.66019041650616,5562000
2019-09-13,24.376874923706055,24.634647103653794,24.325784686707134,24.49995498279334,3209200
2019-09-16,24.116775512695312,24.2886230102651,24.00762853053898,24.167865740236707,2804000
2019-09-17,24.11910057067871,24.22824756320579,23.814883714551357,23.919385174086973,1984400
2019-09-18,23.89848518371582,24.09123227753648,23.72663590099384,23.919384766566186,2435200
2019-09-19,23.814884185791016,24.037821936496325,23.698770663230846,23.805594891375993,2855200
2019-09-20,26.051231384277344,26.237013738999885,25.895639680954528,26.028009032874987,12396000
2019-09-23,27.48639488220215,27.51426276715055,26.81293605583978,27.170565939794304,9363200
2019-09-24,26.89653778076172,27.53516219012096,26.866348901059038,27.309901660430317,7174400
2019-09-25,26.708431243896484,26.7153977713234,26.34151211089822,26.706108477503637,9768400
2019-09-26,27.41208267211914,27.60250879251302,27.096253725355844,27.282036084070214,5894000
2019-09-27,27.05445098876953,27.751132130111234,26.840802530645163,27.746488368739733,5215600
2019-09-30,26.497106552124023,26.938338309824967,26.37170373014048,26.850092666985507,4005600
2019-10-01,26.668954849243164,26.720045086171137,26.306681200847553,26.67360038264673,3034600
2019-10-02,26.22772216796875,26.473882260624542,26.158053348055905,26.36705803604275,3509200
2019-10-03,26.7618408203125,26.7711301135601,26.22771974671185,26.34383325467958,3571400
2019-10-04,25.64715576171875,26.009429389830824,25.387060829989803,25.93976056669307,5815200
2019-10-07,25.921184539794922,25.93511759614663,25.47530724727024,25.512464426543893,4367600
2019-10-08,25.976919174194336,25.981562935841545,25.800426111818588,25.842227053650955,5071200
2019-10-09,26.3716983795166,26.562124454614413,26.3345429796629,26.38098767241789,2624200
2019-10-10,26.204496383666992,26.20914191630057,25.888669262895153,26.162697220474247,3427000
2019-10-11,26.028003692626953,26.39956655408546,25.949045587956814,26.28345304914521,2023000
2019-10-14,25.921184539794922,26.000140888123692,25.7121798357602,25.93511759614663,1660400
2019-10-15,26.487817764282227,26.59464199873821,25.907250117183267,26.106965529525457,3346000
2019-10-16,26.62715721130371,26.729335919287355,26.26023800839125,26.436729309341167,3310600
2019-10-17,26.79900360107422,27.04516372251506,26.720045477823145,26.720045477823145,2990200
2019-10-18,26.506397247314453,26.9801406759197,26.459952542682373,26.864027142587588,2287400
2019-10-21,27.221656799316406,27.30061315084943,26.53426490062417,26.599288195240046,2391800
2019-10-22,27.30061149597168,27.58857431431786,27.240233738489362,27.365634786646044,3103000
2019-10-23,27.57463836669922,27.579283899702613,27.319188975815702,27.356346152835997,3668000
2019-10-24,27.834733963012695,27.84402325749218,27.481747859799384,27.556062215635247,4152000
2019-10-25,27.913692474365234,28.043740835417065,27.579286705915134,27.713977056939253,4344800
2019-10-28,27.909046173095703,28.243453682868747,27.890467584385704,28.094828516692225,2858000
2019-10-29,28.215587615966797,28.317768088697147,27.94155961598692,27.94155961598692,3093600
2019-10-30,28.43852424621582,28.452457302214007,28.09018367224686,28.215586491485897,3067400
2019-10-31,28.37350082397461,28.44316964714521,28.17842918214799,28.243454243924713,4307400
2019-11-01,28.596437454223633,28.689328624217836,28.32705501016731,28.65681698048262,3117000
2019-11-04,28.628952026367188,28.7125539107383,28.359569554756177,28.596440379306408,2328200
2019-11-05,28.327056884765625,28.77293240414245,28.29918900039764,28.680041228000988,4101000
2019-11-06,28.847244262695312,28.884399669163123,28.266676641152586,28.480325100659883,2155800
2019-11-07,28.921558380126953,29.265253438113923,28.875111904890968,29.16771849774615,1873400
2019-11-08,28.70790672302246,28.98193469536904,28.675395079841653,28.856531883778064,2239400
2019-11-11,28.726486206054688,28.981937385834744,28.70790938804946,28.754354090690285,1150000
2019-11-12,28.596437454223633,28.907622607941462,28.582504398837596,28.75435191168827,2035000
2019-11-13,28.563926696777344,28.740419748067435,28.364211295206076,28.471035523900888,1923200
2019-11-14,28.837955474853516,28.889045709927267,28.53605959764596,28.563927481800317,2657000
2019-11-15,28.77757453918457,29.019090874801407,28.66610655151632,28.935488998174357,1807000
2019-11-18,28.51283836364746,28.74042166377689,28.475682955071317,28.70326448344887,2121600
2019-11-19,28.526769638061523,28.619660811325918,28.387433764040814,28.568570577442916,2489200
2019-11-20,28.689329147338867,28.842598074635063,28.44316904835469,28.44316904835469,2076600
2019-11-21,28.652172088623047,28.800797255238642,28.531414805154782,28.74970879376282,3403400
2019-11-22,28.61501693725586,28.75435281072782,28.508192708535628,28.56392670357406,1560200
2019-11-25,28.977293014526367,29.009804662029048,28.7775775960088,28.796156186510878,3342400
2019-11-26,29.135202407836914,29.153780995098074,28.84259585960424,28.84724139229533,1859400
2019-11-27,29.441743850708008,29.4789010275526,29.01444694750546,29.130560467517245,2024800
2019-11-29,28.680038452148438,29.05160134900003,28.489612356777517,29.05160134900003,1877000
2019-12-02,28.782224655151367,28.796157712890512,28.522129689591313,28.712555822951636,2190800
2019-12-03,28.61501693725586,28.721841165976087,28.429234591458737,28.503547175427233,1780200
2019-12-04,28.972646713256836,29.074825408558247,28.735774134497547,28.735774134497547,2816800
2019-12-05,28.995866775512695,29.033022178576385,28.703260224972833,28.90297561022605,2298400
2019-12-06,28.977293014526367,28.986582309777404,28.591797006243745,28.981938548027838,2465800
2019-12-09,28.935489654541016,29.005158477227816,28.7729314306075,28.935489654541016,1915000
2019-12-10,29.251319885253906,29.362789652177643,29.01909282826864,29.098050948954587,3054000
2019-12-11,29.34885597229004,29.353501505792536,29.051605611198777,29.25132102976045,2419600
2019-12-12,29.4649658203125,29.706482151432073,29.409231827516194,29.622880276361773,1960200
2019-12-13,29.469614028930664,29.725063438504947,29.4417461441264,29.59037131957878,2430000
2019-12-16,29.381366729736328,29.464968612729642,29.042315436153153,29.353500616573125,2267400
2019-12-17,29.896913528442383,29.957291289488516,29.641462340355307,29.6739739876115,3836200
2019-12-18,30.073406219482422,30.366011058388935,29.99909185458327,30.189519757009382,2743000
2019-12-19,29.79473114013672,30.10126900265513,29.780798084136368,29.999088533981137,2063200
2019-12-20,29.91084098815918,30.115198356883912,29.855105227505273,30.101265302596218,1942200
2019-12-23,29.618236541748047,29.9526422705774,29.557857015976097,29.91548863768213,1988200
2019-12-24,29.622880935668945,29.655392579836363,29.3906538934721,29.469612009129925,950200
2019-12-26,29.39994239807129,29.55785685339354,29.228094887552025,29.25596276969772,1407400
2019-12-27,29.31169891357422,29.581081373747267,29.246675622213544,29.557859022797285,1466600
2019-12-30,29.232738494873047,29.585724579854343,29.163071447502926,29.502122705608862,1960400
2019-12-31,29.43245506286621,29.446389890298526,29.135204730002283,29.177005668795754,1028600
2020-01-02,29.58572769165039,29.81331098920044,29.399945335619666,29.660040279712312,2231400
2020-01-03,28.800796508789062,29.302407761929903,28.777574159310696,29.228095180548117,2983400
2020-01-06,28.289897918701172,28.47568025924931,28.039092290486696,28.331698856736917,4646000
2020-01-07,28.187719345092773,28.549994756288367,28.187719345092773,28.461747341319985,2456800
2020-01-08,28.48961639404297,28.62430851691129,28.192366034438326,28.197009796165695,3488200
2020-01-09,29.037668228149414,29.04695752201858,28.782218847878077,28.8193742516031,2912000
2020-01-10,28.749710083007812,29.172363251727713,28.7404207882088,29.12591677773267,2444800
2020-01-13,29.190937042236328,29.325629145225566,29.005156480778563,29.144492344809798,3452400
2020-01-14,29.17236328125,29.36743315697114,29.042314925684085,29.190940099114997,2022400
2020-01-15,29.009801864624023,29.325630785696443,28.865822231496594,29.22345031954015,1926400
2020-01-16,28.628952026367188,29.172364274779426,28.60572967443119,29.172364274779426,3442600
2020-01-17,28.675397872924805,28.73113187069892,28.494259279593198,28.656819283082818,2312200
2020-01-21,27.444591522216797,28.30847639022076,27.388857528983166,28.30847639022076,5364800
2020-01-22,27.356348037719727,27.85331379822152,27.309901563244143,27.67682073871798,4498600
2020-01-23,27.28203582763672,27.52819594463041,27.240234885906485,27.439950299534075,3013200
2020-01-24,27.50961685180664,27.857957435941586,27.407436380166473,27.56535084917772,3098200
2020-01-27,26.966205596923828,27.11018523353867,26.896536773447643,27.086962882963867,2162800
2020-01-28,26.938335418701172,27.138050805786843,26.692175334421837,27.031226584840123,3335000
2020-01-29,26.98942756652832,27.18914296780573,26.85473545464323,27.18914296780573,4522200
2020-01-30,26.747909545898438,26.86402306159139,26.566772744897698,26.803643537340594,3017600
2020-01-31,26.60392951965332,26.757200218707677,26.446015059302653,26.631797402686406,4714000
2020-02-03,26.733978271484375,26.80364532248905,26.5063949859982,26.571418275636603,3488000
2020-02-04,27.379568099975586,27.60714960474725,27.175207172872568,27.17985270580765,3540800
2020-02-05,27.39349937438965,27.769707788847377,27.25416351517435,27.765062256214307,3519000
2020-02-06,27.672176361083984,27.690753178708803,27.4631716599765,27.57928518595268,2065600
2020-02-07,27.291324615478516,27.597864278453446,27.277391558173456,27.504974867417122,1897400
2020-02-10,27.3331241607666,27.50497346024617,27.240234754482554,27.240234754482554,1264000
2020-02-11,27.653596878051758,28.020516033499533,27.50961547266356,27.616439700499292,2359600
2020-02-12,27.779003143310547,27.932272090362815,27.639665481942348,27.853315735889336,1412400
2020-02-13,27.74184226989746,27.895112968307945,27.49568217193705,27.70468686442784,2421000
2020-02-14,27.28203582763672,27.402793119439703,27.147343707422415,27.37957076775665,2075800
2020-02-18,27.28667640686035,27.34241039874986,26.864023277215647,27.017292197849702,2715000
2020-02-19,27.142696380615234,27.41208060324462,27.0451614469398,27.388858253095954,2460800
2020-02-20,26.92440414428711,27.151985656037304,26.752554855453337,26.947626494419534,3225200
2020-02-21,26.71539878845215,26.97084817709056,26.557484331007213,26.845445363376786,2373200
2020-02-24,26.28345489501953,26.492459572940575,26.074450217098487,26.181274436535553,3728600
2020-02-25,25.879383087158203,26.664309880396008,25.87009379252351,26.585353533628798,3904000
2020-02-26,25.744693756103516,26.362416856208743,25.72611516482541,26.060522720823414,5098000
2020-02-27,25.540328979492188,25.930470452215932,25.46137086971097,25.76791047172594,7544400
2020-02-28,25.475305557250977,25.60999766555481,24.783269970830876,25.09445335372073,6074200
2020-03-02,25.382417678833008,25.414929324611787,24.950475217198573,24.959764511957054,4596000
2020-03-03,24.950475692749023,25.707534626600633,24.74147098607913,25.349906516217743,6560000
2020-03-04,24.606775283813477,24.746111144052193,24.46279389090757,24.639286925477457,6522400
2020-03-05,23.914743423461914,24.564978128549225,23.84043083511617,24.48602177857331,7000000
2020-03-06,23.872940063476562,23.970474993596685,23.36203952007043,23.55711115206235,10095200
2020-03-09,22.84649658203125,23.21806128009724,22.293796839873366,22.90223234979222,7100200
2020-03-10,23.543176651000977,23.598912416199784,22.73967130611111,23.352750549284323,6564000
2020-03-11,22.474933624267578,23.30166135562879,22.368109393836214,23.129813834652403,5265000
2020-03-12,20.784320831298828,21.155883754379513,20.18053085982374,20.802899420390805,7883000
2020-03-13,22.14052391052246,23.38990645008627,21.522800939824045,22.804693349686072,7462400
2020-03-16,20.036550521850586,21.100150885508857,19.920436991453442,19.971527228308485,7592000
2020-03-17,21.708581924438477,21.806116844541656,20.21303939585039,20.21303939585039,9271800
2020-03-18,19.14479637145996,19.469912786740636,17.895413851946916,19.01939356624388,11992000
2020-03-19,16.87826156616211,18.578163451064434,16.288404663980604,18.4388275795318,20136000
2020-03-20,16.618165969848633,17.42631682695005,16.534564095950152,17.18480049921574,14496200
2020-03-23,13.915043830871582,15.326984661249526,13.701395378995787,15.173713964196208,19557200
2020-03-24,15.32234001159668,16.381294687104162,14.57921246260326,15.13191392044399,19305400
2020-03-25,17.184799194335938,17.454183383498695,16.037597167645455,16.200157141994143,9404000
2020-03-26,19.14479637145996,19.31200011174807,17.88612455840296,17.88612455840296,11973800
2020-03-27,18.257692337036133,18.884704698646427,17.217314314875118,18.285558450684306,10568800
2020-03-30,18.002239227294922,18.0301071097182,17.003664025775215,17.63067632040964,7411600
2020-03-31,17.862903594970703,18.345936266186925,17.644611380898382,18.160153924410924,6145000
2020-04-01,16.748214721679688,17.249824205542318,16.52992073765289,16.97115246692438,5625200
2020-04-02,17.449539184570312,17.458828478536013,16.613522216925467,16.748214321800646,6225400
2020-04-03,16.065465927124023,17.20802248387486,15.726414677604545,17.17551084157516,6550800
2020-04-06,17.161577224731445,17.89076992971658,16.892193029640598,17.012952072871517,9210200
2020-04-07,17.194091796875,18.322715454275965,17.091911323146757,18.266981455765954,7135600
2020-04-08,18.039398193359375,18.197312665919622,17.314849124244372,17.74679160001941,5246600
2020-04-09,18.931150436401367,19.353803643414867,18.350582747000843,18.39238369150776,4986800
2020-04-13,18.415605545043945,18.745367526729037,17.653899342230144,18.57816376932483,4068400
2020-04-14,19.042621612548828,19.27949246767058,18.54565577562004,19.15873515896681,3538000
2020-04-15,17.92328643798828,18.183381410247268,17.700348649660025,17.85361760399418,3988600
2020-04-16,17.509920120239258,18.345937155241682,17.156934008109292,18.262335274566258,6521200
2020-04-17,18.564233779907227,19.200535498020724,17.983666066217378,18.968308412544786,10269000
2020-04-20,19.2237548828125,19.66034286999083,18.833613368606212,18.954372426581752,5742600
2020-04-21,18.099775314331055,18.71749829381576,17.853613457343215,18.415604217380192,5437200
2020-04-22,18.94043731689453,19.06584013442482,18.55494134159927,19.01010613943972,5100800
2020-04-23,18.986886978149414,19.432762556421494,18.889350255853852,19.04262098249541,4468400
2020-04-24,18.554941177368164,18.949726443625295,18.438827655321745,18.912571037881346,3514600
2020-04-27,18.852191925048828,18.921860748509992,18.592096992112495,18.815034746735734,4423400
2020-04-28,18.968303680419922,19.678917817734902,18.95437062572798,19.40488985436644,4353800
2020-04-29,20.858633041381836,20.863276802695562,20.1526626143289,20.273421669506657,6672400
2020-04-30,20.13408660888672,20.83076783094857,19.81825764647852,20.83076783094857,4188400
2020-05-01,19.553518295288086,19.6556987715332,19.233045581271927,19.623187123955557,2804600
2020-05-04,18.903282165527344,19.024039451580787,18.508495118704765,18.81968028604735,4077200
2020-05-05,18.931150436401367,19.349159881470534,18.866127138668826,18.880061968005787,2580000
2020-05-06,18.921859741210938,19.363089693803655,18.903281153043416,19.30735570105277,2436600
2020-05-07,18.722143173217773,19.335222370269786,18.657118118710923,18.93114607585929,4377000
2020-05-08,18.852191925048828,19.35380143001317,18.69427746072173,19.237687905412415,5503600
2020-05-11,17.89077377319336,18.671056873962062,17.876840715885617,18.66176757850625,8991600
2020-05-12,18.754655838012695,19.39095741766352,17.858259341396142,18.38773669758381,14820200
2020-05-13,17.63996696472168,18.86612553716967,17.61209908016538,18.86612553716967,13358800
2020-05-14,17.458829879760742,17.839682104162932,16.95721859586412,17.352005648209087,14604000
2020-05-15,16.924707412719727,17.328783770817363,16.85039482475094,17.221959536346723,11566000
2020-05-18,16.96650505065918,17.18015524975274,16.924704117331256,17.050106917315027,14248600
2020-05-19,16.65996742248535,17.105844687662678,16.557788729253474,17.06868751066802,7780000
2020-05-20,17.542430877685547,17.630676515374237,16.99901868080838,17.059398207517336,5188800
2020-05-21,17.277692794799805,17.667834307873573,17.277692794799805,17.45418584807769,5202600
2020-05-22,17.05475425720215,17.059398018396717,16.836460274271737,16.915416616841302,3252000
2020-05-26,17.463472366333008,17.695699401905262,17.389159785819952,17.598164472185317,7384600
2020-05-27,18.959014892578125,18.9961720684169,18.24375520344665,18.46669294322432,10260200
2020-05-28,19.08906364440918,19.511716823206502,19.070486826120053,19.511716823206502,10674800
2020-05-29,19.428115844726562,19.50242842982316,18.94043762254388,18.94508315572279,5800000
2020-06-01,19.743942260742188,20.06906047273118,19.534939341090144,19.720719910975486,4632600
2020-06-02,20.714651107788086,20.75180828435713,20.203752332225587,20.259486325327458,6765600
2020-06-03,21.406688690185547,21.434556572910044,21.081570478739938,21.128016949947433,7768400
2020-06-04,21.076927185058594,21.46706869309775,20.891144839610707,21.234841647163773,7087200
2020-06-05,22.112661361694336,22.131239952071873,21.66214028967455,22.12659441860154,6727200
2020-06-08,21.285932540893555,21.8293429947911,21.202330660024423,21.741097352430046,5112200
2020-06-09,20.375598907470703,20.75180733004905,20.29664256851997,20.742518036333976,6080000
2020-06-10,20.26413345336914,20.612474038240993,20.213043217440973,20.5288721561316,3649200
2020-06-11,18.917213439941406,19.590672173771225,18.861479449454244,19.479202421045287,8031400
2020-06-12,19.660341262817383,20.01332556979063,19.372378469186124,19.83218876938649,5021200
2020-06-15,19.404891967773438,19.61389666967359,18.94508339534491,19.14479880252152,4541600
2020-06-16,19.841480255126953,20.189820839539987,19.730010488543975,19.971526839680568,3831600
2020-06-17,19.841480255126953,19.971526839680568,19.757878373127678,19.892570490987826,3046200
2020-06-18,20.319868087768555,20.63105150290033,20.157309851767163,20.20839831754482,2839000
2020-06-19,20.756454467773438,20.937593067058366,20.482426459729353,20.72858835384645,5223400
2020-06-22,20.770389556884766,20.956170148484095,20.603185784219022,20.71001002303282,3503800
2020-06-23,21.10015106201172,21.471714008040326,21.06299388153292,21.13730647073864,4906600
2020-06-24,20.48706817626953,20.807540828985886,20.2734197411253,20.807540828985886,3233000
2020-06-25,21.20233154296875,21.33237813118,20.245555406373732,20.245555406373732,4962400
2020-06-26,20.942235946655273,21.364889117013067,20.86792335972704,21.062993236006715,4062000
2020-06-29,21.18839454650879,21.295218771859957,21.00261397832264,21.206973134852916,4298400
2020-06-30,21.11408233642578,21.193040452401878,20.891144587628375,21.14659398072425,3250000
2020-07-01,22.26128387451172,22.391330448072274,21.40204454762659,21.453133007417033,7593600
2020-07-02,22.182329177856445,22.6282065034317,22.12659517656652,22.516736729099897,3255600
2020-07-06,22.674650192260742,22.96261125305429,22.59104830819941,22.786119961593148,2418600
2020-07-07,22.25663948059082,22.776829344957346,22.196261723634525,22.75825075585459,3359000
2020-07-08,22.586400985717773,22.614267094843793,22.219481860378007,22.38204006945178,4019800
2020-07-09,22.549245834350586,22.693227240842337,22.298440199204347,22.586403012187848,2757000
2020-07-10,22.474933624267578,22.48886668031243,22.04299116935931,22.12194928770097,2675200
2020-07-13,21.83863067626953,22.163748880993356,21.70858410308067,22.080147006300038,4308600
2020-07-14,21.504222869873047,21.541380045539277,21.188393963716674,21.28593066396471,3428800
2020-07-15,21.703941345214844,22.01977029627066,21.643561812049256,21.690008288235056,2656600
2020-07-16,21.578535079956055,21.727160236572715,21.476356392126863,21.606402961228536,1616200
2020-07-17,21.95939064025879,22.145173000458865,21.95474687854214,22.112661353186635,2460000
2020-07-20,23.924026489257812,24.068007877492885,22.744314590539037,22.83256021908545,8268000
2020-07-21,24.174835205078125,24.221281677465257,23.89151792464777,23.90545275223979,4225800
2020-07-22,23.27843475341797,23.715022661771023,23.17161054249688,23.506018000511737,3391000
2020-07-23,23.292373657226562,23.561756111990316,23.185547655848495,23.264505773595097,2349000
2020-07-24,23.338817596435547,23.343461357680003,23.00905562377597,23.171613843607673,5168200
2020-07-27,22.549245834350586,22.804695230850605,22.461000194614726,22.507444895159544,5741800
2020-07-28,22.526023864746094,22.623558800589514,22.26128516931293,22.31237540382666,3707600
2020-07-29,22.623558044433594,22.623558044433594,22.182326309541857,22.182326309541857,5859400
2020-07-30,22.07550048828125,22.186970240148568,21.861852049933127,21.861852049933127,4288600
2020-07-31,21.713232040405273,21.936169825215234,21.44384777641489,21.736454394119473,5758400
2020-08-03,21.253419876098633,21.411334348693526,21.086217880190986,21.230197524313006,5456800
2020-08-04,21.508869171142578,21.945455370308576,21.323086829677376,21.945455370308576,3458800
2020-08-05,21.555315017700195,21.722518779566293,21.406689845319622,21.57389360718572,2758000
2020-08-06,21.508869171142578,21.703939035104497,21.411332467409903,21.62962645286876,2430400
2020-08-07,21.611047744750977,21.611047744750977,21.32308671165037,21.587825395134296,2815800
2020-08-10,21.42991065979004,21.940811203499855,21.346308784851193,21.875786144962774,2749600
2020-08-11,21.847919464111328,22.1869707161778,21.847919464111328,21.968676740452846,3198400
2020-08-12,21.899011611938477,22.21484054295119,21.722518557136834,22.159104775065327,2376000
2020-08-13,21.899011611938477,22.047636782797188,21.513513856944332,21.666784561002764,2675800
2020-08-14,21.676069259643555,21.85256229144927,21.42990918468538,21.448487771559993,2601000
2020-08-17,21.304508209228516,21.59247101524287,21.16052857797305,21.457778906470192,2944200
2020-08-18,22.09408187866211,22.163750703887125,21.787542236825317,21.829343177609964,3712000
2020-08-19,21.91758918762207,22.140526951621666,21.85256589459117,21.875788246137656,1733400
2020-08-20,22.163747787475586,22.242704125372782,21.68535891216626,21.72715984745054,2060800
2020-08-21,22.479578018188477,22.567823654919906,22.312374267116972,22.433131547473227,1649000
2020-08-24,23.088014602661133,23.29237555577906,22.953322478424667,23.208773669822072,3473400
2020-08-25,23.26450538635254,23.315595619617266,22.99976669739144,23.22734820879574,1999400
2020-08-26,23.0926570892334,23.338817181098374,22.962608743930662,23.310949298872426,2101200
2020-08-27,22.94867515563965,23.05549937739693,22.781471409671155,22.89294116423403,3728800
2020-08-28,23.728960037231445,23.81256191696229,23.28772828793015,23.320239933186393,2542800
2020-08-31,23.03692054748535,23.338816393615858,23.03692054748535,23.213413585457875,2214400
2020-09-01,23.81256103515625,23.877584323260848,23.459574940085975,23.571044699516516,2569200
2020-09-02,24.040142059326172,24.114454640199217,23.663935393797743,23.775403379231467,2162800
2020-09-03,23.636064529418945,23.989050572843688,23.43170540073983,23.85435848333289,2492400
2020-09-04,23.269147872924805,23.69644653266072,22.902230509286714,23.636067008314544,2822600
2020-09-08,22.97654151916504,23.301657924010495,22.911518238195946,23.018342452895386,3181000
2020-09-09,23.15303611755371,23.34810776036969,23.05550118202161,23.097302121785624,1829400
2020-09-10,22.883655548095703,23.25986403698674,22.767542013817817,23.074081673441356,2754000
2020-09-11,22.911521911621094,22.94403355731826,22.642137679556782,22.892943322150767,2037000
2020-09-14,22.674650192260742,22.8093423134431,22.52138125264955,22.61891619347048,2057800
2020-09-15,22.9858341217041,23.13910305294731,22.934743887372438,23.022989528285088,2097400
2020-09-16,23.436351776123047,23.501375061968744,23.088011226162532,23.10658981404749,2229600
2020-09-17,23.32952880859375,23.33881810303601,23.050857062332827,23.15303575769423,1532600
2020-09-18,22.75360679626465,22.89758643117747,22.623558445429886,22.72109337974214,2278000
2020-09-21,22.335596084594727,22.41455242530247,22.042989527189093,22.41455242530247,2661400
2020-09-22,22.419200897216797,22.465645601162834,22.094082654338877,22.149816653424498,2303400
2020-09-23,22.330955505371094,22.60498174222655,22.284509029144136,22.512092333276453,2318600
2020-09-24,22.12659454345703,22.251997371585166,21.652851116668042,21.838633477987926,1962200
2020-09-25,22.586400985717773,22.60033404028078,22.07550046680438,22.26592655675577,1758200
2020-09-28,22.544605255126953,22.892945873636016,22.530670425595225,22.711809035491623,2499200
2020-09-29,22.73967170715332,22.809340529004672,22.4842223132846,22.656069829632397,2992600
2020-09-30,23.20412826538086,23.496734867858088,22.85578766253957,23.032280730736364,3494600
2020-10-01,24.0494327545166,24.14232392895764,23.68715912312352,23.71038147379583,2460800
2020-10-02,24.044788360595703,24.235214465902455,23.724315677543384,23.891517661036936,1976000
2020-10-05,24.393129348754883,24.5649768682846,24.2259255906171,24.263082768759613,2893000
2020-10-06,24.75075912475586,25.13161134056158,24.73218053575271,24.964407583036774,2318400
2020-10-07,25.057302474975586,25.266307202899323,25.01085599557474,25.103747182624403,1921000
2020-10-08,25.475305557250977,25.684310247420427,25.080520298293337,25.493884145655304,3493800
2020-10-09,26.111610412597656,26.32525887618891,26.046587121222217,26.15341135301784,2507800
2020-10-12,25.8933162689209,26.004786033326507,25.544975691312096,25.544975691312096,1757200
2020-10-13,25.874736785888672,25.90260466896551,25.373127292767734,25.419571992810727,2569400
2020-10-14,26.199857711791992,26.315971245663036,25.96298688226591,26.05587629196121,1882400
2020-10-15,25.73076057434082,25.767915984965736,25.243082300279998,25.298818073845332,2670000
2020-10-16,26.009429931640625,26.33919192162492,25.828293113811274,26.3206133321676,2317000
2020-10-19,26.659666061401367,26.91975922360413,26.24630042393294,26.357770187556827,4536600
2020-10-20,27.356348037719727,27.597862617985406,27.059095916331508,27.07767450612174,5230000
2020-10-21,27.76506233215332,27.79293021277323,27.2959645247701,27.458522732340626,2547200
2020-10-22,27.876535415649414,27.93691494500208,27.495683193735907,27.56070648453795,3906200
2020-10-23,28.03445053100586,28.04373982587172,27.70933229770805,27.70933229770805,2427800
2020-10-26,27.611797332763672,27.704688509581366,27.53748474565988,27.625730389173185,3056200
2020-10-27,27.82080078125,27.974069710088358,27.635018436004728,27.974069710088358,4482400
2020-10-28,27.203079223632812,27.374926761778013,27.02658615184068,27.333125817715455,6491400
2020-10-29,26.752553939819336,26.854734403006862,26.54819478519597,26.785065583242336,3669200
2020-10-30,26.67824363708496,26.775780347434818,26.4088611726116,26.775780347434818,2399800
2020-11-02,27.421369552612305,27.58392777335923,26.901179702718697,26.924403824326877,3989000
2020-11-03,27.936918258666992,28.127344392210645,27.68146705485672,27.885828017904938,4036400
2020-11-04,28.53605842590332,28.647528186191792,28.043738228321207,28.13662939993631,2267000
2020-11-05,28.949426651000977,28.991225821642512,28.45710463745084,28.51748417018621,2389800
2020-11-06,29.469614028930664,29.711130381978737,28.93549108656929,29.30705402520023,4172800
2020-11-09,31.006956100463867,31.59216570367155,30.92799621194872,31.067333856619214,4162200
2020-11-10,31.26704978942871,31.438899081645733,30.886197570153428,30.960511926843026,3389000
2020-11-11,30.881555557250977,31.00696016258397,30.588950717313935,31.00696016258397,3077000
2020-11-12,30.932645797729492,30.9698029803103,30.157008214750945,30.667907072973176,3601200
2020-11-13,31.545724868774414,31.573594527225655,30.895488353140447,31.113782369571503,3429200
2020-11-16,31.917285919189453,32.16344602214567,31.81975098463153,32.07055662071056,2050400
2020-11-17,31.898710250854492,32.26562944407438,31.764018125988674,32.02411130862399,2482400
2020-11-18,31.192739486694336,32.22382462635892,31.137003718265056,32.18202545766467,4145200
2020-11-19,30.941932678222656,31.048755134307854,30.770083389668162,30.974444322705562,2747000
2020-11-20,30.886198043823242,31.294916381373437,30.74221840490853,31.215960033807537,2763800
2020-11-23,30.937284469604492,31.276333940818013,30.784013783081747,31.197377602974118,1742200
2020-11-24,32.321353912353516,32.51178176356441,31.829033779569073,31.91728117827685,3879600
2020-11-25,31.680418014526367,31.907999562082455,31.485348116621147,31.545725882114464,3226000
2020-11-27,31.4992733001709,32.223820478980365,31.424962495333006,32.223820478980365,2343200
2020-11-30,32.04733657836914,32.09842681871353,31.280986516707344,31.42961170402629,2842800
2020-12-01,32.61861038208008,32.86012493553906,32.344580642469424,32.42818251549432,2502200
2020-12-02,32.386383056640625,32.4839179837001,32.05661755684013,32.20060072454976,2040400
2020-12-03,31.596813201904297,31.866197441819562,31.355298618758564,31.81510720516309,2497400
2020-12-04,31.35065460205078,32.01482416721216,31.26240718110154,31.977666985391018,4198200
2020-12-07,31.271696090698242,31.411030197658242,31.15093702986332,31.160224552925865,3530600
2020-12-08,31.29491424560547,31.550365403830455,31.183446259972463,31.23453649161746,1926200
2020-12-09,31.32742691040039,32.000887466084585,30.969798820729363,31.94979723277394,3180000
2020-12-10,31.336715698242188,31.448183679405105,30.584298852510234,30.918706339502215,2795200
2020-12-11,31.006956100463867,31.64790147024045,31.002310567373918,31.202025968199763,3877400
2020-12-14,30.932645797729492,31.494634896124342,30.80724473589922,31.011602153085736,3664800
2020-12-15,31.949798583984375,31.96373164029408,31.188094128689077,31.332073768560857,3455600
2020-12-16,32.11700439453125,32.20524827128713,31.689707437438354,31.963733678344497,2901000
2020-12-17,32.674346923828125,32.95301868960523,32.40496268139196,32.6279022201159,3798800
2020-12-18,32.71614456176758,32.71614456176758,31.968373254453805,32.04732959286502,3400000
2020-12-21,31.745439529418945,31.76866365365159,31.294918449934904,31.531791051793245,3332200
2020-12-22,31.777950286865234,31.94515405484466,31.513211578148436,31.856906637437813,1441400
2020-12-23,32.07984161376953,32.288844522269194,31.954440577370384,31.986952219659294,1093000
2020-12-24,32.30278015136719,32.54894022752677,32.12164335783454,32.525716107944376,619400
2020-12-28,32.79045486450195,32.795100397132295,32.33529188481643,32.63254219010175,1550800
2020-12-29,32.84619140625,33.16202030606022,32.83225835153095,33.008749617144254,1355600
2020-12-30,33.440696716308594,33.61718800664999,33.09235612551371,33.10628918218491,2218400
2020-12-31,33.56145477294922,33.64505665397166,33.329227719387305,33.64505665397166,1621400
2021-01-04,32.51178741455078,33.57538774233295,32.3260050634812,33.57538774233295,2473000
2021-01-05,33.22705078125,33.292074079679715,32.87871016387479,32.95766652003888,1278000
2021-01-06,32.874061584472656,33.4406961698671,32.78117217918005,33.20382357981618,2623600
2021-01-07,33.422119140625,33.57074432213485,32.86941758586781,32.90657476712123,2472600
2021-01-08,33.86334991455078,33.86334991455078,33.4453405185328,33.677567567042395,1663000
2021-01-11,34.00733184814453,34.07235514263972,33.426764187649034,33.67292430873852,2112000
2021-01-12,34.74580764770508,34.78761035639212,34.34173487691581,34.49964755894763,2065600
2021-01-13,35.14060592651367,35.14989345122736,34.17918234569779,34.499656872636415,2916600
2021-01-14,35.14523696899414,35.252062959197644,34.89443135780184,35.13130391451176,2105400
2021-01-15,34.778316497802734,35.22419194147293,34.58789218808563,35.094145380007,3444400
2021-01-19,34.79225540161133,35.35424439005911,34.46713543289141,35.35424439005911,4534800
2021-01-20,34.926944732666016,34.968747441690766,34.597182767373816,34.73652040611851,1695200
2021-01-21,34.1095085144043,34.745808331410466,33.97481640698972,34.680785044176304,2787600
2021-01-22,34.4857177734375,34.49036330673279,33.40818437666755,33.477853202082294,2202000
2021-01-25,34.220977783203125,34.82941151234275,34.11415178245549,34.68543187714263,3005000
2021-01-26,33.81226348876953,34.17453715828784,33.69614995143654,33.95624314114118,3388800
2021-01-27,31.973012924194336,32.94372366522389,31.94979234937725,32.846188746585064,4609600
2021-01-28,33.440696716308594,33.477853896434276,32.089133523142664,32.18202647345687,9014800
2021-01-29,33.48713684082031,33.496427906333174,32.82296739678039,33.152729352422135,5107800
2021-02-01,36.2274169921875,36.41319932648912,35.18239534818209,35.21026145810118,5029800
2021-02-02,37.193485260009766,37.9366111129388,36.69187398046883,37.806564531614164,3934600
2021-02-03,37.272438049316406,37.718313518517746,37.03556548822395,37.12381289291596,3288800
2021-02-04,37.04021453857422,37.272441588972804,36.770830309671,37.272441588972804,2064000
2021-02-05,38.06201171875,38.07130278502441,37.17026070559829,37.3188858744569,2251400
2021-02-08,38.31746292114258,38.37319868832551,37.890166003250684,37.890166003250684,3014600
2021-02-09,37.839073181152344,38.1827681965141,37.75082577502439,38.04343410334202,1879800
2021-02-10,37.504669189453125,38.00628047611207,37.4489334208787,37.866942826427824,2778800
2021-02-11,37.62542724609375,37.72296218086989,37.24921701938174,37.518601245051194,3266800
2021-02-12,38.568267822265625,38.67044828839947,37.834429514125716,37.93660998025956,2087400
2021-02-16,38.58220672607422,39.33926572722194,38.35462518105504,39.33926572722194,2675200
2021-02-17,37.996986389160156,38.024856042983785,37.59291361550272,38.0109194443203,2076400
2021-02-18,37.82978820800781,37.95054727634122,37.5464708997086,37.55111643328016,1798400
2021-02-19,38.415000915527344,38.582204686889035,37.53718288763039,37.53718288763039,3754600
2021-02-22,37.2027702331543,38.00163179911596,37.147038012694026,37.978407678255294,2521800
2021-02-23,37.095943450927734,37.356036565387285,36.41319548196849,36.92873972206005,2595800
2021-02-24,38.31746292114258,38.610067725970026,37.866941881048575,38.15490469623844,3649400
2021-02-25,37.992340087890625,38.828355194146816,37.98304902316944,38.452148573506676,3261400
2021-02-26,36.756900787353516,36.933392086962726,35.976617681259036,36.44571736034363,2380600
2021-03-01,38.150264739990234,38.24315415537038,37.46751655208362,37.58827562688105,2185800
2021-03-02,38.45680236816406,38.70296248361777,38.02950188675944,38.159552016276145,3004600
2021-03-03,38.322105407714844,38.98162932118217,37.811206651416256,38.930539091201986,2156200
2021-03-04,37.774051666259766,38.62864548365066,37.17955100311767,38.15954940809528,3526400
2021-03-05,38.21527862548828,38.30352602881335,37.160969492276024,38.164188396563574,3175800
2021-03-08,37.70902633666992,38.257082270247025,37.52324400361775,37.83442737396575,2974000
2021-03-09,38.670448303222656,38.95376557997383,38.02485740531514,38.02485740531514,4440200
2021-03-10,38.545040130615234,38.91660478332481,38.28494699982042,38.28494699982042,1957200
2021-03-11,38.89802932739258,39.01414284777285,38.56362182173683,38.85623016093732,2327800
2021-03-12,37.513954162597656,38.340685394491445,37.46286747425639,38.25708351906414,2337200
2021-03-15,37.53718185424805,37.5557604442772,36.94732668071331,37.34675750758076,1517200
2021-03-16,38.23851013183594,38.57755966909916,37.4814476170765,37.52789586580088,3432000
2021-03-17,37.01699447631836,37.28637873476882,36.57111891586793,37.267800143478716,3716200
2021-03-18,36.1345329284668,36.92410353637133,36.00448279481436,36.92410353637133,2786400
2021-03-19,36.1345329284668,36.705809527120216,36.04628550936431,36.41785023279222,5114000
2021-03-22,36.366756439208984,36.62220406102509,35.75831917549421,36.18561962871091,2539000
2021-03-23,36.77082443237305,37.15632212485919,36.468928606407964,36.75689137853671,1903000
2021-03-24,36.25529098510742,36.7383237419163,36.13917744386021,36.69187903411823,2660000
2021-03-25,36.3203125,36.40391438733008,35.64220987765773,35.897661073250724,2346400
2021-03-26,36.905521392822266,37.54646675835028,36.227418849827956,37.11452785844259,2326000
2021-03-29,36.59898376464844,36.73831786575667,36.29708789699202,36.40391035349131,1488000
2021-03-30,37.5743408203125,37.72296600410653,37.1145322116222,37.1934885653713,1898800
2021-03-31,36.083438873291016,36.58504659030073,35.721165255199324,36.543247423676355,5524000
2021-04-01,36.106658935546875,36.29244127495364,35.795475554555,35.92552212908871,3422000
2021-04-05,35.22419357299805,35.716517277283714,35.02448173257009,35.60969128627268,1942600
2021-04-06,35.03377151489258,35.349600432103266,34.903724939012314,35.31244325513649,2877200
2021-04-07,34.64363098144531,35.0198412268327,34.4439191123495,35.01519569346888,2217800
2021-04-08,34.49964904785156,34.83405655776668,34.25348894847057,34.76438773595045,2954800
2021-04-09,34.25813293457031,34.37424645118633,33.621829587853355,34.36495538549519,3287400
2021-04-12,32.00553894042969,32.86942044699358,31.959090688067892,32.62790583483131,5811000
2021-04-13,32.144866943359375,32.91586242883637,32.0566195328882,32.836902540965774,4145600
2021-04-14,32.7579460144043,32.892638124136205,32.483919805417734,32.692922726051435,3467200
2021-04-15,33.21311569213867,33.371028394808604,33.01340027531837,33.35244980446441,6489200
2021-04-16,33.35245132446289,33.44534428041732,33.14344837469732,33.39889957419208,2815800
2021-04-19,31.698993682861328,32.84155039258358,31.638615922936268,32.84155039258358,5606400
2021-04-20,31.833677291870117,32.07983734264128,31.582871708960976,31.712918260802134,6321600
2021-04-21,31.805822372436523,31.903357320621296,31.45748175313204,31.675772231352806,2960600
2021-04-22,32.172733306884766,32.976240443018156,32.14951272844953,32.976240443018156,3256600
2021-04-23,32.247047424316406,32.40496011312329,32.12628836943242,32.24240189126224,1912200
2021-04-26,33.03197479248047,33.05055338053373,32.22846769081794,32.67898870647525,3981800
2021-04-27,33.48713684082031,33.830831851228105,33.18524099471067,33.705430814830414,4454800
2021-04-28,34.47178268432617,34.66685254918168,33.533583450205704,33.79368014684982,5473600
2021-04-29,33.96553039550781,34.64363302293204,33.528945908182244,34.56467666861298,2963600
2021-04-30,32.64183807373047,33.22705131245786,32.469992300920595,33.10164670383568,3749400
2021-05-03,32.414249420166016,32.90192405928389,32.16808933420605,32.83690077406818,4086000
2021-05-04,32.135581970214844,32.17273560706822,31.81510749076622,31.96837820211154,2531600
2021-05-05,32.43747329711914,32.804392468737355,32.391028594883444,32.79975047896633,3447400
2021-05-06,32.767242431640625,32.827620196827525,32.38174462809096,32.55359039958599,2941200
2021-05-07,33.157379150390625,33.468562558539084,32.776526915946796,32.9019279684755,2101000
2021-05-10,32.2795524597168,33.44068744028215,32.2795524597168,33.34779805923802,2987200
2021-05-11,32.140220642089844,32.26562522697288,31.861548905187995,31.94979631354988,3713400
2021-05-12,31.791885375976562,32.20524928893315,31.750086203061482,32.00089187106391,1741600
2021-05-13,32.284210205078125,32.446768455153226,31.866200745239237,31.963735695284296,1600800
2021-05-14,32.54894256591797,32.553584555365426,31.94515084842928,32.521072911716246,1837600
2021-05-17,33.27813720703125,33.38495966641824,32.948375218939546,33.185244260277784,3329600
2021-05-18,34.36495590209961,34.64362763746663,33.84012407476668,33.886568773410616,3017000
2021-05-19,34.16060256958008,34.281358091670896,33.603255489261436,33.95159608564666,2522200
2021-05-20,34.0862922668457,34.309231834219695,33.826199057829555,33.97946978893016,2306600
2021-05-21,35.50287628173828,35.65614345783776,34.7504592847338,34.85728529814029,4021600
2021-05-24,35.0755729675293,35.84192296077726,35.05699792133865,35.3310241464465,2821400
2021-05-25,33.90979766845703,34.731879935051644,33.90515213488761,34.64827804832136,4384800
2021-05-26,34.35102081298828,34.4206896285809,33.998034745888,34.2023956600255,2098800
2021-05-27,35.12666702270508,35.16846973993849,34.429985779183326,34.5507448535749,2115400
2021-05-28,35.5446662902832,35.73044861067723,35.2799276353602,35.2799276353602,2087000
2021-06-01,35.31244659423828,35.68401131203383,35.07093200812381,35.62827554131337,1692600
2021-06-02,35.49357986450195,35.73509796992864,35.256710835549335,35.344954700971456,1978200
2021-06-03,35.65613555908203,35.96732246302381,35.484289829871265,35.57717922168772,1470600
2021-06-04,35.68864822387695,35.6979392894269,35.39604344211234,35.57718024180042,723600
2021-06-07,35.725807189941406,35.79547601104534,35.55860343669335,35.5632489697012,981400
2021-06-08,35.73973846435547,35.76296258473388,35.43784616045578,35.530735554962874,1780800
2021-06-09,35.87907791137695,36.050927197746404,35.51215876059036,35.60040617028054,2329200
2021-06-10,35.87443161010742,35.971966540227264,35.53073658823226,35.87443161010742,1696800
2021-06-11,35.97661209106445,36.036989844929664,35.73045199918648,35.95803350291284,1358600
2021-06-14,35.63291931152344,35.84192224025148,35.4842941404604,35.5446718981254,2161200
2021-06-15,35.920875549316406,35.98590237819162,35.27993021772037,35.78618698926264,2145800
2021-06-16,34.731876373291016,35.97196794636544,34.55538509429467,35.97196794636544,3747600
2021-06-17,34.5925407409668,35.05234927872688,34.5925407409668,34.940881293952415,2772800
2021-06-18,34.56467056274414,34.982679928685684,34.52751338721527,34.88514500054987,1646200
2021-06-21,34.93159484863281,35.126664733666146,34.51358542105866,34.8433474296161,2054400
2021-06-22,34.727230072021484,34.95945711248667,34.59254150683469,34.7783203044041,1693400
2021-06-23,34.550743103027344,35.03377583261624,34.40676345391568,34.917662297912294,4439600
2021-06-24,34.70866012573242,35.414628873311116,34.70866012573242,34.834061186863394,2710600
2021-06-25,34.78761672973633,35.196335108260634,34.750459547096675,35.01984380597822,2984600
2021-06-28,34.653846740722656,35.11061724285509,34.60723837666593,34.9568064410767,2864000
2021-06-29,34.430118560791016,34.938155676657225,34.411474507549656,34.737736549299555,3061800
2021-06-30,34.08055114746094,34.37418699006729,34.024618986778464,34.37418699006729,3601000
2021-07-01,33.707672119140625,34.411469922266186,33.55386136738666,34.14113652027238,10011400
2021-07-02,34.09453582763672,34.11317988258049,33.679715384110025,33.82420236493688,1094600
2021-07-06,34.69580078125,34.94749024353309,34.462755377949804,34.94749024353309,4092000
2021-07-07,34.59325408935547,34.947484035120276,34.43012304722365,34.90087211794831,2058000
2021-07-08,34.178436279296875,34.229706547368686,33.79158009511513,34.08987789699278,2789400
2021-07-09,34.27164840698242,34.416135385243315,33.856827970822586,34.07122926488353,3249000
2021-07-12,34.14114761352539,34.15046786393775,33.67039495792102,33.991998714996015,2485800
2021-07-13,34.071231842041016,34.462749906541916,33.90343889382493,34.26233074928326,1949200
2021-07-14,34.50003433227539,34.55596650013283,34.16445199310095,34.313600884730725,1478400
2021-07-15,34.95214080810547,35.06866348380817,34.57460847674547,34.64452279336506,1671400
2021-07-16,34.76570510864258,35.04536238552078,34.72375865070484,34.94282185813077,1316000
2021-07-19,32.26279830932617,33.85216572190831,32.24415425490421,33.833521667486345,3947200
2021-07-20,32.4415168762207,32.70352176108346,32.04851490317688,32.54912659903044,2802200
2021-07-21,32.87662887573242,32.94680882069761,32.33859095983329,32.52573272040676,1682400
2021-07-22,32.55848693847656,33.213493890522585,32.46023643109477,33.12460261403471,1983600
2021-07-23,32.684810638427734,32.77838152769839,32.45555946106419,32.77838152769839,1637200
2021-07-26,32.923423767089844,32.93745904469021,32.60527771997831,32.656742784180246,1935000
2021-07-27,32.647377014160156,32.956167337527205,32.39005531418782,32.79709256108049,1735200
2021-07-28,32.89066696166992,33.0216676188498,32.32923098439877,32.460231641578645,2180800
2021-07-29,33.33045959472656,33.5082492883282,32.9748873465248,33.03102845439837,2334600
2021-07-30,33.01698684692383,33.414668419282116,32.97488102409181,33.28834738128598,1252600
2021-08-02,33.096527099609375,33.39128217886517,33.04506204035838,33.194777602861116,1502400
2021-08-03,33.746856689453125,33.78896609054991,33.115244229007814,33.55503528523678,2874400
2021-08-04,34.35507583618164,34.45332633928123,33.643927807770055,33.88721425789754,3797800
2021-08-05,34.5141487121582,34.92118958977685,34.37379237365231,34.579652620195176,1669200
2021-08-06,34.6030387878418,35.4966560353137,34.52350318337054,34.986685104732814,1697000
2021-08-09,35.16447448730469,35.33290135502255,34.72000388984022,34.8369692729361,1455200
2021-08-10,35.2580451965332,35.41711640341901,35.00539954192028,35.36097530428294,1658000
2021-08-11,35.098976135253906,35.36565710807405,34.79954499277166,35.304836384273244,1534200
2021-08-12,35.13640594482422,35.2206211767996,34.88376024889809,35.06622598992794,1412000
2021-08-13,35.833518981933594,35.94112872277009,35.580876853797285,35.67912736351714,2339600
2021-08-16,35.19723129272461,35.744628532214925,34.799546059564115,35.67912819088279,2824400
2021-08-17,35.76801681518555,35.81948187519594,34.88843831869088,34.92586810224401,3235000
2021-08-18,35.13640594482422,35.79609252354813,35.12705028327175,35.66509184480883,2776600
2021-08-19,35.2720832824707,35.473263899242674,34.80422171504756,34.944581613074696,2024000
2021-08-20,35.90369415283203,35.9270886580053,35.370332274284515,35.53876271693113,2147600
2021-08-23,36.18909454345703,36.49320530153666,35.96919901731483,35.997273140961155,3736000
2021-08-24,36.394954681396484,36.867495901908086,36.14230898635565,36.81603083979787,2602400
2021-08-25,36.7177734375,36.759879260684585,36.27798246912713,36.47916306428705,4353000
2021-08-26,36.142311096191406,36.680352687251734,36.118916586775356,36.60081706643873,1819400
2021-08-27,36.46044921875,36.64759454487111,36.17505339955285,36.32008933178412,2214400
2021-08-30,36.568058013916016,36.914274538284175,36.4838427977724,36.6803437789408,3847200
2021-08-31,36.63823699951172,37.143528332415684,36.57273666778347,37.07802800068743,3306000
2021-09-01,36.89088439941406,36.96574396462125,36.642918336291196,36.89088439941406,4894800
2021-09-02,36.61016845703125,37.0406002518587,36.5212736150232,36.96574425556289,5279000
2021-09-03,35.856910705566406,36.554023450584054,35.84755504467714,36.31073700295727,2335200
2021-09-07,36.07212829589844,36.376239046846166,35.763341499036635,35.90837745138834,4312400
2021-09-08,35.894344329833984,36.21249037662765,35.76334364636028,36.11891591021721,1838800
2021-09-09,35.477943420410156,36.03002021128725,35.46390814454471,36.03002021128725,4515000
2021-09-10,35.30015563964844,35.71187612451793,35.28612036302801,35.58087545005969,1443200
2021-09-13,35.183189392089844,35.88966137742812,35.03347382925331,35.651050972141576,4566800
2021-09-14,34.66386413574219,35.529410948973215,34.607723028376356,35.24869113414114,4756600
2021-09-15,34.46268081665039,34.98200381297983,34.21003517088197,34.939897990101805,4244400
2021-09-16,35.052188873291016,35.089618656538136,34.65450724241703,34.65450724241703,5715600
2021-09-17,34.71532440185547,35.290795659369216,34.60771824793435,35.16447461574437,2421200
2021-09-20,34.08372116088867,34.24747202771837,33.73282491646737,33.98547064079085,3380400
2021-09-21,33.943363189697266,34.16793477652047,33.81703854879583,34.16325516069052,2339200
2021-09-22,34.02757263183594,34.20535873858366,33.74217679633274,33.74217679633274,2379200
2021-09-23,34.61240005493164,34.7480767672514,34.41589548534693,34.500110709597394,3772000
2021-09-24,34.458011627197266,35.098979810485936,34.458011627197266,35.00540890722517,2111600
2021-09-27,34.82762145996094,34.939907253572294,34.7387266065389,34.813586181947144,5473400
2021-09-28,33.69071960449219,34.930553734630934,33.592469082866266,34.57497786862672,3020600
2021-09-29,34.266178131103516,34.39250274560602,33.76089038159427,33.8263907115214,4006200
2021-09-30,34.19599914550781,34.52818398881339,33.75621171358985,34.26617909225548,3633600
2021-10-01,34.48607635498047,34.51414690731361,33.92464389131434,34.196000892702656,4736000
2021-10-04,34.00417709350586,34.45332374651828,33.704745991497575,34.30828781040498,1649200
2021-10-05,34.27553939819336,34.46268473889516,34.069679166471325,34.153894391312114,2029200
2021-10-06,34.153900146484375,34.33636590280277,33.81703919035778,34.33168628688404,1861200
2021-10-07,34.439292907714844,34.54222303157065,34.163252705601465,34.27554206044458,2596000
2021-10-08,34.01354217529297,34.38783294122931,34.008866128607195,34.36443842979531,1380000
2021-10-11,33.96675109863281,34.48139813946802,33.86850059197796,34.46736286273171,5481200
2021-10-12,34.46736145019531,34.668542070672586,33.952714430451294,33.952714430451294,5426600
2021-10-13,34.696617126464844,34.81358252362337,34.39250637995255,34.81358252362337,4546000
2021-10-14,35.40776062011719,35.56683182644915,35.220615294814735,35.510690727508546,4385200
2021-10-15,35.445194244384766,35.753981030557696,35.27208417503745,35.66508975775822,4268200
2021-10-18,35.69784164428711,35.7212325826761,35.06622562627161,35.09429974963945,5295400
2021-10-19,36.68034744262695,36.694382718469406,35.81012464539049,35.941125312587296,4954200
2021-10-20,36.292022705078125,36.670989443549104,36.21716670823845,36.605489107751666,2333600
2021-10-21,36.352848052978516,36.4791726948825,36.04406122627074,36.17974153040785,1766400
2021-10-22,36.277992248535156,36.49320817610539,36.09084687732158,36.49320817610539,1437400
2021-10-25,35.8756217956543,36.32476843026106,35.85222729165909,36.310733155663996,5058400
2021-10-26,35.41712188720703,36.12359390655708,35.41244584122181,35.98323756748472,1936800
2021-10-27,35.14108657836914,35.50601807100071,34.83697581134254,35.30015781587485,2101800
2021-10-28,34.766788482666016,34.78550337184571,34.107105594207546,34.38782179290264,3177200
2021-10-29,33.64392852783203,34.53754230533988,33.50356862354253,34.28021700397601,4409600
2021-11-01,34.08372116088867,34.61240712029752,33.966755746081574,34.33168726915953,3195200
2021-11-02,33.714107513427734,34.15857819832679,33.59714210732286,33.99014772797571,3724000
2021-11-03,33.835750579833984,33.901250917907305,33.27431809077674,33.71410556505465,2903600
2021-11-04,33.29302978515625,33.891892001162375,33.194775717983035,33.690711390832156,3125400
2021-11-05,33.2275276184082,33.43806746969802,33.18074217462176,33.37256713449689,4168800
2021-11-08,33.67667770385742,33.709427871293144,33.325781522974424,33.40531713396111,5144800
2021-11-09,33.73749923706055,33.81235523464703,33.46145904530262,33.49888882884617,2580200
2021-11-10,33.414676666259766,33.54567735118027,33.26496108785049,33.51292717995014,2589000
2021-11-11,33.38192367553711,33.50824830354154,33.24624338632896,33.42403307470547,1658000
2021-11-12,33.56906509399414,33.82171075091615,33.27431361233525,33.33981394159278,2079400
2021-11-15,33.20881271362305,33.845101105571004,33.19945348417518,33.611170342376845,1340200
2021-11-16,32.93277359008789,33.25559919566364,32.754987489502845,33.25559919566364,2878800
2021-11-17,32.95149230957031,32.965527586313385,32.37134493068577,32.78306184965211,2641600
2021-11-18,33.667320251464844,33.667320251464844,32.84856245283146,32.86259772968791,4449600
2021-11-19,33.67667770385742,33.73749842352361,33.40999674916637,33.44274691660209,2950200
2021-11-22,32.011085510253906,33.17138369278953,31.852014301007223,33.152668802966346,3372400
2021-11-23,32.58188247680664,33.00295864283389,32.399416733111636,32.58656209240162,3856000
2021-11-24,32.4695930480957,32.60994937469888,32.12805253797714,32.57252316263829,1744600
2021-11-26,31.290578842163086,31.622760110747393,31.117472355006658,31.459009283910103,2347000
2021-11-29,31.416908264160156,31.954949837074462,31.393513755533114,31.622764948174545,4393800
2021-11-30,30.63089370727539,31.346721248242105,30.570069426343544,31.29057658188195,4055000
2021-12-01,31.01922607421875,31.711659255942333,30.9490461190371,31.379477942216713,5481000
2021-12-02,31.421585083007812,31.57130064419276,31.145544897682125,31.468370526596757,3868200
2021-12-03,31.005184173583984,31.674226350680506,30.850792570792823,31.23443890922926,2670200
2021-12-06,30.822721481323242,31.168941641635435,30.757221141696785,30.925651606307905,1922800
2021-12-07,31.487083435058594,31.92687086050006,31.211043267116313,31.337367883301866,4004000
2021-12-08,31.566614151000977,32.0017254636237,31.44964878276368,31.688259133427696,3692600
2021-12-09,30.724468231201172,31.40754569030297,30.724468231201172,31.178294522060018,3025200
2021-12-10,30.57007598876953,30.944366705852136,30.420360415836655,30.850795811331896,2453200
2021-12-13,30.45778465270996,30.813360412210308,30.410999213973113,30.5794296490259,4574000
2021-12-14,30.27532386779785,30.939686486631746,30.21450314449641,30.340824206584248,2387000
2021-12-15,30.02735710144043,30.527968861835326,29.423815219739925,30.495218693192694,4850800
2021-12-16,30.47182273864746,30.78529270305478,30.177071234862012,30.177071234862012,3023200
2021-12-17,29.657743453979492,30.05542505871972,29.40509778791502,29.989924727091935,2118800
2021-12-20,28.99338150024414,29.11034689046975,28.703306047464473,29.040166942434297,2411200
2021-12-21,29.540781021118164,29.75599692792334,29.269422222266062,29.320885498871366,1870800
2021-12-22,29.713890075683594,29.952498711572705,29.362993868066994,29.508031609725336,2324600
2021-12-23,29.59224510192871,29.821498062712045,29.522065150632713,29.58288765610589,1009600
2021-12-27,29.947818756103516,30.0694601888242,29.59224297934223,29.74663814721888,1199400
2021-12-28,30.008642196655273,30.251932223183257,29.840211738136105,30.027357088657478,1351000
2021-12-29,29.886999130249023,29.94314202180982,29.60160327229359,29.844891515390838,1643200
2021-12-30,30.27532386779785,30.56071973086748,30.003963281682342,30.22853842145053,2299000
2021-12-31,30.44375228881836,30.682362689540454,30.191106612083292,30.588788233619773,2161200
2022-01-03,31.122150421142578,31.880087458216156,30.869508311618596,31.374796100167107,3080400
2022-01-04,31.49176025390625,31.936230874678532,31.187653097509912,31.55258454078584,2290600
2022-01-05,31.459012985229492,32.45556047773181,31.454336939269915,32.24034457006718,2167800
2022-01-06,31.861370086669922,31.898799866463722,31.140862888390423,31.496438657431014,2854000
2022-01-07,33.02634811401367,33.096528066816006,31.85201808642406,32.081269267377714,5004400
2022-01-10,33.37256622314453,33.475496338364174,32.502343428379056,33.035705325880414,5424600
2022-01-11,33.55503463745117,33.681355699301264,33.138638097592455,33.381924559841075,3287800
2022-01-12,33.55503463745117,33.70007059170511,33.22285332865943,33.297709328774104,2700000
2022-01-13,32.94681167602539,33.19477774282541,32.745631053423395,33.054421410231356,2325600
2022-01-14,33.55971145629883,33.77960339234321,32.66609415836141,32.680129434119515,3166800
2022-01-18,33.171390533447266,33.46614207757098,32.82984997036656,33.12460508399126,4606600
2022-01-19,32.82048797607422,33.26963462929779,32.55380703917584,33.11523946333023,3061800
2022-01-20,32.553810119628906,33.330458498850675,32.4555596145798,32.78306129807682,2998800
2022-01-21,32.24969482421875,33.10588226536176,32.11869416930072,33.040381937902744,3299000
2022-01-24,31.56194305419922,31.571302285103773,30.49053956367391,31.17829668562908,5116800
2022-01-25,31.50579833984375,31.753767985509747,30.649614327131726,31.706978970044002,3189600
2022-01-26,30.874183654785156,31.922196129743046,30.546681987298605,31.87540711767314,2958600
2022-01-27,30.30807113647461,30.897577698632613,30.078819972663325,30.897577698632613,4354400
2022-01-28,30.626220703125,30.66365048877735,29.943143177723286,30.270644878429305,2243200
2022-01-31,32.10934066772461,32.18887985339914,30.935010609156834,30.935010609156834,3388800
2022-02-01,32.13273620605469,32.15145109919577,31.53387390354362,31.819269777318564,2922200
2022-02-02,32.600589752197266,32.82516484477096,32.240337964579055,32.82516484477096,2198000
2022-02-03,32.15144729614258,32.483628578727526,31.931551789621448,32.057872841505684,2132800
2022-02-04,32.22162628173828,32.553807554395334,31.880085779147027,32.174837271067986,1364600
2022-02-07,31.524511337280273,31.725691955388122,30.977114156440486,31.32333071917242,2237800
2022-02-08,31.519838333129883,31.716339355033707,31.234442462007298,31.295263187024904,3891800
2022-02-09,32.50234603881836,32.689491393384685,31.89880414432985,31.936233929143263,3324400
2022-02-10,31.613407135009766,32.55380991970536,31.566621690440464,32.24969917575398,4653000
2022-02-11,31.145545959472656,32.02980408060117,30.869509334237076,31.81458817715461,3965000
2022-02-14,30.85079574584961,31.136191613881646,30.64961511050737,30.64961511050737,2601800
2022-02-15,31.968978881835938,32.33858991517923,31.85668954571888,32.03447920982081,2055000
2022-02-16,31.59001350402832,31.80990902605285,31.360762320630727,31.660193457578806,1919200
2022-02-17,30.86014747619629,31.459009690367417,30.691717032273115,31.253153035183814,2889800
2022-02-18,31.323335647583008,31.435625012218132,30.916298301659157,31.211049852448955,2511800
2022-02-22,31.473045349121094,31.908156739638915,31.061328464238798,31.112793521036636,2860200
2022-02-23,30.88821792602539,31.515154258467472,30.780611768565407,31.398188871097712,1636400
2022-02-24,30.30339241027832,30.429717033481946,29.01677487362421,29.021452704048293,4262600
2022-02-25,31.122150421142578,31.271865982471866,30.504573284471697,30.570073619459478,1966000
2022-02-28,29.086950302124023,30.322104448914704,28.941914370868357,30.144318353520656,7960000
2022-03-01,28.244802474975586,29.22263322745115,28.071694193843623,29.002739503229545,7291800
2022-03-02,28.64716339111328,28.7267007851788,27.552367258374865,28.09976621711919,6756600
2022-03-03,27.84244155883789,28.918524609751778,27.688048167069987,28.726701435282397,2865200
2022-03-04,26.780397415161133,27.52429739293645,26.691502573415793,27.47283233397868,10114200
2022-03-07,25.489097595214844,26.242354992983206,25.465704874145995,26.0458522095544,8618200
2022-03-08,25.849353790283203,26.223642718984284,25.38149218321925,25.8119240050379,5909600
2022-03-09,27.650619506835938,27.92665791883905,26.97689945361239,26.97689945361239,5853400
2022-03-10,26.822505950927734,27.276330481958592,26.78039833621865,27.075149854431896,5591000
2022-03-11,26.60728645324707,27.83308502711548,26.569858456466857,27.454116520495827,5056600
2022-03-14,27.678691864013672,28.28691158001872,27.26697316105242,27.561726465368455,4005400
2022-03-15,28.123159408569336,28.20737463439946,27.435402325873415,27.6693331121237,5478200
2022-03-16,28.838987350463867,28.923202577190747,28.319660713898198,28.413233386344764,2878800
2022-03-17,28.946592330932617,29.03548716377921,28.277550200956107,28.689268846653214,2812000
2022-03-18,29.41913414001465,29.461241750011933,28.55358922001497,28.61908955006627,3686600
2022-03-21,28.937238693237305,29.55481585065811,28.693952236465755,29.316207224507025,5285200
2022-03-22,29.222631454467773,29.7372802209805,29.18988128934198,29.42849167497292,5052800
2022-03-23,28.254159927368164,28.8530221658614,28.254159927368164,28.679913884687622,3281200
2022-03-24,28.445981979370117,28.45533942457182,28.057657819625316,28.310301701070653,2728000
2022-03-25,28.202695846557617,28.497449145609817,28.095087895895773,28.33837613490311,2563600
2022-03-28,28.19801902770996,28.34305676715385,27.893908271851938,28.010873672604966,2647600
2022-03-29,28.923202514648438,29.138418411484967,28.478733660051066,28.684593895938423,4796400
2022-03-30,28.64716339111328,29.026131901013198,28.623770669829387,28.773486227746588,3233800
2022-03-31,28.69394874572754,28.93255734285089,28.548911027632876,28.750091630094776,3895800
2022-04-01,29.437849044799805,29.59692204954174,29.105667759375546,29.451886105490434,3973400
2022-04-04,31.660194396972656,33.06845884720125,31.58533839526493,32.27777158143988,8000400
2022-04-05,30.294036865234375,31.365440296221337,30.26128669788982,31.248474902919273,4802800
2022-04-06,29.423816680908203,29.69049765867018,29.274101106892726,29.52206719171516,3812000
2022-04-07,29.311527252197266,29.568850751529165,29.049524137836492,29.07759647375914,3423800
2022-04-08,29.53141975402832,29.7559930779097,29.217953380511645,29.46591942432335,4542600
2022-04-11,29.00741958618164,29.246028220068123,28.85302439944597,29.110349710672086,3561400
2022-04-12,28.258840560913086,29.189884119326347,28.23544605376928,29.13374122863191,4335600
2022-04-13,27.978120803833008,28.291588975677772,27.842440523709897,27.88922775034728,3982200
2022-04-14,27.561725616455078,28.00151485930526,27.46815294347092,27.82840657437225,2875800
2022-04-18,25.381492614746094,26.53243175935116,25.12416908343608,26.321893675642812,10340200
2022-04-19,25.531204223632812,25.596704554002745,24.749876304576958,24.81537663494689,8098200
2022-04-20,26.13006591796875,26.28913891066288,25.596704055626702,25.877422046425224,6516800
2022-04-21,25.93824577331543,26.654075215953817,25.80256726932543,26.448214975175315,5656800
2022-04-22,25.77449607849121,26.46225321396855,25.699638292536225,26.064569775972984,8937000
2022-04-25,26.312536239624023,26.38271440629429,25.779172535278352,25.78385215057322,7666800
2022-04-26,25.999067306518555,26.48096415258,25.90549463555267,26.083282531912822,5646600
2022-04-27,26.242355346679688,26.471608299644814,25.872744280659496,25.956959505442583,3169800
2022-04-28,26.32189178466797,26.45757207161607,25.886782155929726,26.078605332916585,6205000
2022-04-29,25.830636978149414,26.3827137762393,25.760458813155097,26.312535611244982,2259000
2022-05-02,25.980350494384766,26.307853926174577,25.699634286993568,26.02713771878338,6236400
2022-05-03,26.148784637451172,26.223642422344604,25.858710944082922,26.03649885248621,2239400
2022-05-04,25.849353790283203,25.910176298931624,24.960416022961542,25.690280772491445,5214000
2022-05-05,24.98381233215332,25.479744529151716,24.824739302894272,25.39552929102925,3750800
2022-05-06,24.347517013549805,24.76391353354004,23.9124056020487,24.75923391828718,5923200
2022-05-09,23.7205810546875,24.239907663215746,23.678473443597365,24.216513157804417,5029600
2022-05-10,25.13820457458496,25.283242318984456,24.3334820187885,24.361554358438532,9119600
2022-05-11,25.24609375,25.67672059381136,25.02368327364288,25.250826924811562,5281400
2022-05-12,24.98582649230957,25.127791056577195,24.394305970213335,24.64984326900148,4857000
2022-05-13,25.13725471496582,25.227166986466777,24.55519875837341,24.55519875837341,4528400
2022-05-16,25.080469131469727,25.32180870053227,25.000023210174646,25.104129590369613,2138000
2022-05-17,25.761899948120117,25.90386631106054,25.487435377135036,25.59627493159268,6361200
2022-05-18,25.03314781188965,25.596274667448974,24.947968717075327,25.43538102226384,4834400
2022-05-19,24.91010856628418,25.274485375200964,24.607250388788962,24.919573109978046,3797400
2022-05-20,25.459041595458984,25.463774770290698,25.018950205328448,25.35493521646599,2408800
2022-05-23,25.383325576782227,25.525290125509713,25.042609215694515,25.13725284990523,2436200
2022-05-24,25.6719913482666,25.714580899208148,25.34073948596316,25.392793582133656,4443200
2022-05-25,26.66574478149414,26.864496618349605,25.69092010295951,25.719311933097863,12277600
2022-05-26,26.91655158996582,27.105837082699825,26.604228812036126,26.69413928569647,3516200
2022-05-27,27.891372680664062,27.971820403648547,27.11056673975664,27.11056673975664,4692400
2022-05-31,27.24306869506836,27.616910093799742,26.88815638605999,27.29985415906004,4476600
2022-06-01,27.593250274658203,27.75414393068334,27.290390247592875,27.51753571918622,2688200
2022-06-02,27.87717628479004,27.910301286276216,27.366103543876733,27.4560140043139,8958000
2022-06-03,27.607444763183594,27.70208840392758,27.233603375092372,27.446551115472012,5002000
2022-06-06,27.593250274658203,27.844054401188387,27.418158898422607,27.834589856107215,3153200
2022-06-07,27.650033950805664,27.650033950805664,27.138959380557047,27.138959380557047,3281800
2022-06-08,27.768339157104492,27.85351825554534,27.43235593835302,27.52699777646298,3645600
2022-06-09,27.446550369262695,27.773069025515976,27.200477632089413,27.522264918763916,4439400
2022-06-10,26.201990127563477,26.973333322769484,25.965381940521638,26.76038559339639,5162600
2022-06-13,24.914844512939453,25.738240048974834,24.758682232380515,25.59627548812501,4380000
2022-06-14,24.93377113342285,25.255558425543143,24.768146117703854,25.047343862185365,4208800
2022-06-15,25.0047550201416,25.25555913821546,24.47948451950007,25.113594577139263,4191200
2022-06-16,24.271268844604492,24.5078770373454,24.15296474823404,24.30439384717404,2434200
2022-06-17,25.307613372802734,25.397523840777158,24.50787829031567,24.659307396997512,4702400
2022-06-21,26.49065399169922,26.50958308103918,25.66252528743768,25.66252528743768,5040600
2022-06-22,26.33449363708496,26.694137310289612,25.795025419512,25.894402236409086,4770400
2022-06-23,26.769851684570312,26.831370322206066,26.235116645502977,26.41020801376033,3537200
2022-06-24,27.35664176940918,27.37556905419089,27.015925370855125,27.091639925514095,3475400
2022-06-27,26.897621154785156,27.394498030496813,26.817173425381483,27.257264836628845,3950000
2022-06-28,26.102617263793945,26.81717325300687,26.041098624666255,26.788781423545903,2141000
2022-06-29,26.29190444946289,26.353421283175585,25.80449031853,26.22565263556273,2899600
2022-06-30,26.007970809936523,26.183062163520997,25.65305853860493,25.97011443968661,3217800
2022-07-01,26.26824188232422,26.33449369546158,25.388060884198662,25.880204574120608,2836400
2022-07-05,26.410205841064453,26.4244017542828,25.667256296351496,25.870737671464088,3439800
2022-07-06,27.034852981567383,27.167352993676328,26.396009769233657,26.64681568452495,2230400
2022-07-07,28.142179489135742,28.298339960243254,27.167353069007135,27.28565716734024,4434400
2022-07-08,28.279409408569336,28.31726758456288,27.385030760259443,27.385030760259443,3777000
2022-07-11,28.061729431152344,28.132712606323167,27.725746253055004,27.867710798219516,4018000
2022-07-12,27.763607025146484,27.967090234046815,27.593250627042007,27.645302917887104,3679200
2022-07-13,27.091642379760742,27.262000594470614,26.940213256724753,27.219411040793148,2485400
2022-07-14,26.98280143737793,27.15789101350804,26.69887049225017,26.69887049225017,2380800
2022-07-15,27.446550369262695,27.55538992134712,26.878690345414913,27.24780035376346,2631600
2022-07-18,26.67047691345215,27.446551529953496,26.50485008835465,27.058514221702822,4677800
2022-07-19,27.339868545532227,27.822786020078418,27.17252135731017,27.215551928040792,4650000
2022-07-20,27.540687561035156,27.621971790901238,27.009957079217525,27.416372756704796,2676000
2022-07-21,27.86103630065918,28.100104741381553,27.516777162355773,27.698469688010064,1822800
2022-07-22,28.023603439331055,28.190950621398958,27.808441473852685,27.9471016098218,1755400
2022-07-25,28.28179931640625,28.549554822091174,28.018822553397715,28.21007804941345,2572000
2022-07-26,28.023603439331055,28.444364413605697,27.956664566503893,28.10488583520761,1968400
2022-07-27,28.664308547973633,28.822092782180615,28.14791980195604,28.300923469528456,2548000
2022-07-28,29.682741165161133,29.76402356687702,28.812530284049544,28.87468859497486,3432800
2022-07-29,30.026996612548828,30.175219706478448,29.663613375232593,29.72576985828106,3107200
2022-08-01,30.160877227783203,30.45732160196087,29.77358567316979,29.77358567316979,2860600
2022-08-02,29.682741165161133,30.251723449015227,29.673178207792034,29.955279066363715,2001200
2022-08-03,30.165658950805664,30.218254304874776,29.630146100547467,29.78793033880717,2311400
2022-08-04,29.850086212158203,30.32344071222094,29.52973354715285,29.821397342114484,2766400
2022-08-05,30.031780242919922,30.27562926666881,29.31457487149104,29.620582204802417,3756800
2022-08-08,30.15609359741211,30.782451757876416,30.12262416092688,30.725077665556014,1311800
2022-08-09,30.15609359741211,30.285190776975497,30.026996417848725,30.079591767739085,1685800
2022-08-10,31.207992553710938,31.356217467085095,30.524258493316633,30.52903905957994,2959800
2022-08-11,31.078899383544922,31.227120659432302,30.701170784059034,31.198433611943173,3064600
2022-08-12,31.638317108154297,31.662225411791393,30.992833036797425,31.160180218572176,2365600
2022-08-15,31.44228172302246,31.54269002839154,31.217556809527206,31.485312290511423,3439200
2022-08-16,31.05021095275879,31.786542204635627,30.940237862457867,31.528347845050632,2597600
2022-08-17,30.892423629760742,30.99761432539334,30.639011670952126,30.901984762138778,1722000
2022-08-18,30.897207260131836,30.973707265911404,30.691608250750196,30.85417304296615,1988800
2022-08-19,30.14653205871582,30.615106015496913,30.017434873080074,30.37603755853018,1540000
2022-08-22,29.706647872924805,29.835745062469684,29.486703499655217,29.496266457097168,1867600
2022-08-23,29.740114212036133,29.964837304681225,29.59667351325369,29.658829994226036,1625200
2022-08-24,30.050905227661133,30.165658893041968,29.69230253127402,29.807056196654855,1104800
2022-08-25,30.003089904785156,30.10349821412947,29.71142610949668,29.85008624560882,2062800
2022-08-26,29.166351318359375,30.266065839344073,29.166351318359375,30.180001050193763,1012400
2022-08-29,29.022911071777344,29.147225866996862,28.87947036223249,28.91772036693558,1960000
2022-08-30,29.32891845703125,30.16565805879402,29.185477747232863,30.031780306175204,2756000
2022-08-31,29.190258026123047,29.577549580314017,29.190258026123047,29.328918167938678,1671200
2022-09-01,29.534515380859375,29.55364129386141,29.07550441249528,29.180693286111563,2981800
2022-09-02,29.634923934936523,30.27562743425947,29.6205804120393,29.802272939176472,1783800
2022-09-06,29.625362396240234,30.10349930447115,29.44845225090011,29.883556764432342,1828000
2022-09-07,30.25650405883789,30.318662369851776,29.414983872582145,29.472359792930856,1495600
2022-09-08,30.792016983032227,30.84461233368184,30.194345860100295,30.237378253909295,1961000
2022-09-09,30.815919876098633,30.91154943903338,30.53860143937753,30.600759743311407,1861600
2022-09-12,31.222341537475586,31.241463803639263,30.79679998137913,30.935456474488895,2200600
2022-09-13,31.19843101501465,31.537907757660527,30.84461074981814,30.930675533016736,7329200
2022-09-14,32.42724609375,32.45593314191128,31.31796857413905,31.59050647535697,4172400
2022-09-15,32.01126480102539,32.154707333791436,31.251028861892703,31.714822250221765,6069600
2022-09-16,31.040645599365234,31.69091205271577,30.9019854654116,31.39446951961724,3881600
2022-09-19,31.59050178527832,31.59528417522693,31.13627323331717,31.236681534869803,1529800
2022-09-20,31.260587692260742,31.79610230752436,31.203213601696877,31.53790795630234,2624000
2022-09-21,30.524259567260742,31.18408899560605,30.41428829986111,31.136276035500998,3327800
2022-09-22,29.223726272583008,30.33778610431245,28.927281910813846,30.156093574993776,4792800
2022-09-23,28.19573402404785,28.889031080890447,28.071417406664693,28.597369099378536,6040600
2022-09-26,27.942317962646484,28.16226230854643,27.679343049533895,27.918411483990322,4817800
2022-09-27,27.28249168395996,28.1096682873312,27.26336577055372,27.875380407973484,3334800
2022-09-28,27.559812545776367,27.722379176069225,26.866513627646594,27.096019136775162,3492600
2022-09-29,27.182083129882812,27.335086798127563,26.823480440444,27.04342480949998,2626000
2022-09-30,27.932758331298828,28.195735099661594,27.540686198036774,27.875382410904965,3966600
2022-10-03,27.889726638793945,28.186171010194673,27.492872130802322,27.79887945920921,2446000
2022-10-04,28.89381217956543,29.022909357715736,28.167043893653055,28.167043893653055,2195200
2022-10-05,28.640399932861328,28.76471471952067,28.267451924988407,28.578241627557933,2202400
2022-10-06,28.396549224853516,28.544772315388936,28.14313726021155,28.210076132083206,1779800
2022-10-07,27.468965530395508,28.25310976200331,27.320742433368164,28.25310976200331,2293000
2022-10-10,27.540687561035156,28.004480985703562,27.49287459566526,27.58850235035277,2830600
2022-10-11,27.000391006469727,27.440276073758387,26.947795656261846,27.24902241039495,3749600
2022-10-12,27.1916446685791,27.535903816143914,27.081673401762007,27.177301145413068,2177000
2022-10-13,27.564592361450195,27.679344193320595,26.40271957606437,26.479221405293796,2152400
2022-10-14,27.71759605407715,28.406112517990746,27.712813663773957,27.994914501395375,3505800
2022-10-17,28.65952491760254,29.07072294039564,28.200513934741757,28.210076891544794,4030600
2022-10-18,28.822092056274414,28.88903093115799,28.43958289697716,28.539991209302524,3220600
2022-10-19,28.554336547851562,28.707340211522837,28.300922747938635,28.68821429757704,1789600
2022-10-20,28.181386947631836,28.736025653447836,28.16226285870176,28.736025653447836,2093600
2022-10-21,28.75993537902832,28.874687214074356,28.109668900608998,28.12401242400287,2405000
2022-10-24,28.898595809936523,29.214166115336127,28.348739426864,28.774281008878113,4838800
2022-10-25,29.214162826538086,29.41019887564251,28.63561763576008,28.640400026001448,3700000
2022-10-26,29.376731872558594,29.54408088986357,29.23329116054548,29.424546659194704,3253000
2022-10-27,29.113754272460938,29.462793975281013,28.979876529995003,29.40541806050239,3098600
2022-10-28,29.381513595581055,29.539297828025976,29.15678866336662,29.300229372120434,1814400
2022-10-31,29.792709350585938,29.917024135602123,29.46279373936878,29.60623443714051,2290000
2022-11-01,30.199125289916992,30.653355691038517,30.046121634120947,30.36647246846034,2591400
2022-11-02,29.36238670349121,30.199126271294272,29.352823746699762,30.079592047322407,2141000
2022-11-03,29.572769165039062,29.649271002883726,29.156790535755444,29.333700693781033,2429800
2022-11-04,30.17521858215332,30.24215745306369,29.797490011790597,30.055684362971252,1587800
2022-11-07,30.74898338317871,31.064555493417835,30.442976053919924,30.457321401442876,3521600
2022-11-08,31.05499267578125,31.121931555295145,30.67248531397263,30.84461490354988,4273800
2022-11-09,30.72029685974121,30.925895879582136,30.624670935678296,30.839831088767443,2357400
2022-11-10,31.886953353881836,32.111678296934514,31.537911786351977,31.576163616636542,3578000
2022-11-11,32.723690032958984,32.90538073854993,32.36986610664163,32.546778069800304,3065000
2022-11-14,32.67109680175781,32.99623005509143,32.312494109752876,32.355524681803765,3409400
2022-11-15,33.19704818725586,33.794719367605495,33.077513951185935,33.421773134730586,3976000
2022-11-16,32.69021987915039,33.16357437010268,32.69021987915039,33.08229197579777,2060600
2022-11-17,32.498966217041016,32.61850044402858,32.188176497294336,32.25511537257576,1957600
2022-11-18,32.460716247558594,32.73803654554347,32.28380426824507,32.63284583610815,1273600
2022-11-21,32.24555587768555,32.3603077200128,32.03995685090594,32.15470869323319,1590800
2022-11-22,32.51331329345703,32.67587810893447,32.1260235230233,32.255118897202706,1625600
2022-11-23,32.857566833496094,32.99622696583678,32.35074291024005,32.35074291024005,1641200
2022-11-25,33.240074157714844,33.38829907048222,32.84800206362076,33.03925754442407,1169600
2022-11-28,32.79541015625,33.02969987756689,32.66631479070204,33.02969987756689,1867000
2022-11-29,33.10619354248047,33.12053706391435,32.77149921604148,32.93406398948483,3032200
2022-11-30,33.742122650146484,33.837748575985025,33.16357740866428,33.17313854209004,4251600
2022-12-01,33.25442123413086,33.79471459156763,33.096635189322775,33.684741504851274,2229400
2022-12-02,32.60893630981445,32.66153166256377,32.32205488893332,32.60893630981445,2994000
2022-12-05,32.69978332519531,32.824099944506635,32.18817697205835,32.47984078204154,2432800
2022-12-06,32.61850357055664,32.77628964079906,32.44637397536409,32.651973011405445,2467200
2022-12-07,32.307708740234375,32.881471535381294,32.28380043714705,32.6232808310916,3105200
2022-12-08,32.527652740478516,32.814534151050694,32.307710204110016,32.3555231645562,3107800
2022-12-09,32.847999572753906,33.00578560604382,32.40333216396071,32.527648764240155,2349600
2022-12-12,33.13966751098633,33.220953556728276,32.723690740890476,32.86235088022078,1714600
2022-12-13,33.31658172607422,33.737340914992345,32.94841789175777,33.5747761083292,2490200
2022-12-14,33.115760803222656,33.43132924209551,33.06794784556251,33.14444784823978,1928600
2022-12-15,32.65196990966797,32.65196990966797,32.3268366660672,32.46071441674485,2424000
2022-12-16,32.94363021850586,33.020130218817265,32.67109235558728,32.76671826795022,2571400
2022-12-19,32.867130279541016,33.10141999269218,32.68065717586243,33.00100803111589,2250000
2022-12-20,33.474365234375,33.54130410823137,32.63284327288701,32.7045645371317,2946400
2022-12-21,33.13966751098633,33.62736919385776,33.02491567591455,33.03925919931164,2802400
2022-12-22,32.541996002197266,32.68543853027766,32.04473319218562,32.62328204698683,1818400
2022-12-23,31.958667755126953,32.30292689720433,31.667007610311625,32.28858337426693,2798400
2022-12-27,32.3985595703125,32.43202900967448,32.1786170190916,32.27424294644145,1574600
2022-12-28,32.29814910888672,32.45115277123018,32.20251953998764,32.2790231951069,1592600
2022-12-29,32.695003509521484,32.85757197033089,32.398560933526525,32.43680911733863,1431600
2022-12-30,32.7093505859375,32.752381160560105,32.39856083804653,32.436809021745916,1320800
2023-01-03,32.704566955566406,33.1492344492917,32.599376246614895,33.13010853421912,1501600
2023-01-04,32.436805725097656,32.642404739154934,32.298149233475485,32.436805725097656,1954200
2023-01-05,32.01604461669922,32.33161670424691,31.92997983354029,32.32683431410062,2758200
2023-01-06,32.22642517089844,32.34117699616323,31.79610126628703,32.13079560993215,1763000
2023-01-09,32.22642517089844,32.49418064581454,31.82478831062954,32.317268693947966,2054000
2023-01-10,31.356218338012695,32.09254959143984,31.188871154937207,32.08298481075267,2712400
2023-01-11,31.834354400634766,31.963449753382992,31.251026822368534,31.52834708874017,2332200
2023-01-12,31.8917293548584,32.102110755440684,31.724382171620224,32.102110755440684,2502400
2023-01-13,32.2838020324707,32.42246217186041,31.695695685567713,31.729165122806947,1919600
2023-01-17,32.03517532348633,32.12124011952494,30.9689283307799,32.01126701707184,4249600
2023-01-18,32.824100494384766,33.08707361330448,32.49896724082048,32.618501471573595,2523400
2023-01-19,33.206607818603516,33.35961148793441,32.895821737199824,32.94363469988537,2796200
2023-01-20,33.70387268066406,33.70387268066406,32.88625893156873,33.46480420497904,2506400
2023-01-23,33.828182220458984,33.89512108779157,33.49348788379606,33.62258322853899,2376000
2023-01-24,34.15810012817383,34.31110378499419,33.73733733599664,33.947718732085235,2419800
2023-01-25,32.00170135498047,33.307016635547214,32.00170135498047,33.26398241966958,4858200
2023-01-26,32.518089294433594,32.537215206830595,32.05907834059,32.231207904268196,2788600
2023-01-27,31.44706153869629,32.011263212811095,31.107584785747672,31.929980817294165,5493800
2023-01-30,31.557035446166992,31.834355724067514,31.36577995630818,31.60484840665793,4069800
2023-01-31,32.20730209350586,32.264679835135865,31.41837547359486,31.499657871649397,3169600
2023-02-01,30.925893783569336,32.39855626085714,30.815920695244788,32.34596091181866,6032800
2023-02-02,32.082984924316406,32.15948857850457,31.083680564774845,31.207993530988094,3991800
2023-02-03,32.264678955078125,32.503747400173,31.939545723833294,32.14514473253069,3803400
2023-02-06,31.992141723632812,32.10211116778973,31.623974267884737,31.863042717837235,1771000
2023-02-07,32.12601852416992,32.183392615813055,31.59050389883272,31.695694597371716,2096600
2023-02-08,32.446372985839844,32.64240723400564,31.992144352759436,32.18817860092523,2445800
2023-02-09,32.34596252441406,32.73325225219208,32.317271829393206,32.65675224389172,2256000
2023-02-10,32.498966217041016,32.690221709800134,32.01126452811051,32.498966217041016,1768600
2023-02-13,32.94841384887695,32.9914444166918,32.336395583871855,32.48939923814941,1981800
2023-02-14,33.3022346496582,33.42176887047687,32.953193119793944,33.10619677652603,3392000
2023-02-15,33.26398468017578,33.34048833675944,33.015355092069136,33.13488931955976,1769200
2023-02-16,33.10142135620117,33.35005095538243,32.91016585411813,33.02013530548656,3008000
2023-02-17,33.19704818725586,33.25920467676988,32.943636190450874,32.981888021488146,2745800
2023-02-21,32.90060043334961,33.13010776096855,32.79540972685323,32.924508738606136,2493400
2023-02-22,32.2551155090332,32.699782981223926,32.049516491828996,32.513309878166055,2157400
2023-02-23,32.307708740234375,32.41289943718679,32.044731997853354,32.2790216948455,1766600
2023-02-24,31.953887939453125,32.092548069682145,31.867823156824592,31.94910554933631,2503400
2023-02-27,32.06385803222656,32.41768195020611,31.968232115304733,32.28858294967725,2208200
2023-02-28,32.34117889404297,32.41768254730547,32.02082805376993,32.21686228143889,2102200
2023-03-01,31.8917293548584,32.336396811974126,31.61441272887585,32.336396811974126,3474600
2023-03-02,31.867826461791992,31.96345238667656,31.55703673407434,31.714822793239563,3263200
2023-03-03,32.379432678222656,32.422463249863064,32.01604759904672,32.20730309587064,2007200
2023-03-06,32.66631317138672,32.900599233194455,32.61371782005711,32.76672148359003,2303200
2023-03-07,32.47983932495117,32.84800312791295,32.298148618643346,32.69978185823802,2233200
2023-03-08,32.51331329345703,32.67587810893447,32.26468367922815,32.67587810893447,2433800
2023-03-09,31.64310073852539,32.35552371051138,31.59528777727243,32.27902370208566,3479000
2023-03-10,30.80158042907715,31.499659915338952,30.605546182939023,31.188873826390815,4866200
2023-03-13,30.442974090576172,30.73942026763117,29.9935260827068,30.227813955031248,4522400
2023-03-14,30.77767562866211,31.088461716171924,30.61510717486293,30.768110847199942,2944200
2023-03-15,29.792709350585938,29.81183343939405,29.190255866418262,29.611016827303114,5540600
2023-03-16,30.548166275024414,30.677265280954913,29.735333179546927,29.735333179546927,2809000
2023-03-17,30.194347381591797,30.533824158775946,30.079593717669525,30.447759366821145,2368200
2023-03-20,30.47644805908203,30.720297085551017,30.146532417218133,30.146532417218133,3294400
2023-03-21,30.88286018371582,31.289279461290214,30.844612004656405,31.035867491533473,4176000
2023-03-22,30.031780242919922,31.035868857288907,29.998310804835715,30.93067815248278,4214800
2023-03-23,30.323442459106445,30.85417472983127,30.165658224644996,30.22781653468016,3422000
2023-03-24,30.309097290039062,30.318660246752128,29.88355574801887,30.13218715071609,2265600
2023-03-27,30.782451629638672,30.935455288347317,30.232595301138055,30.35691191380601,2349800
2023-03-28,31.011959075927734,31.193649781463776,30.988050772193656,31.045428512418454,2431400
2023-03-29,31.585721969604492,31.66222562343861,31.21277577690066,31.29405817317816,2173800
2023-03-30,31.595287322998047,31.772195641879957,31.576161409192828,31.714821548359364,1901400
2023-03-31,31.87738609313965,32.07342397217997,31.67656947160691,31.84869904660498,2368800
2023-04-03,31.920421600341797,32.07342526786604,31.595288350865875,31.843917942632086,2507200
2023-04-04,32.01604461669922,32.18339179287079,31.767415047515005,32.03995291953581,1427400
2023-04-05,32.489402770996094,32.6519712232843,32.178616686374845,32.365089796305696,2336800
2023-04-06,32.74759292602539,32.84322248794795,32.47027631618696,32.647184621927806,1680800
2023-04-10,32.355525970458984,32.53722034296428,32.27424356586207,32.40333893505156,994800
2023-04-11,32.80018997192383,32.80497236224135,32.55633913626008,32.71890757600091,1678000
2023-04-12,33.35483169555664,33.718213118847835,33.19704564055396,33.29745395340245,2454400
2023-04-13,33.211387634277344,33.574772688724764,32.64718596338329,33.574772688724764,2243600
2023-04-14,33.6751823425293,33.694308256463906,33.17791952391467,33.182701914372096,3557600
2023-04-17,32.83843994140625,33.08229076327835,32.541993772701055,32.86712698589893,3377400
2023-04-18,32.957977294921875,33.06795038910455,32.72846997344699,32.948416161812354,5763400
2023-04-19,33.450462341308594,33.55565305949723,32.89104295591881,33.154016103494776,3382800
2023-04-20,33.39308166503906,33.52696307057249,33.30223812829622,33.43133349519147,1684600
2023-04-21,33.89512252807617,34.09116039637649,33.560428177191284,33.565206919421904,3130200
2023-04-24,33.71820831298828,34.038562767820125,33.56042592836945,33.895120256827084,2365400
2023-04-25,33.26398468017578,33.47914483050086,33.144450452685156,33.46958369737546,2990400
2023-04-26,33.3070182800293,33.81384222784474,33.23051462486731,33.62258673783484,3601800
2023-04-27,33.278324127197266,33.36438890636334,33.02491217962347,33.307014818849076,2749200
2023-04-28,33.37395477294922,33.37873351513456,32.99622621030363,33.149229861814966,2379600
2023-05-01,33.426551818847656,33.76602857389355,33.235296332765394,33.235296332765394,1102400
2023-05-02,33.25442123413086,33.493489672484365,33.082291666684746,33.44567306649777,1664200
2023-05-03,33.23052215576172,33.675189720452494,33.206613846131596,33.41221290610466,1908400
2023-05-04,32.761940002441406,33.952503554242824,32.589814068097716,33.70387031416659,10072600
2023-05-05,32.04473876953125,32.111681302743044,31.42316288475347,32.03039524380574,7101000
2023-05-08,32.09254837036133,32.65196763874066,32.08298359003809,32.49418159446089,4267000
2023-05-09,31.55225372314453,31.95389062513299,31.432719495441262,31.79610456906984,5460200
2023-05-10,32.67109680175781,32.94363470176575,31.934765503093583,32.11167747772497,5632200
2023-05-11,32.097328186035156,32.66631225376584,32.078202272643914,32.41290028514813,4321800
2023-05-12,32.83027267456055,32.91241155559692,32.60802254871008,32.67566373109205,3064600
2023-05-15,32.90274429321289,33.08634493593689,32.743302793847654,32.75780049156355,2207800
2023-05-16,32.371273040771484,32.75779717841182,32.35677903068926,32.52588195859415,1880400
2023-05-17,32.32296371459961,32.69016133660404,32.30363713595012,32.525887261167334,5837200
2023-05-18,32.21183776855469,32.46307961231507,32.129702571473366,32.46307961231507,3061200
2023-05-19,32.1248664855957,32.36161429054159,32.10553990848781,32.27464653663993,1961200
2023-05-22,32.15869140625,32.3229654907134,32.033074167377706,32.10071535328376,1749000
2023-05-23,31.56924057006836,32.1393617147683,31.274520394966075,32.0089119220564,7850400
2023-05-24,31.395307540893555,31.549916471533543,31.27451919863832,31.284180644104964,2845600
2023-05-25,31.10541534423828,31.49193954838872,31.071594752837715,31.443624944411916,4245800
2023-05-26,31.313169479370117,31.506431569227917,31.206875145639938,31.206875145639938,2023000
2023-05-30,31.3083438873291,31.67553784183394,31.231037568800826,31.43879369213537,3453600
2023-05-31,31.115079879760742,31.168227048965946,30.81069271991164,30.926650347548808,6449600
2023-06-01,31.289012908935547,31.36631553042809,31.119909968638453,31.18271857898662,4388400
2023-06-02,31.636884689331055,31.723852444476837,31.308340246132303,31.404969446886405,2855000
2023-06-05,31.49677276611328,31.883293292090478,31.47744618688921,31.487107633417207,2158200
2023-06-06,31.10541534423828,31.40013922051519,31.037774161437152,31.31800402513782,2429800
2023-06-07,31.356657028198242,31.661042349302694,31.216542097038673,31.332497883244944,2180600
2023-06-08,31.250362396240234,31.56924172686957,31.2310358176918,31.501600545034016,1589800
2023-06-09,31.719024658203125,31.719024658203125,31.21654462899609,31.27452436988592,1838800
2023-06-12,30.8928279876709,31.477445007243762,30.8928279876709,31.303509486913587,4052000
2023-06-13,31.36149024963379,31.65138156428993,31.274522486620143,31.318004525042937,2883600
2023-06-14,31.095752716064453,31.40013802710086,30.945976343578458,31.40013802710086,3336800
2023-06-15,31.21170997619629,31.2262039889079,30.37585478661972,30.67541123194248,3397400
2023-06-16,32.10554122924805,32.120038927301124,31.400137723545686,31.48227660117517,5664200
2023-06-20,31.98475456237793,32.095881469616245,31.699695817210802,32.07655489069793,6718800
2023-06-21,32.77229690551758,32.907579271441065,32.14902856008321,32.26981691339604,5151600
2023-06-22,33.038028717041016,33.192637660177795,32.81577859166739,32.922072931230424,2201400
2023-06-23,33.187808990478516,33.35691194714238,32.830272812197215,32.9703877437667,3571600
2023-06-26,32.92207336425781,33.182976650389314,32.72881126125285,32.912411917883176,2905600
2023-06-27,33.26511001586914,33.79657800526467,33.21679541431824,33.79657800526467,3095000
2023-06-28,33.308597564697266,33.45354137730073,33.20713579002443,33.35691216889842,1775000
2023-06-29,33.55500411987305,33.6757924769441,33.26994536654605,33.31342740573093,3099200
2023-06-30,33.67578887939453,33.95118615664941,33.62264171306747,33.67578887939453,3766800
2023-07-03,34.202430725097656,34.43434230028026,34.06231579226449,34.08647493750636,3305600
2023-07-05,32.40509796142578,33.60331999947209,32.38093881727855,33.53084625319825,4750400
2023-07-06,32.09587860107422,32.52588480661327,31.941269669713748,32.52588480661327,5959000
2023-07-07,32.04273223876953,32.26498235278735,31.83980870242732,31.926776458883662,6133000
2023-07-10,31.9750919342041,32.18768060828029,31.63688603105369,32.00407995842617,2954800
2023-07-11,32.47274398803711,32.574205773496026,32.16835863166036,32.16835863166036,3551800
2023-07-12,32.371273040771484,32.57419655425735,32.158684396452564,32.554869978758596,2286800
2023-07-13,32.62251663208008,32.902746494653115,32.57903459452633,32.85443189087073,2505400
2023-07-14,32.641845703125,32.77712807851208,32.405101546197606,32.60802510927823,2854000
2023-07-17,34.08647537231445,34.26041089900414,32.92690642310588,32.99454760724431,6324000
2023-07-18,34.16377639770508,34.19759698818515,33.038028093461705,33.385899130495524,9091000
2023-07-19,34.081642150878906,34.38119859356843,33.89804518119901,34.08647471712964,9089200
2023-07-20,34.3087272644043,34.34254785820893,33.7917532241516,33.8932150055655,5566800
2023-07-21,34.03815460205078,34.16860808065053,33.88354566582843,34.15894294866724,3804800
2023-07-24,33.84972381591797,34.1879333855524,33.71444146253126,33.994671300928104,3756600
2023-07-25,34.062313079833984,34.28456319092256,33.965683878897295,34.16860741256498,3461400
2023-07-26,34.21208953857422,34.49231938267442,33.830397927369,33.830397927369,4351800
2023-07-27,32.98488235473633,34.08164268216601,32.98005347457832,34.004336365621164,3083200
2023-07-28,32.897911071777344,33.09600572210223,32.801281872603234,33.06218513377453,3016000
2023-07-31,32.989715576171875,33.352080648293565,32.87375978522001,33.14432452616374,1807800
2023-08-01,32.63701629638672,33.03320196913205,32.63218372986703,33.03320196913205,2331000
2023-08-02,32.216670989990234,32.40026796711137,31.960600260842703,32.39543908683292,2737200
2023-08-03,32.023406982421875,32.24565710561003,31.83981001617982,31.88812461927847,2433800
2023-08-04,32.28914260864258,32.57420134529931,32.23599543974591,32.429257536991244,2756600
2023-08-07,32.351951599121094,32.54521369860953,32.25048982627745,32.293971863424176,2719800
2023-08-08,32.13936233520508,32.38577159971529,31.97025938354822,32.18768062382237,1901200
2023-08-09,32.28914260864258,32.429257536991244,32.16835425863523,32.21183629527728,2004800
2023-08-10,32.16352462768555,32.6321840582698,32.1152100205071,32.318133582357525,2257400
2023-08-11,32.04273223876953,32.21183518572137,31.912282447168902,32.00891164937916,1865400
2023-08-14,31.781063079833984,32.16184942373661,31.600435761336566,32.15697022159146,2657000
2023-08-15,31.17571258544922,31.751775066083447,31.1171304968923,31.541853897939227,4045000
2023-08-16,31.034135818481445,31.41492216693442,30.99996278014802,31.27334708681542,3899000
2023-08-17,30.873035430908203,31.224529814776155,30.873035430908203,31.224529814776155,2771600
2023-08-18,30.682640075683594,30.79004211919875,30.482482906954132,30.75586908031501,5474600
2023-08-21,31.078073501586914,31.1561835711759,30.702168209723993,30.897444314841938,4269200
2023-08-22,30.73634147644043,31.18059284969792,30.643586350082394,30.96090769538576,4264400
2023-08-23,31.16106605529785,31.18547510251803,30.78027784195756,30.99996299152101,3583200
2023-08-24,30.7802791595459,31.024373366778285,30.7802791595459,30.94138223021896,2352800
2023-08-25,30.62405776977539,30.931616979814773,30.458073641119796,30.75586885979227,3344000
2023-08-28,30.990198135375977,31.014607181915004,30.69240292564354,30.858387049316168,2485400
2023-08-29,31.05854606628418,31.13177507256742,30.765633765733185,30.999963978632177,3541000
2023-08-30,31.08783721923828,31.23429336564122,30.78516093503342,31.029255133135294,2042600
2023-08-31,30.419021606445312,30.843745017187057,30.404374687253487,30.750989886330444,5319400
2023-09-01,30.65822982788086,31.107364104939503,30.6387018457716,30.829096877900586,3372800
2023-09-05,30.423900604248047,30.83885999476567,30.409255548342298,30.72657688747609,1862600
2023-09-06,30.731460571289062,30.92185375191733,30.70705152341459,30.736341635947564,2865200
2023-09-07,30.8339786529541,30.960906815008034,30.770513640781676,30.882796747061555,3328000
2023-09-08,31.4198055267334,31.571142737926827,31.07319221183698,31.117129242055608,3464000
2023-09-11,31.83964729309082,31.96169439021271,31.590670172079264,31.644371192779438,3042800
2023-09-12,32.0056266784668,32.08862152772647,31.76153250617933,31.805471393973445,2160600
2023-09-13,31.986103057861328,32.23019726342205,31.922639905265058,32.04468700804542,2429600
2023-09-14,32.31806945800781,32.32295238471969,31.951928170834393,32.19114316015324,2136400
2023-09-15,31.742008209228516,32.318070671664465,31.69807304091704,32.28878055945681,6318000
2023-09-18,30.95114517211914,31.688310695839235,30.882797232087988,31.473506608894652,5654200
2023-09-19,30.726577758789062,31.0487820338888,30.619177575283143,30.999963937958015,3617600
2023-09-20,28.881223678588867,30.253033658448256,28.881223678588867,30.160276676976224,19359800
2023-09-21,28.993507385253906,29.16437443442043,28.656658075860097,29.100909424027673,14201000
2023-09-22,28.73965072631836,29.09114697196078,28.646895600292037,28.915398849139567,5866400
2023-09-25,28.622488021850586,28.79823615369311,28.554141939976507,28.78847216166952,5999400
2023-09-26,28.41744613647461,28.871461494572895,28.29051797268918,28.68106831774928,5444000
2023-09-27,28.52972984313965,28.637131888644703,28.349100653937406,28.412565668307753,5106000
2023-09-28,28.866579055786133,28.964217102975724,28.51996389514854,28.554138794612122,4222400
2023-09-29,28.807994842529297,29.08626392623687,28.74453169539273,29.008151999378015,4591600
2023-10-02,28.275869369506836,28.85681471906381,28.119649240791723,28.85193179250287,4061000
2023-10-03,28.080596923828125,28.33445511469149,27.978077807024924,28.13917901024553,4511000
2023-10-04,28.930044174194336,29.086266177713863,28.519965837896656,28.568785795962437,6044200
2023-10-05,28.93980598449707,29.0325629666851,28.744531753825488,28.890987892401885,2730800
2023-10-06,28.944692611694336,29.032566678533147,28.617605393507414,28.671306419052364,1929000
2023-10-09,28.73965072631836,28.754297644747435,28.383273416060224,28.436974438287923,2319800
2023-10-10,28.81287956237793,29.027681787736267,28.793351579447823,28.925162670789625,3382600
2023-10-11,28.861698150634766,29.193666416955864,28.6517769862761,28.88122613389859,3544400
2023-10-12,28.70547866821289,29.193667087271923,28.646896579367297,28.964219796672076,3238400
2023-10-13,28.412565231323242,28.74941455664793,28.363745273984986,28.54437632270011,4237000
2023-10-16,28.807994842529297,29.144846009090173,28.666421630824715,28.847050805958723,7525200
2023-10-17,28.432092666625977,28.847052053408362,28.329571689335776,28.788469968021758,6923200
2023-10-18,28.022014617919922,28.324690901378496,27.914612575086807,28.222171785378308,7291400
2023-10-19,27.948787689208984,28.25146399514407,27.782803548091472,28.153825936435343,4115400
2023-10-20,27.95854949951172,28.202643696089655,27.929257525497633,28.0513046237866,3690000
2023-10-23,27.655874252319336,27.95855054596329,27.621701212502646,27.851148499515986,4374000
2023-10-24,27.856029510498047,27.895083612334727,27.563115366414028,27.611935321573466,4066000
2023-10-25,27.973194122314453,28.124533192274594,27.548470748285535,27.592407777481,4123800
2023-10-26,27.738866806030273,27.80721288915666,27.411781447556557,27.445954489119746,6010800
2023-10-27,27.49965476989746,27.904850192720005,27.480126786021643,27.846268103383586,4608800
2023-10-30,27.973194122314453,28.002486095875064,27.787682014345712,27.7925649410846,3109800
2023-10-31,27.607053756713867,27.792565870888943,27.3629595557486,27.768156823250607,3352000
2023-11-01,27.602170944213867,27.7486270830606,27.48012385145978,27.704690055177497,4525800
2023-11-02,28.231935501098633,28.295398650979518,27.660754116134246,27.758392166639116,3284200
2023-11-03,28.266109466552734,28.627367844291737,28.266109466552734,28.31492756226093,3332000
2023-11-06,27.96343231201172,28.368629597559362,27.768158059917457,28.275872605195374,3879800
2023-11-07,27.509416580200195,27.90973093355224,27.314142330581966,27.860912836720438,7355800
2023-11-08,27.63634490966797,27.738864024075816,27.485005839143835,27.680281939027175,3500600
2023-11-09,27.421541213989258,27.841383531054692,27.41666014945426,27.82673847515876,3275400
2023-11-10,27.982959747314453,28.01713278731828,27.558236348487636,27.61193737200536,4536600
2023-11-13,27.91461181640625,28.036658911839194,27.83161882312059,27.92437580751579,3722600
2023-11-14,28.656658172607422,28.83240628672479,28.44673702099955,28.495555113902874,4864200
2023-11-15,28.56878662109375,28.78847178300733,28.554141564396524,28.64201376687092,3126800
2023-11-16,28.2124080657959,28.61272240456922,28.124534004866053,28.539493399697363,2592600
2023-11-17,28.38327407836914,28.44673909360016,28.129415879736076,28.363746094868674,2039600
2023-11-20,28.44673728942871,28.515083365054643,28.187998042475996,28.27587023807299,2349800
2023-11-21,28.72988510131836,28.93492518704892,28.573664970424055,28.63712998056576,4182200
2023-11-22,28.62736701965332,28.851933233107747,28.61272196382092,28.77382316485008,1966000
2023-11-24,29.047208786010742,29.061853841566403,28.788469538976003,28.88610572573492,1472600
2023-11-27,28.749414443969727,29.037445673118224,28.734769387971127,28.925162565116736,2721400
2023-11-28,28.973981857299805,29.159493977542336,28.69083354331059,28.803116655952092,4238400
2023-11-29,29.55980682373047,29.68185392198063,29.164375417266143,29.222957502984762,6241600
2023-11-30,29.310832977294922,29.691619346279673,29.19854986496073,29.442644073241418,4789000
2023-12-01,29.637916564941406,29.696500512304233,28.934925957205643,29.047209062881368,3637600
2023-12-04,30.882797241210938,30.892561232646845,30.292089726520725,30.311617709392536,9552600
2023-12-05,30.697288513183594,31.19035800025867,30.6240595049281,30.82909961066886,5286400
2023-12-06,30.62405776977539,30.86327090253734,30.477601623853612,30.702167838419733,5856600
2023-12-07,30.931617736816406,31.136655973666688,30.6924045982001,30.941381728422275,3532400
2023-12-08,31.507680892944336,31.541853933164955,31.097602548005913,31.136656652990467,4777200
2023-12-11,31.77618408203125,31.903114120553486,31.302644419257142,31.302644419257142,7868400
2023-12-12,31.561378479003906,31.649252533511316,31.439331387998156,31.48814947948413,4178600
2023-12-13,32.18137741088867,32.18137741088867,31.33193066477989,31.54185181908869,4634600
2023-12-14,32.65003967285156,32.894133878994666,32.464529417032324,32.54264135079748,8795800
2023-12-15,32.25948715209961,32.5865724536146,32.22531411648732,32.513343455993535,4891000
2023-12-18,32.283897399902344,32.347364275337426,32.10814927875916,32.25949021476583,2897400
2023-12-19,32.31319046020508,32.58169183774768,32.09350345176281,32.22043347500178,3885800
2023-12-20,32.01539611816406,32.61586576350288,32.01051319128841,32.2497244640488,3489200
2023-12-21,32.52311325073242,32.610987313612114,32.269253191487984,32.44500131724737,3770600
2023-12-22,32.708621978759766,32.78673390859787,32.27901753839566,32.39618170857099,3203600
2023-12-26,32.57192611694336,32.79649230278233,32.474286215764636,32.76720219471941,2825800
2023-12-27,32.728153228759766,32.92342934826934,32.61098904688689,32.693980187189254,3579800
2023-12-28,32.8160285949707,32.88437468081645,32.56705143962842,32.625635395174356,3761200
2023-12-29,32.762325286865234,32.83067136795463,32.57681502742002,32.81602631123292,1593000
