Price,Close,Close,Close,Close,High,High,High,High,Low,Low,Low,Low,Open,Open,Open,Open,Volume,Volume,Volume,Volume
Ticker,ADANIPOWER.NS,GOOG,MRF.BO,SBIN.NS,ADANIPOWER.NS,GOOG,MRF.BO,SBIN.NS,ADANIPOWER.NS,GOOG,MRF.BO,SBIN.NS,ADANIPOWER.NS,GOOG,MRF.BO,SBIN.NS,ADANIPOWER.NS,GOOG,MRF.BO,SBIN.NS
Date,,,,,,,,,,,,,,,,,,,,
2020-12-21,9.0,86.3210678100586,74623.84375,235.0159149169922,9.5,86.39452201143068,76983.17349480712,248.2107650967807,9.0,84.31759310873788,74039.11439089358,231.64800496292168,9.470000267028809,85.03769417792094,76614.31107511485,247.703282231031,41461360.0,36568000.0,1046.0,55160758.0
2020-12-22,8.960000038146973,85.53347778320312,75524.6875,237.5533905029297,9.09000015258789,86.22354591256064,76011.69345791824,238.7067862071407,8.550000190734863,84.99129491834705,73134.16971566116,229.06438685630673,8.699999809265137,86.07590297119219,74674.81496532758,235.10818316227991,71457090.0,18734000.0,904.0,51189571.0
2020-12-23,9.399999618530273,85.97417449951172,75180.3203125,242.67446899414062,9.399999618530273,86.74885885416467,76587.75505813106,243.5049083132559,9.029999732971191,85.60990224219043,74702.93558847634,235.84637169608274,9.029999732971191,85.76226291525929,76100.49340878277,237.09204475429377,56908830.0,20676000.0,1480.0,29056404.0
2020-12-24,9.579999923706055,86.2952651977539,75292.265625,246.2269287109375,9.729999542236328,86.65010959091123,75944.909535494,248.07236189871432,9.460000038146973,85.81189109023948,75182.49620089169,244.1969409407527,9.520000457763672,86.10420096497573,75538.71618665005,244.5198973804288,49890820.0,6936000.0,451.0,28585509.0
2020-12-28,10.050000190734863,88.14340209960938,74770.609375,253.93161010742188,10.050000190734863,88.86985660913243,76192.11969648335,254.6697720962448,9.5600004196167,86.66673026679015,74539.07875397617,247.28803957171598,9.649999618530273,86.9297568995485,75359.00298848585,247.98007699589056,79847955.0,27860000.0,786.0,36870242.0
2020-12-29,10.09000015258789,87.2813720703125,74994.9921875,256.42291259765625,10.359999656677246,88.95482552720192,75314.37706712657,258.2683456183793,9.550000190734863,87.15085075792022,74268.27519357223,253.47023665994325,10.170000076293945,88.72405815229808,75314.37706712657,254.94656054926315,68927880.0,25988000.0,949.0,45032526.0
2020-12-30,10.010000228881836,86.32850646972656,76369.0546875,255.500244140625,10.220000267028809,87.59774198473478,76950.91012354982,257.16115106709555,9.850000381469727,85.6376886789627,74621.2263699601,251.44029636327224,10.140000343322754,87.44463920599118,75061.48156748887,256.5152381247328,30731290.0,26122000.0,1292.0,30971894.0
2020-12-31,9.960000038146973,86.9419174194336,75073.8203125,253.70095825195312,10.149999618530273,87.29179417890073,76715.90740263068,255.82319531737502,9.899999618530273,86.12504609512048,74764.05672493989,251.5325684578442,10.100000381469727,86.12504609512048,75660.43215304792,253.74708282156226,25715205.0,20238000.0,1377.0,29467966.0
2021-01-01,10.029999732971191,,75397.03125,257.8070068359375,10.100000381469727,,75608.67632864825,258.3606424157864,9.960000038146973,,74991.27941333817,253.1934239356556,9.960000038146973,,75529.05669106738,253.65478222568382,20633985.0,,534.0,24531791.0
2021-01-04,10.039999961853027,85.76872253417969,77754.8203125,259.3294982910156,10.180000305175781,87.37715765401825,78194.33182581028,261.9592463253599,9.979999542236328,84.75681130832594,75259.88598387588,256.2845446675077,10.140000343322754,87.22281294628222,75934.10420598261,260.0676884924348,32788745.0,38038000.0,2114.0,31450608.0
2021-01-05,9.960000038146973,86.39799499511719,78360.7109375,259.9753723144531,10.050000190734863,86.73298403471841,78581.5821985059,260.6212851242051,9.800000190734863,85.2612722351077,77022.14371407645,255.59246896576227,9.979999542236328,85.60792307639045,77121.00591360497,256.56131002131747,29321300.0,22906000.0,1659.0,27393072.0
2021-01-06,10.140000343322754,86.11859130859375,78118.921875,263.02032470703125,10.369999885559082,86.74935843549238,79125.95762987423,266.8034679549823,9.800000190734863,84.31759274254702,77020.32121768485,259.6524151439926,10.0,84.4977448500782,78615.15406794086,261.12876716259206,54459555.0,52042000.0,1236.0,40765708.0
2021-01-07,10.199999809265137,88.69725036621094,76712.390625,265.465576171875,10.350000381469727,88.75431746516027,78879.10917432413,269.24869169162093,10.140000343322754,86.20593375919945,76400.14809082002,264.81966329046304,10.239999771118164,86.35531082845031,78879.10917432413,266.66509648412483,36058195.0,45300000.0,887.0,30546600.0
2021-01-08,10.6899995803833,89.68782043457031,79976.328125,263.89697265625,10.710000038146973,89.81834174352356,80663.87830545101,268.8796371375243,10.239999771118164,88.01660851095045,76916.70464551746,263.158810569794,10.300000190734863,88.73348369978068,76916.70464551746,267.6801167072637,91751630.0,41012000.0,2502.0,32543357.0
2021-01-11,11.220000267028809,87.67839050292969,81812.2421875,260.6674499511719,11.220000267028809,89.04787218907317,82260.23617615673,265.9269460456759,10.720000267028809,87.37070068849327,79848.0979079626,257.9915773357009,10.880000114440918,88.63868683951934,80118.50094730227,265.74239145464605,84690410.0,24194000.0,3562.0,29703173.0
2021-01-12,11.140000343322754,86.67740631103516,85019.0703125,269.89459228515625,11.479999542236328,88.2401862729812,86266.16553587734,271.14026526597956,11.0,85.62331568317703,81087.26459762033,256.422924952954,11.350000381469727,87.04316284004813,82686.65999970114,258.36063534989313,66362855.0,27140000.0,3950.0,44307145.0
2021-01-13,10.729999542236328,87.06698608398438,84909.0703125,283.08941650390625,11.350000381469727,87.59477351168651,86836.3799683162,284.19668758931215,10.59000015258789,86.25358294239726,84546.50580603616,271.74001459432606,11.260000228881836,86.28187417200391,85473.96848014645,273.12408937154675,45360430.0,21882000.0,2058.0,78042133.0
2021-01-14,10.789999961853027,86.36127471923828,88040.125,283.5046691894531,10.960000038146973,88.08981118186308,89141.75446845892,285.3501023493519,10.550000190734863,86.02479388063934,85076.43589380661,280.32128572499755,10.550000190734863,87.02826918887402,85820.00944655306,282.99718633411106,21917620.0,23590000.0,1496.0,40123498.0
2021-01-15,10.819999694824219,86.16326904296875,86824.578125,280.367431640625,10.989999771118164,87.14639689560761,89137.90117033597,286.8725721076587,10.550000190734863,85.43671600067835,85676.04279404655,278.0144875234509,10.819999694824219,86.2625231023288,88556.74289710894,283.08942858992594,27246045.0,26844000.0,2075.0,35307601.0
2021-01-18,10.710000038146973,,85105.75,271.6939392089844,10.979999542236328,,87257.79653465099,284.7964992428088,10.520000457763672,,84398.66282898674,269.61782666737446,10.84000015258789,,87257.79653465099,280.0445139460507,33757245.0,,3464.0,54969750.0
2021-01-19,11.0600004196167,88.87641143798828,86557.15625,275.523193359375,11.170000076293945,89.79031052225248,87226.56393117498,279.12178261080635,10.800000190734863,86.42479772681979,85274.71295777732,273.4932054949383,10.800000190734863,86.96028647724162,85274.71295777732,274.64660129085075,35709075.0,34692000.0,1395.0,35803901.0
2021-01-20,11.109999656677246,93.64266204833984,92139.2734375,279.1678771972656,11.210000038146973,94.47690493351953,93241.60029108521,281.15174028043606,11.010000228881836,90.59700079890858,86877.67644243212,273.90840982820134,11.100000381469727,90.89129469400088,87138.80685823208,275.7076901811415,22861335.0,49806000.0,2936.0,33759304.0
2021-01-21,10.75,93.85855102539062,90916.03125,272.06298828125,11.260000228881836,96.02281503420217,95642.77150514151,281.5669577579597,10.619999885559082,93.653091262733,89874.73990554319,268.9718821173827,11.199999809265137,94.19354009809759,92711.4084352591,280.5058393265329,25851395.0,41278000.0,5511.0,29995203.0
2021-01-22,10.569999694824219,94.34489440917969,91533.875,261.7746887207031,10.920000076293945,94.83621218523086,93495.19222883407,274.96952373002455,10.520000457763672,93.38757405452097,90615.68503341741,260.5751403458998,10.760000228881836,94.07839194324099,91422.37032280145,272.6627324235646,24028615.0,25442000.0,3725.0,44440810.0
2021-01-25,10.239999771118164,94.26301574707031,88866.15625,259.23724365234375,10.770000457763672,95.76077738666194,93153.29167496704,265.7423845095192,10.109999656677246,92.68138000088868,88400.27525802911,255.63862633484962,10.670000076293945,95.31859818550598,92463.51047829156,262.51287636443817,19722055.0,38546000.0,2675.0,34034630.0
2021-01-26,,95.14836120605469,,,,95.53347325040129,,,,93.51089290297679,,,,93.73893411942035,,,,26262000.0,,
2021-01-27,9.920000076293945,90.85804748535156,87747.59375,254.3468475341797,10.229999542236328,93.79651116223887,89399.73634535774,262.8358522646246,9.880000114440918,89.77665765481767,86762.0236410927,251.62485022015932,10.1899995803833,93.4257945865802,88943.4688069259,258.5452253289747,21260595.0,54966000.0,1882.0,39211107.0
2021-01-28,9.800000190734863,92.4620132446289,86808.9609375,260.529052734375,9.970000267028809,94.23471302005116,88604.33802975016,261.45176938782834,9.699999809265137,91.44613406672411,86443.81682640244,248.67213810568364,9.779999732971191,91.5106450297852,87654.41797969867,250.88665244215622,14131795.0,35462000.0,1667.0,48717297.0
2021-01-29,10.260000228881836,91.10370635986328,83582.609375,260.2983703613281,10.289999961853027,92.1726846562811,88652.3388001304,268.1875863874432,9.899999618530273,89.8362123934404,82754.31097092839,257.5302204351015,9.989999771118164,91.62132375858636,87356.95861578966,263.5278786085926,26494415.0,32252000.0,2773.0,42300984.0
2021-02-01,10.470000267028809,94.35978698730469,87456.90625,286.68804931640625,10.59000015258789,95.40405597386508,87964.7894242027,289.6407254424253,10.199999809265137,91.85755792611496,83233.03674835704,260.8981099434261,10.399999618530273,91.98857146290209,84714.63767773166,263.06649951287875,25295485.0,32044000.0,2886.0,103414068.0
2021-02-02,10.5,95.65805053710938,90024.265625,307.3569030761719,10.770000457763672,97.06003387787534,91174.23414640757,311.32457316652153,10.279999732971191,95.01189583982314,88252.04303852866,290.65572709388283,10.600000381469727,95.41238786442676,88568.64692318812,290.65572709388283,20331525.0,45474000.0,2919.0,121434166.0
2021-02-03,10.5,102.73298645019531,89270.8671875,309.9866943359375,10.640000343322754,105.03719950374536,92205.70043855075,313.6314084961099,10.4399995803833,100.16772320128429,88706.0697787334,300.62109707081424,10.579999923706055,102.87839549064209,92205.70043855075,307.95670628183365,19681310.0,82364000.0,2842.0,66420168.0
2021-02-04,10.649999618530273,102.3508529663086,91464.6953125,327.65667724609375,10.970000267028809,103.15382863593891,92977.22799627266,330.33254981107206,10.510000228881836,101.36921697081479,89375.76087200663,305.5114783760777,10.539999961853027,102.67443011733421,90569.60590717457,308.5564319570743,48773930.0,37046000.0,2800.0,145203439.0
2021-02-05,10.460000038146973,104.11909484863281,89933.7109375,362.71990966796875,10.779999732971191,104.34291815901767,92810.49053706962,376.79133815067377,10.40999984741211,102.19998621432573,89539.36221309325,355.38430126089514,10.600000381469727,102.72951534871969,92711.27975418593,357.0913326430714,29473090.0,30702000.0,2251.0,214955688.0
2021-02-08,10.609999656677246,103.86648559570312,90044.1953125,366.3646240234375,10.899999618530273,105.3869347160513,91818.89676761602,376.2838277240696,10.520000457763672,102.82876693597579,89216.137123976,364.24238705344453,10.569999694824219,104.51164830223856,91223.06639920721,367.24121607921705,22050595.0,24838000.0,2223.0,79389205.0
2021-02-09,10.539999961853027,103.39998626708984,92960.5390625,364.2884826660156,10.699999809265137,104.47294026106866,93748.43884612854,372.3161279144172,10.479999542236328,103.153339141781,89637.84833706255,358.9367379397975,10.670000076293945,103.153339141781,90613.254774603,366.08779120209425,19485990.0,17798000.0,2959.0,63869990.0
2021-02-10,10.420000076293945,103.98905944824219,96189.8203125,361.9355773925781,10.619999885559082,104.63372991225886,97095.8171314502,367.14892042173966,10.399999618530273,102.38658399549954,92002.7863107065,358.01403193963114,10.600000381469727,103.93100033477586,93187.31242857211,363.5964559678432,21315235.0,22710000.0,3919.0,54163507.0
2021-02-11,10.760000228881836,104.0143814086914,89317.078125,359.9978942871094,11.039999961853027,104.31909522357091,97744.49722276776,366.2723843837571,10.420000076293945,103.09278852654595,88398.09796848697,358.2447382891774,10.430000305175781,104.19403374955975,95688.09029898967,361.52037112323245,48658765.0,18914000.0,7487.0,36392708.0
2021-02-12,11.449999809265137,104.42231750488281,90443.8359375,362.7660217285156,11.699999809265137,104.65606849407718,92694.0937509194,368.4868758501748,10.65999984741211,103.38113056344541,89316.92143774012,355.75337001266513,10.800000190734863,103.7344756103159,91214.13535671898,360.78218669182075,181636825.0,17114000.0,5157.0,53589755.0
2021-02-15,11.380000114440918,,89680.171875,375.49951171875,11.819999694824219,,91918.13554186063,377.8063030964077,11.220000267028809,,89126.83176394324,365.11895051929037,11.510000228881836,,91918.13554186063,366.77982904757414,135713730.0,,2700.0,56608937.0
2021-02-16,11.039999961853027,105.3051986694336,88751.46875,371.2550354003906,11.779999732971191,106.83274335243696,90836.33620222157,383.6194324003609,10.890000343322754,104.43472840713319,88325.69201590773,369.3634494456045,11.430000305175781,104.43472840713319,90232.47273086885,380.1592450966896,153363280.0,22676000.0,3671.0,80365431.0
2021-02-17,10.850000381469727,105.62330627441406,88065.4375,379.9285583496094,11.079999923706055,105.88881673739306,89797.96230131955,382.78898542862254,10.5600004196167,104.16474799837782,86491.4755698469,369.22504020569835,11.0600004196167,104.21834685346211,89729.7898728329,371.85478813574395,66870140.0,21418000.0,2668.0,74161370.0
2021-02-18,11.140000343322754,105.07192993164062,88161.4375,383.1119689941406,11.359999656677246,105.84289611354167,89541.39477722363,394.6459272591487,10.869999885559082,104.40245170543977,87756.5164760165,381.72789400233967,10.869999885559082,104.73396489187789,89541.39477722363,392.2007055797048,60758890.0,22432000.0,2609.0,67154539.0
2021-02-19,11.170000076293945,104.2749252319336,87360.328125,368.6714172363281,11.720000267028809,105.73348355681483,88595.61267691154,382.9274003941507,10.890000343322754,104.0898130453819,86255.13672405331,364.473067845035,11.199999809265137,105.17467874674287,87756.4719568191,382.9274003941507,94105590.0,29148000.0,2243.0,66155518.0
2021-02-22,11.100000381469727,102.47541809082031,86264.203125,359.3981018066406,11.470000267028809,103.79253530976204,88044.22407308924,370.0093422964387,10.970000267028809,102.3394369378379,85547.67987148167,355.8456374021541,11.199999809265137,102.58062420310993,87657.35326526313,369.6402613025216,40375600.0,27350000.0,1990.0,52535049.0
2021-02-23,11.0600004196167,102.77218627929688,86781.671875,365.0267333984375,11.329999923706055,103.32553876597618,87260.71491728874,368.8098775131733,10.989999771118164,99.35580848769983,85137.49996875883,358.93679752582364,11.180000305175781,100.49675675125818,86665.75549739813,361.7049476352773,26637005.0,33348000.0,2427.0,45462768.0
2021-02-24,11.050000190734863,103.9786376953125,86977.4609375,374.8536071777344,11.25,104.25705185046773,93210.30347353542,378.7751526066707,11.010000228881836,101.14787165501271,84305.74469489341,364.65760032613,11.140000343322754,101.33149202258612,87260.70963479912,366.318478891226,14371035.0,24966000.0,5442.0,39632090.0
2021-02-25,11.300000190734863,100.81189727783203,86936.6171875,375.7763671875,11.449999809265137,103.96425663834911,87932.03551748447,382.83514414373684,11.100000381469727,100.31214360907788,86715.09549257573,375.1304542491449,11.15999984741211,102.60296081264626,87558.20264774268,379.236554730663,48001070.0,36568000.0,949.0,46988836.0
2021-02-26,11.039999961853027,101.08485412597656,83760.6640625,359.9978942871094,11.25,102.77963967976216,86613.20007781952,370.00937554142985,11.010000228881836,100.05259527222316,83082.11594811712,357.09134248013305,11.180000305175781,101.7627683474908,86613.20007781952,368.62530057057666,28189640.0,41670000.0,2494.0,64450414.0
2021-03-01,11.149999618530273,103.30072784423828,88329.3671875,364.42694091796875,11.300000190734863,103.54935898000207,89043.96150477501,366.9644116270444,11.079999923706055,101.54340785341348,84553.15652700863,360.78219899948397,11.170000076293945,102.06052547894382,84781.72011163709,364.5653427793757,23162795.0,28090000.0,2582.0,29677890.0
2021-03-02,12.260000228881836,103.01933288574219,88975.6796875,363.73492431640625,12.260000228881836,104.43521190472185,89541.38689930568,368.671435997242,11.220000267028809,102.79204134384504,87756.50875513349,360.3669859275439,11.25,103.03670442654219,89243.90720861033,364.4730863923037,166400055.0,22692000.0,2472.0,30534337.0
2021-03-03,12.979999542236328,100.58112335205078,88329.1171875,373.746337890625,13.329999923706055,103.6485179525727,89097.15712677714,377.2988023404721,12.649999618530273,99.7518405206589,87835.79666407735,365.3957641404395,12.800000190734863,102.59104243879125,88549.79445556247,365.8571224284956,185833940.0,29684000.0,1333.0,46268223.0
2021-03-04,14.270000457763672,101.6917953491211,88996.21875,365.07281494140625,14.270000457763672,103.68435059593537,90011.41478823255,372.3161458392388,12.640000343322754,100.2615207203599,85035.77202886618,363.96557192357517,12.739999771118164,100.41537321345079,87766.43447359886,367.8871174497629,145481375.0,42360000.0,1722.0,43603653.0
2021-03-05,14.869999885559082,104.64216613769531,87880.75,354.000244140625,14.979999542236328,105.11710437828245,88946.42447424805,364.4730839570286,13.649999618530273,101.55903561555868,87270.76946447552,348.8791778954929,14.600000381469727,102.88434639138246,88946.42447424805,364.4730839570286,262079475.0,43904000.0,1319.0,72179228.0
2021-03-08,15.609999656677246,100.45506286621094,86868.71875,359.4903869628906,15.609999656677246,105.64810821346929,88652.25638752127,362.9966987204568,15.199999809265137,100.32800981789678,86569.84467330365,356.21472619238034,15.270000457763672,104.27441622852874,87954.81382010563,358.42926852250156,44970640.0,32948000.0,1115.0,39147858.0
2021-03-09,16.3700008392334,101.8709487915039,88294.1953125,357.6449890136719,16.389999389648438,103.1285150733427,88698.51975554442,364.3808094804006,15.220000267028809,101.62926173890396,87260.84857098306,352.7084491685102,16.360000610351562,102.72950728763824,87310.28132449061,363.0428871965295,278848360.0,33946000.0,1631.0,28054083.0
2021-03-10,15.5600004196167,101.98658752441406,87947.84375,357.7372131347656,16.8700008392334,102.97765139857192,89026.25414522609,362.62759952374637,15.5600004196167,100.91164954542201,87737.6712429063,355.89178005830894,16.600000381469727,102.81685483464553,88748.11062533328,360.87444373292726,160234165.0,25372000.0,720.0,22677399.0
2021-03-11,,104.95135498046875,,,,105.49378782988636,,,,102.84763392955281,,,,102.93100824614882,,,,24782000.0,,
2021-03-12,15.109999656677246,102.32852935791016,88084.03125,351.64727783203125,15.859999656677246,103.73498068889266,89486.8494174021,362.81215355994317,14.789999961853027,101.6153798007851,87410.58835611527,348.32549266749334,15.100000381469727,103.4739380392169,88252.30869465109,361.4280787546419,191955005.0,34516000.0,2533.0,35336355.0
2021-03-15,15.859999656677246,102.55532836914062,86836.3515625,354.2309265136719,15.859999656677246,102.58361202814716,88726.04482012667,356.16863716634066,14.819999694824219,101.41487974432123,86289.68614857926,340.80541013282067,15.399999618530273,102.34738478779681,88221.27446272726,352.9391287982521,122387420.0,25962000.0,1256.0,42722585.0
2021-03-16,16.6200008392334,103.84713745117188,86099.40625,349.2943420410156,16.649999618530273,105.3875859151947,87855.67534840674,357.87562293258566,16.0,102.72952022085619,85753.68679248613,347.03370336758877,16.299999237060547,103.17567506077101,87855.67534840674,355.7995106754586,168183955.0,29832000.0,1328.0,38196452.0
2021-03-17,17.440000534057617,103.7756576538086,84822.9453125,339.6981506347656,17.450000762939453,104.70369470408664,86595.32737159597,350.3093927835248,16.809999465942383,101.93545571900566,84546.08784232917,337.7604399149155,16.8799991607666,103.02875715162972,86269.09138234549,348.9714704515201,196271870.0,25980000.0,1316.0,33143064.0
2021-03-18,17.850000381469727,101.05308532714844,82488.5,338.729248046875,18.280000686645508,103.0024692034399,85662.85650570752,346.01870309356457,17.100000381469727,100.92057998943062,82351.51213859228,333.19294879737794,18.06999969482422,102.28286783600868,85376.67946627628,342.78919519802463,249621590.0,27228000.0,1491.0,39405038.0
2021-03-19,18.440000534057617,101.39949035644531,83839.9453125,342.46624755859375,18.600000381469727,101.89080056408538,84186.75707086909,344.0810015477712,16.959999084472656,100.13298835879755,79970.77240512316,329.6404929335134,17.600000381469727,101.34241567958058,82587.2613652207,335.82270518428,204284155.0,46298000.0,1768.0,60309145.0
2021-03-22,19.360000610351562,101.17069244384766,83066.796875,338.6369934082031,19.360000610351562,102.1334725838893,84677.00658389226,343.98873844366693,18.700000762939453,100.5493531857813,81714.65857249749,335.40748529668076,18.700000762939453,101.3319887863275,83294.32238172911,343.2505764246637,134230485.0,39096000.0,1321.0,28461974.0
2021-03-23,20.31999969482422,101.88385772705078,83907.9765625,343.8965148925781,20.31999969482422,102.84375278509316,84264.2085370951,348.74077742021956,20.0,101.20196791810987,82903.43245198939,338.6831431689015,20.31999969482422,101.82132320572043,83294.3239136743,340.2056482048513,54517855.0,27340000.0,987.0,41032380.0
2021-03-24,20.8700008392334,101.49179077148438,81571.3671875,332.0395812988281,21.329999923706055,103.13695296531952,83669.93155761306,340.5285573063599,19.90999984741211,101.3178481813476,81212.00550830385,330.93231009133086,21.18000030517578,102.49973393724686,83205.0730398532,340.0210744290516,119499560.0,23080000.0,1173.0,42318999.0
2021-03-25,19.829999923706055,101.45704650878906,81026.984375,327.7489318847656,21.739999771118164,102.17713999395697,82296.47908828064,332.96227479323625,19.829999923706055,99.78806106370394,79960.66676241509,318.52176632673815,21.079999923706055,101.47937810017173,81708.70873772638,332.177960088989,242877475.0,28378000.0,1695.0,57495003.0
2021-03-26,18.84000015258789,101.01983642578125,81342.59375,329.5943603515625,20.600000381469727,101.78609259385784,82108.75109716295,334.0233884933698,18.84000015258789,99.95135025094393,81112.83718418883,327.1491389858848,19.84000015258789,101.18410882027551,81459.85032091233,332.17795540777104,140281640.0,29870000.0,1077.0,40718848.0
2021-03-29,,102.03224182128906,,,,102.15531926926886,,,,100.03075095540598,,,,100.63918654962447,,,,24596000.0,,
2021-03-30,17.899999618530273,102.01188659667969,82519.8671875,332.9161682128906,19.110000610351562,102.76821498835122,83294.30591271224,336.145676605817,17.899999618530273,101.4406703683131,80618.97213470632,328.76394313627105,19.0,102.11560847439652,81510.41952774832,332.27028342975245,112496705.0,20732000.0,1176.0,39405124.0
2021-03-31,17.010000228881836,102.6615219116211,81527.9921875,336.1455993652344,17.540000915527344,103.88717728039907,82763.61763102518,339.42125973510105,17.010000228881836,102.07169220908598,81311.12636514237,330.2863722973965,17.229999542236328,102.18955970581162,82738.98259083451,332.45473347856006,79469355.0,29198000.0,896.0,38651025.0
2021-04-01,17.860000610351562,106.09178161621094,82473.484375,342.0048828125,17.860000610351562,106.34935596867466,82741.85913053855,343.1582784972576,16.270000457763672,104.06399129155837,81509.4950819193,335.038384140194,16.639999389648438,104.11659813070005,82168.31974231303,339.28288589191675,217391785.0,33980000.0,628.0,31883453.0
2021-04-05,18.75,110.4491195678711,80851.46875,326.2264404296875,18.75,111.03274738094558,82617.05732424512,340.66697764794066,17.84000015258789,106.7801421207213,80595.48125999361,322.0742157581561,18.479999542236328,106.84565267866017,81806.9673887056,339.09834817506515,130597715.0,43298000.0,1103.0,51743981.0
2021-04-06,19.68000030517578,110.409423828125,81539.828125,323.4582824707031,19.68000030517578,111.05011874973307,82005.23666139916,329.4098156130564,19.5,109.9156221906347,80556.16192466012,322.3048867577723,19.579999923706055,110.29775827664542,82005.23666139916,328.21029533523836,16835960.0,27060000.0,942.0,44147709.0
2021-04-07,19.989999771118164,111.64663696289062,82997.8203125,330.8400573730469,20.65999984741211,111.91065562912694,83369.5227130476,335.1307125015106,19.100000381469727,110.43820160485271,80864.89105846257,320.73632653018245,20.65999984741211,110.47790474172571,81311.11056767542,324.10423681113724,304963960.0,25798000.0,662.0,48023602.0
2021-04-08,19.479999542236328,112.42877197265625,82409.5625,328.1180419921875,20.399999618530273,113.35010737527648,83790.06973840295,335.2229432069068,19.360000610351562,112.04365987787578,81806.91820257436,326.9184934677523,20.1200008392334,113.05011129326408,83492.53580777736,333.10070620386483,99529465.0,27166000.0,2087.0,33370259.0
2021-04-09,19.530000686645508,113.44316101074219,81196.203125,325.7189636230469,19.959999084472656,113.59998953817454,82918.65727921079,336.33020464759375,18.920000076293945,111.84683440193864,80815.32835328898,324.05808498718307,19.479999542236328,111.99502259379396,81853.57911407927,327.0107612463938,93023955.0,20888000.0,1056.0,46473100.0
2021-04-12,18.559999465942383,111.90023803710938,78687.9296875,303.43536376953125,18.8799991607666,112.91909339865406,80815.30425781665,317.41451482248533,18.559999465942383,111.09006079216573,78326.39120644094,297.6222322130923,18.8799991607666,112.46897052864345,80815.30425781665,317.41451482248533,79268515.0,31318000.0,995.0,75501713.0
2021-04-13,18.1200008392334,112.51958465576172,82003.5625,314.6463623046875,19.0,113.01287887576844,82302.73106818441,315.79975806093637,17.65999984741211,111.96474035408396,78336.33439019961,304.9578379521971,17.90999984741211,112.23174260920688,78633.81414104847,306.34191285969575,140642190.0,23310000.0,1312.0,49773360.0
2021-04-14,,111.90270233154297,,,,113.05158667158682,,,,111.62231173029588,,,,112.91114526151502,,,,20220000.0,,
2021-04-15,18.149999618530273,113.9781494140625,80399.3515625,316.2149963378906,18.479999542236328,114.47129978297473,81743.41767362862,320.6901494091417,17.700000762939453,112.456564366128,78732.9692597172,310.1250610256256,17.709999084472656,113.00147344964974,81112.80712147187,315.66136073512536,105495080.0,27472000.0,1029.0,52992349.0
2021-04-16,18.350000381469727,114.0327377319336,80643.2734375,313.63134765625,18.920000076293945,114.46350502011981,81261.53539379076,318.79856593417594,18.15999984741211,113.37219507545284,80304.6888712705,312.4779519763145,18.34000015258789,114.29278835061344,80541.34016237878,316.49177457430494,82197165.0,22596000.0,886.0,37766793.0
2021-04-19,17.489999771118164,114.26301574707031,78625.0234375,305.5576171875,17.989999771118164,115.05953958182683,79526.0925468366,306.3880565520226,17.440000534057617,113.54068066554962,78114.2027624261,296.4688524290945,17.600000381469727,113.74589052815423,79427.07983739121,301.86675053710815,76906070.0,24688000.0,941.0,53304377.0
2021-04-20,17.43000030517578,113.82776641845703,78696.1171875,304.03509521484375,18.1299991607666,114.62032211244822,79940.96891106365,313.6313414502047,17.0,112.73992483257209,77996.64486501594,301.4515002065413,17.989999771118164,114.53545600508674,79823.71233983155,309.2023133905223,59369130.0,21774000.0,1342.0,41296147.0
2021-04-21,,113.81089782714844,,,,113.91164368230889,,,,112.08782111119336,,,,113.41189002090522,,,,23930000.0,,
2021-04-22,17.440000534057617,112.55184936523438,77674.078125,310.63250732421875,17.65999984741211,114.33060743397665,78535.48325360463,311.55522383381634,17.040000915527344,111.98261709864877,77004.20653597143,298.3142362892761,17.219999313354492,113.80792393342406,78385.89899880467,300.8055821288189,64092205.0,21096000.0,893.0,49105833.0
2021-04-23,17.559999465942383,114.90320587158203,77597.140625,310.447998046875,18.149999618530273,115.42529112029511,78178.91493350726,313.63135328518615,17.290000915527344,113.06251157388485,77245.57225209159,306.0189416609871,17.360000610351562,113.3235541982414,77731.45582594941,306.0189416609871,55625140.0,28670000.0,760.0,44223940.0
2021-04-26,17.549999237060547,115.470947265625,77214.21875,317.69134521484375,17.940000534057617,116.19154819666925,78534.6334034135,320.5979253166266,17.399999618530273,114.8307521888439,76878.66322937689,313.03163719234016,17.719999313354492,115.13298218032035,77939.42615972161,313.03163719234016,35263610.0,20834000.0,742.0,49234985.0
2021-04-27,18.0,114.49726104736328,77381.03125,325.76507568359375,18.149999618530273,116.00246659500257,77741.3768479034,327.518259704126,17.549999237060547,114.35582003906823,77015.72765612416,315.9381497873308,17.65999984741211,115.93051175718163,77382.71232050941,317.414501939796,44581860.0,31972000.0,605.0,46003023.0
2021-04-28,18.899999618530273,118.10965728759766,77437.25,335.3152160644531,18.899999618530273,121.70608135750207,78584.23588292129,336.14565539556196,18.059999465942383,117.85854233793792,77216.67340809401,328.53324323542375,18.239999771118164,119.46126773420414,77384.50157116257,329.4098352932522,59991155.0,59728000.0,1056.0,56696255.0
2021-04-29,19.399999618530273,120.59005737304688,77059.7421875,331.62432861328125,19.84000015258789,120.91908679997171,78336.32526015076,341.35900529249295,19.139999389648438,119.21983344543095,76851.75428593902,328.0257396330877,19.3799991607666,119.61934105132906,78336.32526015076,336.79154702131365,206709740.0,39554000.0,1029.0,63692926.0
2021-04-30,18.950000762939453,119.60890197753906,80043.3046875,326.1802673339844,19.65999984741211,120.45357230680484,81013.63069916551,334.4847154414974,18.889999389648438,119.21386981598272,76503.63745175376,323.3659934056225,19.020000457763672,119.3295033916252,77146.39496199605,326.1341427747935,86726395.0,39142000.0,3198.0,53832840.0
2021-05-03,19.110000610351562,118.86697387695312,79200.6953125,323.5044250488281,19.530000686645508,120.08434482450056,80424.57629117988,325.2575808456851,18.40999984741211,118.33744477612487,78534.6352128384,315.0154216042614,18.799999237060547,119.24166605463816,79428.16655754366,322.5817085074219,67063760.0,33788000.0,934.0,43691860.0
2021-05-04,19.139999389648438,116.83621215820312,77987.375,324.33489990234375,19.799999237060547,118.07739897884774,80130.01891436757,334.8538639970908,18.8700008392334,114.72454752284926,77732.53406961756,323.13537953048944,19.34000015258789,117.60494453426084,80042.75820668797,327.564408151727,106963065.0,35120000.0,1093.0,57749307.0
2021-05-05,19.40999984741211,116.95978546142578,77584.296875,327.9335021972656,19.760000228881836,118.22331148805296,78670.53939353327,329.82508828531144,19.219999313354492,116.69527457406797,76849.21985968754,321.10540440213924,19.350000381469727,117.53943763387613,78485.06389214097,328.94849617632946,96372575.0,21806000.0,924.0,40872501.0
2021-05-06,19.3700008392334,118.18112182617188,77266.34375,328.0718688964844,19.780000686645508,118.24861640060404,78445.15361190357,331.57820879743775,19.200000762939453,116.24504302548796,77093.99918552588,323.45828599449993,19.600000381469727,116.65705298910346,77344.82726610047,330.3325357820869,41087110.0,20618000.0,831.0,36294427.0
2021-05-07,19.40999984741211,119.04166412353516,76814.28125,330.563232421875,20.0,119.9210699815087,78038.85982448132,334.0234197814899,19.34000015258789,118.61039706922145,76596.08293700202,325.7189701184142,19.799999237060547,119.10667488122657,77840.24559638213,329.87119494995204,64647700.0,23272000.0,1084.0,38357618.0
2021-05-10,19.700000762939453,116.2114028930664,77741.6015625,333.74658203125,19.959999084472656,118.01487798998107,78048.74932139087,338.63696840397205,19.40999984741211,115.86748572462581,76898.4945988294,331.07068155202484,19.600000381469727,117.8605332716625,76997.65448870539,332.6393109254276,69583050.0,26006000.0,1369.0,41739324.0
2021-05-11,19.799999237060547,114.57865905761719,77968.8203125,336.4686279296875,20.200000762939453,115.23572596387,78865.47356393775,338.0833821014484,19.469999313354492,113.30024519805322,76874.69170136846,327.33373853268404,19.59000015258789,113.73994820156334,77642.18920384323,329.27144917061275,69385075.0,32110000.0,1243.0,41892770.0
2021-05-12,19.489999771118164,111.12057495117188,76684.1171875,339.28289794921875,20.15999984741211,113.41784385782482,78493.98681739449,344.63464285305236,19.399999618530273,110.67243614647123,76374.98619304172,333.9311248863098,19.989999771118164,112.24365188467097,77448.84145040483,334.76156417703226,45772815.0,34934000.0,1505.0,53436590.0
2021-05-13,,112.25655364990234,,,,112.98265224138152,,,,111.30121736158576,,,,112.21287490269839,,,,26670000.0,,
2021-05-14,19.15999984741211,114.94587707519531,75521.96875,332.59320068359375,19.68000030517578,115.19302396371116,77123.60270476811,343.71192414741705,18.799999237060547,113.31610248358523,75361.53111539886,331.7627332389305,19.68000030517578,113.73843385961295,77071.99307069217,341.4051327101861,58664505.0,26624000.0,1857.0,51722170.0
2021-05-17,19.40999984741211,115.20643615722656,77542.0,353.4927062988281,19.68000030517578,115.30221438690029,77728.26566572083,355.4304166328113,19.25,113.89576318362138,75362.55846495707,335.5458586270196,19.260000228881836,114.60643643618464,76182.31641767903,336.23789602065114,36777455.0,19842000.0,1610.0,106555796.0
2021-05-18,20.3799991607666,114.31411743164062,78575.4453125,352.7084045410156,20.3799991607666,116.28533289649488,79284.58580388779,362.21237383140135,19.420000076293945,114.30071393282655,77807.01029832868,350.6784168483727,19.579999923706055,115.97545460555104,78435.48265988306,359.8594578704934,122211235.0,17302000.0,977.0,70917710.0
2021-05-19,20.479999542236328,114.57615661621094,78976.5546875,354.6922302246094,21.389999389648438,114.97565662278348,79294.91223223039,359.39809018230284,20.260000228881836,112.33347856164839,77691.99225911313,351.7395542096985,20.739999771118164,112.37714973720954,78639.7595966823,352.4777161736577,196348435.0,19350000.0,761.0,48189573.0
2021-05-20,20.020000457763672,116.9275131225586,80750.109375,354.83062744140625,20.790000915527344,117.13843270235449,81750.92700453666,357.8294561393424,19.790000915527344,115.19054082028367,78620.05431683364,352.4777115728088,20.600000381469727,115.53545752658258,79179.61820102794,357.09129418501834,95651010.0,23832000.0,1433.0,42898608.0
2021-05-21,20.219999313354492,116.3821029663086,81502.1953125,370.1939392089844,20.549999237060547,117.56820659332212,81707.75066901659,373.14661565706973,20.100000381469727,116.24662161210094,80418.67207836462,348.7869012047445,20.200000762939453,117.4188295214368,80418.67207836462,359.85950124299035,64646940.0,22832000.0,1827.0,192810772.0
2021-05-24,20.209999084472656,119.43770599365234,81888.734375,380.2053527832031,20.600000381469727,120.0238100181119,82552.6099862259,386.8027988098804,20.200000762939453,117.12703339736446,81312.01877709915,373.9770159131239,20.34000015258789,117.46896653672783,81357.77952714013,384.7728110848912,45679455.0,21244000.0,1217.0,142964052.0
2021-05-25,20.079999923706055,119.55680084228516,81488.9609375,380.482177734375,20.5,120.7389364994994,82362.50540814224,383.3887292557626,20.0,119.25506307653886,81138.18279939657,376.929713359757,20.399999618530273,120.09923365607258,82253.08865852711,383.0196482649486,42903045.0,18838000.0,942.0,56048127.0
2021-05-26,19.850000381469727,120.77069091796875,80945.0625,381.5894775390625,20.270000457763672,121.23788994460826,82086.93511291998,386.38761561148135,19.809999465942383,119.72776238540749,80728.64604038364,379.05200663056917,20.25,119.74364212410795,82079.55234924535,381.82015671256187,31769885.0,21856000.0,648.0,52357719.0
2021-05-27,19.030000686645508,119.23125457763672,82135.53125,392.339111328125,20.0,121.09179674425488,82489.77999012242,395.9377004523106,18.860000610351562,119.20593937879994,80648.72926980154,380.15924089033814,20.0,120.93993584163064,81006.69650614637,381.7278703809433,172749750.0,38962000.0,1085.0,73392997.0
2021-05-28,18.389999389648438,119.68037414550781,82648.7890625,389.4324951171875,19.399999618530273,120.50319754240378,82897.68042358036,400.13601235667306,18.149999618530273,119.48831033230057,82019.17014814349,387.5870620813822,19.18000030517578,120.19649973462448,82019.17014814349,397.2294609570944,130924555.0,24108000.0,653.0,65137568.0
2021-05-31,18.5,,82929.8515625,391.5548095703125,18.850000381469727,,83234.27243595729,393.07728638576594,18.450000762939453,,82302.91313499719,385.69555330809897,18.530000686645508,,82475.8929213222,388.46370321222406,49124395.0,,458.0,38291043.0
2021-06-01,19.06999969482422,120.58609008789062,82508.0625,399.1210632324219,19.420000076293945,120.99110297580962,83969.57842972575,401.7046866672019,18.360000610351562,119.34887128149819,82084.99841910138,392.7081996105922,18.799999237060547,120.19849417780077,83222.75733890395,393.1234051946821,158721500.0,19166000.0,717.0,59299647.0
2021-06-02,19.280000686645508,120.16275787353516,83682.6171875,403.4578552246094,19.8799991607666,121.19104102421886,84008.30318994672,404.10376814325974,19.100000381469727,119.31511148753522,82302.70664336879,395.9838447275696,19.190000534057617,120.85903558806432,82947.19943106535,397.50632156829977,153788695.0,17158000.0,806.0,38657806.0
2021-06-03,20.149999618530273,119.33546447753906,83749.7578125,409.417724609375,20.239999771118164,119.5903051465207,84384.5826175053,411.5595835342854,19.399999618530273,118.25457443598461,83165.11721522693,403.69063137062693,19.5,118.85953421263468,84038.51455208176,406.94995596070123,252347030.0,18346000.0,486.0,38909199.0
2021-06-04,21.149999618530273,121.6754150390625,84216.015625,403.78375244140625,21.149999618530273,121.77958371082647,84604.52105299411,411.512996373803,19.8700008392334,119.98856560491551,83585.45930772022,402.0609609377117,20.280000686645508,120.22430061160439,84539.62554012658,407.41556551302574,282495740.0,25948000.0,421.0,36898769.0
2021-06-07,25.3799991607666,122.38658142089844,81699.5625,402.5265808105469,25.3799991607666,122.48137521579889,86510.10278158302,407.3224383798865,22.25,121.14504623414952,81311.10366025724,401.1762778473778,22.510000228881836,121.65358412331227,84355.3585345862,405.1806079062955,575751000.0,23850000.0,4660.0,20201197.0
2021-06-08,30.350000381469727,123.21834564208984,80668.0625,397.8238525390625,30.450000762939453,123.79625609948549,82401.82679403048,402.759389762753,26.31999969482422,122.49328444293478,80517.83525810833,394.8438873049879,26.799999237060547,123.07194458762119,82401.82679403048,402.5265808669364,1106974700.0,25060000.0,1066.0,31113823.0
2021-06-09,30.469999313354492,123.64265441894531,79539.9765625,392.46923828125,33.380001068115234,124.3175925496638,81208.53558455112,402.57312137591043,27.700000762939453,123.44067049945049,79328.9131618185,389.4427227100807,31.200000762939453,124.04463823713085,80732.22719301136,398.1032020538051,962186980.0,20126000.0,1284.0,27784834.0
2021-06-10,30.81999969482422,125.14140319824219,81500.9921875,402.5265808105469,32.79999923706055,125.22378548907882,81626.42943480318,403.50436680521784,30.600000381469727,123.77167171864568,79351.35319491595,393.3539046328461,31.469999313354492,123.77217151009665,80607.06587569123,395.68199359068615,288468315.0,31234000.0,882.0,27397712.0
2021-06-11,29.65999984741211,124.76077270507812,81453.453125,400.0588073730469,31.899999618530273,125.40891141702494,82156.49676582922,405.5530915634597,29.399999618530273,123.9845889238439,80674.75358461664,396.0079269514609,31.799999237060547,125.30618154477034,81806.91166207327,404.947794125534,171298415.0,25240000.0,1162.0,26831924.0
2021-06-14,28.18000030517578,125.41139221191406,81803.09375,400.75726318359375,28.18000030517578,125.47045091033763,82302.71242776769,402.7128637105549,28.18000030517578,124.11610675138665,80642.62860351517,388.04590238693095,28.18000030517578,124.7339778092754,81311.11348285484,397.6376181071387,10649595.0,22550000.0,496.0,30106015.0
2021-06-15,26.780000686645508,125.09475708007812,82152.5859375,399.9656982421875,27.600000381469727,125.91758803507994,82601.08304175914,403.0387644163562,26.780000686645508,124.71312084525886,81234.7604042615,398.56884481410066,26.780000686645508,125.58012276594714,81806.9129957591,399.6863389241924,29625545.0,22182000.0,6745.0,16413658.0
2021-06-16,25.450000762939453,124.76077270507812,81830.71875,396.6598205566406,25.450000762939453,125.58161210010309,82442.28745472907,402.9922113547311,25.450000762939453,123.22573124814696,81721.64285616911,395.77513535704384,25.450000762939453,125.30766577409084,82292.75741902426,398.5688421948583,4019480.0,26316000.0,329.0,19701175.0
2021-06-17,24.18000030517578,125.43025207519531,81986.859375,391.3517761230469,24.18000030517578,126.2496072479246,82600.20993598738,396.65983061714496,24.18000030517578,124.58062165310768,81125.90340528906,387.9527717346413,24.18000030517578,124.5885653090799,81608.61077709198,392.0502028502147,3097380.0,25756000.0,440.0,23048331.0
2021-06-18,22.979999542236328,124.63273620605469,81997.359375,384.5072021484375,22.979999542236328,125.4481233861758,82380.91455554616,394.75079451015887,22.979999542236328,123.6754158011016,79825.06787166199,374.9620365386517,22.979999542236328,124.76970937847966,81986.85462201944,394.75079451015887,8559785.0,53306000.0,1499.0,45748727.0
2021-06-21,24.1200008392334,125.51363372802734,81074.484375,390.88616943359375,24.1200008392334,126.09105198061793,81509.44778023464,392.05021401201424,21.84000015258789,124.20271081057095,80319.52883453778,372.9598829259185,21.84000015258789,124.80395245987306,80319.52883453778,378.40761723673774,60716195.0,26256000.0,480.0,33128978.0
2021-06-22,25.31999969482422,126.0540771484375,81116.65625,389.8617858886719,25.31999969482422,126.32256365350482,81701.80031418505,396.19420514407733,24.799999237060547,125.08832085311246,80817.6426984475,388.60461212024865,25.149999618530273,125.50866826278053,81559.01007162804,393.91266651178864,20418370.0,20984000.0,384.0,28442965.0
2021-06-23,25.190000534057617,125.52009582519531,81285.2890625,390.04803466796875,26.579999923706055,126.8446571016856,81757.33666257937,395.542318994917,24.059999465942383,125.31215223743884,81115.42350752346,386.4627719432385,26.579999923706055,125.60793798171298,81360.69706688462,392.14331475681763,75528985.0,19694000.0,6189.0,27564829.0
2021-06-24,23.940000534057617,126.33447265625,80291.5,388.5115051269531,25.200000762939453,126.58608740490347,81463.6706348877,393.6798513584784,23.940000534057617,126.01487111332045,79933.43207994802,387.6733703486039,25.190000534057617,126.10767331468526,81202.03570998527,391.4448915940095,31600410.0,18934000.0,809.0,19214547.0
2021-06-25,23.350000381469727,126.04960632324219,79838.828125,399.3138122558594,24.280000686645508,126.55580424775395,80646.77975726733,401.36254193498246,22.799999237060547,125.50270568137634,79704.6679013284,390.23426519352506,23.010000228881836,126.01188720972765,80419.70362398047,392.05018597361396,22943335.0,33484000.0,469.0,29886797.0
2021-06-28,23.639999389648438,125.87541198730469,79868.0859375,397.4048156738281,24.200000762939453,126.3890537686656,80369.09128446454,403.3647181805557,22.239999771118164,125.03600459252819,79245.9041055463,395.35608586570766,22.700000762939453,126.05456452181701,80318.47325908931,401.08320787779917,26929125.0,28110000.0,808.0,29370660.0
2021-06-29,23.260000228881836,125.08039093017578,79530.2421875,392.51580810546875,23.959999084472656,126.0545831490086,80114.94465822396,399.45352474091,23.200000762939453,124.50321496239403,78878.71524923053,391.63112291174883,23.8799991607666,125.82877580197854,79817.31006013697,398.1032217439807,13438610.0,20950000.0,695.0,22275961.0
2021-06-30,22.690000534057617,124.38311004638672,79384.84375,390.37396240234375,23.579999923706055,124.86350814875675,79978.41651697751,395.6819881011448,22.5,123.82876551564229,79150.67917335092,389.5358276539056,23.299999237060547,124.71814454004452,79531.20532563208,393.9126462015444,18620230.0,24006000.0,581.0,18337773.0
2021-07-01,21.559999465942383,125.42778015136719,80307.1171875,391.491455078125,23.0,125.52108214804063,80765.43730509597,394.56454972355107,21.559999465942383,123.92033308783375,79518.19954077371,388.46493926585975,22.690000534057617,123.92033308783375,79700.3051322738,391.3983258308594,33902230.0,17120000.0,271.0,16161469.0
2021-07-02,21.8799991607666,127.76077270507812,80469.1953125,395.2164001464844,22.389999389648438,127.88882535604333,80815.26332627679,396.1476357869893,20.489999771118164,125.82529209832487,79913.00129573069,390.187733371569,20.489999771118164,125.89527048670863,80319.5103608033,391.39832833660284,34087975.0,21160000.0,277.0,16423811.0
2021-07-05,21.360000610351562,,80177.9765625,402.8990783691406,22.280000686645508,,81068.33184761519,404.6218699202762,21.0,,79932.95087480122,395.07670497969434,22.0,,80517.84715501702,397.1719850886025,22719865.0,,450.0,16483761.0
2021-07-06,22.3799991607666,128.80496215820312,79749.3984375,400.1985168457031,22.420000076293945,128.9176273043128,80617.00110720328,406.48435742443144,20.639999389648438,127.45310156649056,79646.22565721616,398.75511296932143,21.100000381469727,128.4858527848289,80270.08863732111,402.0144377138472,34236940.0,21350000.0,406.0,20195278.0
2021-07-07,21.959999084472656,129.1091766357422,80071.15625,403.0853271484375,22.18000030517578,129.66738325756734,80616.98492503152,404.1562423833844,21.399999618530273,128.79403532237058,79765.69732899043,398.1497615149035,22.1299991607666,129.37071908771327,79774.17240024543,399.8260026130876,15185045.0,16680000.0,449.0,14473774.0
2021-07-08,21.75,128.21539306640625,79743.9375,395.2629699707031,22.1200008392334,129.06452389621413,80585.21623885896,405.45998295037754,21.420000076293945,127.08684842646163,79444.77674768392,393.07456058158573,21.959999084472656,127.29529182550287,80517.83399208564,403.0387646564403,11875855.0,19780000.0,261.0,21433043.0
2021-07-09,21.90999984741211,128.60989379882812,79308.34375,394.611083984375,22.190000534057617,128.8828556860261,79985.45874337618,398.10321747096236,21.399999618530273,127.98359446346237,79194.06195396675,392.09673650641,21.770000457763672,127.98459404647046,79779.94983033591,395.7751284799041,11246340.0,15106000.0,806.0,16844494.0
2021-07-12,21.639999389648438,129.59205627441406,79517.7578125,398.0566711425781,22.190000534057617,129.79653162254257,79890.93986620466,400.6641194716922,21.600000381469727,128.63524310551063,79229.79129044758,395.402643981732,22.1299991607666,128.86699495922977,79318.98871148792,397.17198594927765,9937765.0,16944000.0,1029.0,12886781.0
2021-07-13,21.350000381469727,130.01934814453125,82436.4296875,399.59320068359375,21.959999084472656,131.0590508758029,82699.35059388168,402.1075197461188,21.209999084472656,129.66449614386562,79451.07392433772,398.8481951539509,21.799999237060547,129.9071828045001,79703.58304197557,400.43130703776876,10247250.0,16618000.0,2795.0,12831125.0
2021-07-14,21.010000228881836,131.09922790527344,82104.5,401.40911865234375,21.700000762939453,132.00592537663516,82621.31676384002,402.57316322379705,20.959999084472656,130.91609219071105,81637.0075407988,397.07887853034873,21.559999465942383,130.91957558587723,82303.36208576699,399.50009692278303,11195955.0,17912000.0,860.0,12767351.0
2021-07-15,20.81999969482422,130.289306640625,80841.6015625,402.0144348144531,21.200000762939453,131.60792330009033,82501.14331505902,403.17847935767423,20.649999618530273,129.62579551846136,80456.21813340316,400.1053847121368,21.010000228881836,131.51362929765733,82302.52137326125,402.94567044903,11757980.0,16586000.0,426.0,11030732.0
2021-07-16,21.1299991607666,130.86399841308594,81692.140625,400.4313049316406,21.579999923706055,131.19897988108596,81906.0781111074,402.7593939138013,20.399999618530273,129.84761938532512,80691.07494460564,398.0566655374587,20.81999969482422,130.66102248243504,81417.21979986315,402.2937761173692,17100230.0,14856000.0,610.0,8713863.0
2021-07-19,20.43000030517578,128.29177856445312,81531.6484375,398.4757080078125,21.549999237060547,130.26993810726304,82203.55747231665,399.9191402408816,20.09000015258789,127.58012092886482,81033.61783749431,390.04803718588283,21.1299991607666,130.1791275094,81301.2023782297,394.285147803063,25365170.0,25710000.0,1018.0,14426686.0
2021-07-20,19.40999984741211,130.1255340576172,80931.578125,391.9570617675781,19.760000228881836,131.01867661921682,81998.43786909939,397.6376046608296,19.40999984741211,128.2266746845982,80700.14048309483,390.0945905513681,19.40999984741211,129.0362006131755,81559.01235071324,397.6376046608296,24402340.0,19084000.0,291.0,14623321.0
2021-07-21,,131.61337280273438,,,,131.630002229733,,,,129.62926104191178,,,,129.8133812095096,,,,14742000.0,,
2021-07-22,20.360000610351562,132.33596801757812,80846.40625,393.0279541015625,20.3799991607666,132.51065273060368,81710.33687417611,397.3582221618421,18.440000534057617,131.41436757780724,80612.24169676317,391.9570388985362,18.440000534057617,131.66250650083572,81519.4540676867,396.2872785397621,30389720.0,13608000.0,257.0,11799761.0
2021-07-23,20.09000015258789,136.7900390625,80460.2265625,399.4069519042969,20.920000076293945,137.77515838675583,81760.41428966071,400.3847663571468,19.440000534057617,133.6977382204893,80319.52021165083,390.65334275637986,20.290000915527344,134.25306715065287,81760.41428966071,393.8195381819172,17877980.0,26378000.0,156.0,17704661.0
2021-07-26,19.59000015258789,138.6049346923828,80196.5625,394.1920166015625,20.100000381469727,138.67292148132793,80874.86271222448,398.3825767855014,19.510000228881836,136.62627529640977,80068.49903568739,393.26078100513166,20.09000015258789,137.22081514644972,80478.96680270713,398.3825767855014,8018120.0,23052000.0,211.0,14037519.0
2021-07-27,18.950000762939453,135.77813720703125,79467.9375,400.3847961425781,19.530000686645508,138.96871544996748,80700.34012930936,403.45786255087626,18.809999465942383,134.09427896873987,79314.68122522927,394.8439324213999,19.399999618530273,138.96871544996748,80605.64242406761,394.98361209103933,13207060.0,42164000.0,389.0,24119619.0
2021-07-28,19.40999984741211,135.3662567138672,79258.109375,396.2407531738281,19.780000686645508,138.6362266502636,79853.16945720925,400.8969312369754,18.299999237060547,135.33499702016098,78534.78441860099,392.09674333000487,18.950000762939453,137.5305210018092,79679.78683057151,400.4313134306606,14081565.0,54688000.0,484.0,17636515.0
2021-07-29,19.079999923706055,135.5240478515625,78991.578125,411.18707275390625,19.700000762939453,136.13050701496283,79575.83144037874,413.09612280828173,19.010000228881836,135.12454781879336,78832.13208112287,396.2407525619077,19.690000534057617,135.36534132175024,79129.61182482522,396.7063703675034,6971065.0,19284000.0,403.0,35263606.0
2021-07-30,19.170000076293945,134.21437072753906,79240.421875,402.1075134277344,19.399999618530273,134.76062774466303,80434.75654735621,413.8410874589781,18.799999237060547,133.81059973728387,79032.48043843397,401.08317702153556,19.040000915527344,134.50222036897907,79474.78787903965,411.1405099517132,6527460.0,23954000.0,403.0,35196813.0
2021-08-02,18.56999969482422,134.97715759277344,79723.7578125,404.9943542480469,19.56999969482422,135.00791749055307,80616.98696290716,406.670595369099,18.3799991607666,133.6669767768594,79514.6234163543,402.1075182221141,19.299999237060547,134.47591210930958,80195.51096806707,404.8546745927229,32563400.0,20140000.0,576.0,16926025.0
2021-08-03,18.3700008392334,135.26547241210938,80336.7421875,415.7966613769531,19.260000228881836,135.32055549045734,80454.19246636143,417.1003854264634,18.260000228881836,133.1845830437576,79883.23273727724,403.7837288037364,18.899999618530273,134.9875580630071,79972.47666660142,405.0409024446777,32613380.0,19064000.0,331.0,40922962.0
2021-08-04,18.049999237060547,135.015869140625,79935.2578125,425.52813720703125,18.799999237060547,135.52156731397042,81007.14478037404,435.30611143028057,18.0,134.40692615003803,79710.01238934316,411.14053519662747,18.719999313354492,135.23521704851842,80868.22118886597,417.7988643410289,26437705.0,16528000.0,385.0,129761158.0
2021-08-05,17.6299991607666,135.9205780029297,79221.28125,411.46649169921875,18.59000015258789,135.93049810751398,80363.20048338283,430.69650284514165,17.399999618530273,134.59055701913545,78973.48333287291,408.2537172292914,18.399999618530273,135.01586446484032,80362.90557825126,429.2996493224006,20689645.0,11866000.0,433.0,58595639.0
2021-08-06,18.510000228881836,136.01583862304688,78634.7890625,405.6927490234375,18.510000228881836,136.05956280347874,79595.12429886252,416.26227787017075,17.81999969482422,135.03370296227632,78489.66470156146,404.15621609766015,18.440000534057617,135.2803576219622,79409.56689404752,413.1892120186161,21608160.0,13560000.0,670.0,38236066.0
2021-08-09,18.06999969482422,136.97467041015625,79482.9765625,403.5975341796875,19.100000381469727,137.29179571182735,82051.91838253882,411.4199081332858,17.90999984741211,135.4131399118757,78620.93784143314,401.3625742528105,18.940000534057617,135.92951543890544,79071.82449455315,407.78809469972845,16926525.0,12374000.0,3641.0,22196404.0
2021-08-10,17.170000076293945,137.0684356689453,78306.9296875,397.12542724609375,18.270000457763672,137.5200502337806,80394.13611853277,406.3912042806986,17.170000076293945,136.20491724013655,77730.77823223233,392.7020582100456,18.200000762939453,137.05156392189724,79667.83915942535,404.5287331076257,18600885.0,16034000.0,1091.0,27794251.0
2021-08-11,16.68000030517578,136.6644744873047,77072.0859375,398.6153564453125,17.0,137.8141008472948,79338.05170231,403.13185444051834,16.31999969482422,136.32750903110934,76856.33178148477,394.05230804132174,16.360000610351562,137.2535620141227,78326.90732831697,400.2450186195273,26760765.0,15204000.0,1130.0,23827946.0
2021-08-12,17.0,137.35926818847656,77693.578125,397.7773132324219,17.360000610351562,137.38755941541558,78178.64273295502,400.85040801398293,16.219999313354492,135.76076843083266,77095.02936809012,395.7751622132721,16.3799991607666,136.68780590456788,77770.36986772779,400.4313405922518,16810165.0,14646000.0,577.0,16847144.0
2021-08-13,16.989999771118164,137.3756561279297,78295.6015625,401.5487976074219,17.31999969482422,137.6416512145234,78674.46923468752,402.52658360889035,16.920000076293945,136.97764036321507,78078.45052836413,395.77512558421836,17.290000915527344,137.32750954817215,78078.45052836413,398.19634380101513,8891230.0,12580000.0,465.0,20908992.0
2021-08-16,16.610000610351562,137.88185119628906,78135.21875,395.63543701171875,16.989999771118164,137.95579004421077,78972.4775690385,404.15623678077446,16.440000534057617,135.152081030495,77673.05591743403,394.8438810945815,16.979999542236328,136.97266992230558,78972.4775690385,400.43129450629726,8480490.0,18040000.0,395.0,17608693.0
2021-08-17,15.989999771118164,136.27841186523438,78189.515625,392.51580810546875,16.65999984741211,137.68585523895865,78624.7645497574,396.566688677201,15.789999961853027,135.76923026376434,77383.35365713129,386.6955855653521,16.600000381469727,137.16227055292592,77789.68635812351,395.6354530707824,23456475.0,21272000.0,407.0,22957877.0
2021-08-18,15.460000038146973,135.5533447265625,78827.0546875,390.839599609375,16.0,137.2645098535987,78971.48834090214,395.1698395422523,15.300000190734863,135.40545186150632,78397.32363114426,389.25648769371605,15.989999771118164,136.0947704339761,78673.12974625138,393.12110981834735,26684215.0,14934000.0,310.0,17668574.0
2021-08-19,,135.89425659179688,,,,136.42874571286038,,,,134.34835611957467,,,,134.4590220686158,,,,18296000.0,,
2021-08-20,15.489999771118164,137.40643310546875,77595.6875,378.7335510253906,15.9399995803833,137.58261719856523,78752.01053489582,388.6512050351009,14.829999923706055,135.45109711962536,77293.70464161354,377.2901187133971,15.050000190734863,136.06250877941264,78752.01053489582,386.46279556915096,18745120.0,15564000.0,465.0,25541790.0
2021-08-23,14.720000267028809,140.04910278320312,75677.71875,381.3409729003906,15.600000381469727,141.11858084675495,78475.82585154002,384.60029745509485,14.720000267028809,137.71506137766556,75470.89707684498,373.6582793071593,15.489999771118164,137.96374550714967,78475.82585154002,382.83095552349494,16663485.0,21090000.0,1271.0,26559937.0
2021-08-24,15.449999809265137,141.3384552001953,76641.75,388.8840026855469,15.449999809265137,141.942930404182,76882.48567890152,389.9549179704905,14.069999694824219,140.30123620979074,75547.8539044525,380.130393494319,14.399999618530273,140.48982423444602,75694.37516872266,381.340988439202,18230140.0,15126000.0,596.0,19012313.0
2021-08-25,16.219999313354492,141.88584899902344,76555.0390625,387.6268310546875,16.219999313354492,142.24615329821128,77482.24411285199,392.3295596193802,15.800000190734863,141.379151200216,76220.22859769744,385.81091020825033,16.219999313354492,141.81934642744991,77178.92641301556,390.1877290376314,8994305.0,12838000.0,533.0,16410980.0
2021-08-26,17.030000686645508,141.06497192382812,76035.90625,382.5050048828125,17.030000686645508,142.06923469877304,76936.04988652968,387.2077330761361,17.030000686645508,141.0337122401127,75823.57454417308,381.8065782153454,17.030000686645508,141.55678186050017,76936.04988652968,385.997138220148,4087410.0,14922000.0,462.0,15897679.0
2021-08-27,17.8799991607666,143.47442626953125,76418.4296875,384.0881652832031,17.8799991607666,143.93149319224364,76806.83517119594,385.85750738079446,17.030000686645508,140.96276182088488,76026.64831694729,379.4785373271885,17.8799991607666,141.05457200960822,76686.7389663487,382.13256468310425,43947805.0,24562000.0,368.0,15090541.0
2021-08-30,18.770000457763672,144.38658142089844,77688.109375,393.63330078125,18.770000457763672,145.39899249183404,77845.71287232586,394.192019407842,18.0,143.52356258601995,77031.44883123743,385.06592186547226,18.260000228881836,143.62727690399632,77031.44883123743,385.9040282244156,25717745.0,16916000.0,443.0,20308691.0
2021-08-31,19.700000762939453,144.37913513183594,79187.34375,396.7529296875,19.700000762939453,145.02429024446116,79369.82792296822,397.637614905615,19.200000762939453,143.9205688493798,77737.6290709584,389.9083705268286,19.600000381469727,144.7984904986015,77990.19200899864,394.70422834831925,40383135.0,26756000.0,1209.0,26262421.0
2021-09-01,20.68000030517578,144.7562713623047,79436.5859375,400.33819580078125,20.68000030517578,145.72748726144934,80013.77731366336,402.80596456203665,20.209999084472656,144.53047165484375,78773.8099955431,395.91482651245417,20.399999618530273,144.5656993776658,79767.17456043014,398.10323594943776,19258495.0,15824000.0,312.0,18776721.0
2021-09-02,21.709999084472656,143.14537048339844,80711.421875,400.1985168457031,21.709999084472656,145.23569536696743,81257.2291917266,403.6906505005522,21.299999237060547,143.03372009438192,79575.46282226946,398.33604556311695,21.709999084472656,144.86298722490184,80015.42247807136,401.73504997002544,30508070.0,21844000.0,1132.0,14372717.0
2021-09-03,20.6299991607666,143.69723510742188,81821.90625,401.7350158691406,22.649999618530273,144.29475856360895,82046.94989795281,404.4355933158434,20.6299991607666,142.43670036333523,80903.63379671464,398.7550791213856,22.649999618530273,143.07291979778907,81159.52607218012,401.59533621861453,58004130.0,19104000.0,500.0,14233624.0
2021-09-06,19.600000381469727,,80918.8828125,401.40911865234375,20.43000030517578,,82640.33710176806,404.0165955438334,19.600000381469727,,80697.85918881593,400.47788299518106,19.600000381469727,,81853.24310817035,402.29380389427104,23925790.0,,498.0,10694099.0
2021-09-07,18.6200008392334,144.43568420410156,80522.3828125,399.59320068359375,19.200000762939453,144.7384215137815,81726.58904878046,402.01441892158664,18.6200008392334,143.46496805388767,80458.26423183808,395.86825829254474,19.059999465942383,143.67191200303304,81219.22807935976,401.4090930477971,13802955.0,15170000.0,652.0,14928735.0
2021-09-08,19.549999237060547,143.80494689941406,79655.2109375,401.6884765625,19.549999237060547,144.46747360687533,81138.00917266548,405.45996932623007,17.84000015258789,143.12653287874838,79305.25174216146,397.9635342105474,18.0,144.3111448681757,81138.00917266548,399.50006724691684,17202205.0,15486000.0,325.0,22817464.0
2021-09-09,20.510000228881836,143.834716796875,79361.546875,402.5731506347656,20.520000457763672,144.5850856264939,80869.62200853688,403.97000407682805,19.110000610351562,143.35879409827888,79219.9458350484,400.4313200578923,20.0,143.80494133781696,80073.14526129188,400.6641289649027,30784140.0,14798000.0,1447.0,9662128.0
2021-09-10,,140.864501953125,,,,144.9319871932157,,,,140.6863338441148,,,,144.36077090628712,,,,32896000.0,,
2021-09-13,20.110000610351562,142.39697265625,79628.703125,403.0853271484375,20.3799991607666,143.11756589701116,79866.51305577271,403.96998389945685,19.65999984741211,141.22328061173403,78691.9603163981,399.31380599181415,20.0,142.13494563469828,79171.15784260056,400.52442929923404,18881090.0,20176000.0,415.0,9567921.0
2021-09-14,19.84000015258789,142.33843994140625,79869.8359375,403.22503662109375,20.399999618530273,143.6500897401695,80267.37575805692,406.7171703100755,19.56999969482422,141.84166232984532,79593.97550877348,402.5266098832974,19.799999237060547,143.08780915095542,79766.17679873614,405.087507921884,13648625.0,18916000.0,358.0,9981562.0
2021-09-15,19.899999618530273,144.12501525878906,79706.6796875,413.32891845703125,20.299999237060547,144.49772338244566,80396.76538980208,414.39983369174956,19.600000381469727,141.1969794078948,79628.10299880095,401.781602932353,19.979999542236328,142.6887963402488,80361.99763025918,403.2250067157923,15028550.0,20648000.0,210.0,22181568.0
2021-09-16,19.709999084472656,143.2987518310547,79413.8828125,431.8139343261719,20.079999923706055,144.1190915232704,79987.94661933785,434.04889395420184,19.639999389648438,142.3487238016389,79303.6659141924,412.30453825727454,20.06999969482422,144.04068482915795,79961.66902338872,414.26013858894584,9947285.0,20292000.0,381.0,42637448.0
2021-09-17,20.09000015258789,140.41036987304688,78860.640625,422.8741149902344,20.200000762939453,143.17562489351624,79767.1868183582,439.4500982177545,19.149999618530273,140.0113545826349,78377.32212594629,419.38198129743745,19.8799991607666,142.7279783840383,79767.14025438706,435.818284861057,23561250.0,60040000.0,443.0,41529478.0
2021-09-20,19.09000015258789,137.9821014404297,78349.25,407.3690490722656,19.709999084472656,138.3250341287408,79340.62786697753,422.3153699829822,19.09000015258789,136.03271774080557,78108.60742657784,405.69280784008316,19.209999084472656,137.96542657889054,78253.43688043505,418.4972981096885,27263230.0,34918000.0,225.0,18376916.0
2021-09-21,18.90999984741211,138.60693359375,77917.2890625,408.62615966796875,19.280000686645508,139.76336037343592,78519.41550059225,411.00082743986803,18.209999084472656,137.87145246227234,77581.78014771268,402.89906655536015,18.719999313354492,139.07393579071703,78475.80834403714,409.88333338026194,18516855.0,18130000.0,645.0,17279588.0
2021-09-22,19.18000030517578,139.88931274414062,79487.640625,408.6727294921875,19.5,140.52950023951982,80015.41209613974,412.35109288747526,18.969999313354492,138.43348064115207,77681.15290046755,406.11183171282545,19.0,139.0079228344863,77681.15290046755,408.71927990237253,14544010.0,22068000.0,880.0,14321143.0
2021-09-23,19.40999984741211,140.77069091796875,79631.28125,418.8697509765625,19.75,141.19346906898951,80470.51905046127,420.1269246887519,19.139999389648438,140.04611444291464,79469.16105717926,411.6526752580933,19.3799991607666,140.55529593807202,79588.36479876502,411.97861339370604,23619175.0,17272000.0,2557.0,20516770.0
2021-09-24,19.170000076293945,141.57119750976562,78936.28125,410.4421081542969,19.68000030517578,141.8396915898963,80159.46240761966,420.8253798520407,19.100000381469727,139.80196570399485,78519.51820046417,409.7436814245959,19.600000381469727,139.8967595018027,79667.84777689927,420.08040270798216,17126815.0,14950000.0,328.0,10731274.0
2021-09-27,19.399999618530273,140.4476318359375,81255.9765625,415.88983154296875,19.700000762939453,141.4391879578278,81444.91759970551,419.5681951725557,19.0,139.45407654789338,78586.06105638457,411.83895093195804,19.200000762939453,140.5314907980103,79348.42176651544,414.3067196290846,21094790.0,18844000.0,1623.0,11746892.0
2021-09-28,19.200000762939453,135.17018127441406,80017.0078125,414.30670166015625,19.549999237060547,138.5672030128214,81436.02913004413,424.4571637444938,19.030000686645508,134.6897756981367,79270.5408866966,409.3711644799627,19.489999771118164,138.05305394272483,81436.02913004413,418.3110316843447,17225990.0,42190000.0,624.0,19241170.0
2021-09-29,19.65999984741211,133.5195770263672,78555.0390625,428.3683776855469,20.15999984741211,136.37565838188394,79899.60486649597,430.5102082063525,18.8799991607666,133.25059831773436,78344.84152131059,408.90555925277545,19.139999389648438,136.08900522770074,79877.45593599736,411.4664571628521,60607890.0,26338000.0,624.0,38635938.0
2021-09-30,19.420000076293945,132.27342224121094,78841.0625,421.8497314453125,19.8799991607666,134.5806112085042,79072.21377380435,432.93142952353054,19.3799991607666,132.009895819498,78177.78988737744,420.3597487850941,19.850000381469727,133.32502897061534,79071.81798011747,428.3218303042038,27012400.0,35294000.0,486.0,26530369.0
2021-10-01,19.389999389648438,135.44662475585938,78665.8828125,420.5925598144531,19.799999237060547,136.0506001030267,78809.86635037846,424.22437302899965,19.0,132.38459893425915,77986.6697884541,413.28235455317855,19.200000762939453,132.56028322993208,78484.74123121281,417.6591733111292,18995565.0,28388000.0,1369.0,14777309.0
2021-10-04,20.350000381469727,132.7692108154297,79250.515625,431.3017578125,20.350000381469727,134.68980364581515,79985.65964904283,432.46580229996715,19.5,130.1900593467162,78524.07130063044,420.54599811592595,19.56999969482422,134.68930385428592,78585.0623262615,422.5946993624351,81068955.0,31530000.0,737.0,16246765.0
2021-10-05,21.299999237060547,135.16326904296875,78888.5625,432.7452087402344,21.360000610351562,136.33944520730083,79518.85246740245,436.74951058264475,20.350000381469727,133.00247319288394,78679.60666158995,427.1577949587933,20.559999465942383,133.00247319288394,79419.51598711839,430.23086117096346,91940280.0,24126000.0,209.0,16487568.0
2021-10-06,20.309999465942383,136.3314971923828,78193.65625,425.7609558105469,21.780000686645508,136.82579101308863,79320.17848589698,438.6119965717787,20.239999771118164,133.48533589520042,78004.01670304855,422.45505216074787,21.459999084472656,133.62330864718834,79232.16481336561,433.0245826027115,60338165.0,19764000.0,584.0,19056690.0
2021-10-07,20.389999389648438,138.1493682861328,80654.0,426.4127502441406,20.959999084472656,139.11110354855242,80859.87480409273,432.0932927507522,20.309999465942383,137.53150476011479,78371.892386674,425.66777317598485,20.459999084472656,137.82927451168456,78575.13632682721,430.3239508995921,25612575.0,18250000.0,2098.0,9984651.0
2021-10-08,20.31999969482422,139.01339721679688,85224.1796875,426.50592041015625,20.690000534057617,139.27245586004776,85671.98534723476,432.0933342146561,20.200000762939453,138.39141414979733,80869.31582251232,423.0137867823438,20.579999923706055,138.86451990237674,80869.31582251232,430.1377336992699,21345720.0,18924000.0,1534.0,16521128.0
2021-10-11,20.3700008392334,137.81385803222656,84328.90625,436.9822998046875,20.950000762939453,139.7157462492968,86998.72096531808,442.29035402555763,20.200000762939453,137.77316289188025,84194.84859797379,427.11119688501145,20.600000381469727,138.7592665718013,85677.69354922723,428.36837061301276,31058995.0,16584000.0,2737.0,20686981.0
2021-10-12,20.329999923706055,135.6952667236328,85066.9296875,449.7867736816406,20.68000030517578,138.65507767555934,85606.17924262444,451.0904977766172,20.239999771118164,135.2357159726475,83900.9213596706,435.91136957692873,20.579999923706055,138.59799542329478,85032.01447200737,437.68071145004365,21683960.0,22536000.0,399.0,33763609.0
2021-10-13,21.34000015258789,136.87344360351562,85549.40625,448.5762023925781,21.34000015258789,137.51861398345685,86124.71181258823,452.720183784286,20.360000610351562,135.95682580181128,84837.26471218475,445.1306192857151,20.479999542236328,136.72456628632924,85280.35189285697,452.720183784286,54703280.0,16380000.0,889.0,17638983.0
2021-10-14,22.399999618530273,140.35926818847656,84608.34375,456.8641662597656,22.399999618530273,140.596987181638,86283.15654461923,459.93723220543535,21.5,138.30170246887008,84400.97887996634,448.8555348504082,21.690000534057617,138.91013041944825,85677.70079235325,448.8555348504082,55633930.0,21426000.0,621.0,23431826.0
2021-10-15,,140.62033081054688,,,,141.14141649120276,,,,140.0143714405811,,,,141.14141649120276,,,,21250000.0,,
2021-10-18,24.639999389648438,141.89625549316406,83728.9765625,463.70880126953125,24.639999389648438,141.93422450504897,86273.72871607995,466.5490586220629,23.43000030517578,140.16226660616186,83442.6391727198,457.8885784823298,23.690000534057617,140.16226660616186,84932.68630080408,460.0304091003973,39663785.0,16564000.0,2771.0,20084248.0
2021-10-19,24.969999313354492,142.75135803222656,82526.859375,454.6292419433594,27.100000381469727,143.03422490820103,84533.30876083976,469.52901189258466,23.020000457763672,142.03074947845107,82085.75109181959,450.0196142476955,26.690000534057617,142.2248049092944,83740.65023715918,465.94374906474116,359026825.0,15316000.0,363.0,20645100.0
2021-10-20,24.18000030517578,141.35479736328125,81979.9453125,465.524658203125,25.600000381469727,143.17391718679707,83193.29363292143,472.60205425609115,23.0,140.85555111093032,80463.52765478118,449.8799119126141,24.440000534057617,143.14885188684437,82685.18762934838,455.1879376380479,102903830.0,17940000.0,2675.0,34080545.0
2021-10-21,24.639999389648438,141.7175750732422,80562.3671875,468.3649597167969,25.299999237060547,141.78606164613012,82802.90108299271,471.6708347526732,24.0,140.5825789965514,80408.9389180133,457.9351095550386,24.59000015258789,141.13345518311783,82802.90108299271,470.18085209827126,52293195.0,14850000.0,1179.0,20808243.0
2021-10-22,23.40999984741211,137.59303283691406,80141.3203125,468.3649597167969,24.600000381469727,140.50469714101166,81664.6991316249,473.71956445485785,23.40999984741211,136.14936227881165,79657.90101999581,465.6178033096478,24.0,139.30618190197518,80759.64316348937,469.90149278390766,18256195.0,30182000.0,471.0,24080485.0
2021-10-25,22.239999771118164,137.7399139404297,78847.3203125,471.6708068847656,22.75,138.16949229685997,81096.79440789216,480.00537643919586,22.239999771118164,135.73049469081403,78699.75910814409,463.6156250472472,22.75,137.77714083367837,81096.79440789216,471.6708068847656,5959210.0,21082000.0,608.0,35619415.0
2021-10-26,22.440000534057617,138.63221740722656,79524.09375,477.3047790527344,23.280000686645508,139.79102178403178,79951.04648888383,482.56628274764023,21.1299991607666,137.97067524865412,78783.74225706098,472.6951800421617,21.5,139.5592699957883,78783.74225706098,472.6951800421617,20261385.0,28258000.0,219.0,21107457.0
2021-10-27,21.75,145.33746337890625,78926.7578125,483.45098876953125,22.770000457763672,148.0079254314992,80048.80988334831,490.62145748273514,21.540000915527344,138.86102798544903,78674.48972508252,477.4910581413476,22.399999618530273,138.86102798544903,79866.52744818982,478.37574333682795,12435690.0,51850000.0,297.0,29463032.0
2021-10-28,20.690000534057617,145.04116821289062,77138.34375,466.8749694824219,21.989999771118164,146.32702580527996,79163.2167270091,484.7546757877922,20.670000076293945,143.68583959771865,76787.08845301667,463.38283601429623,21.799999237060547,146.20245655252498,78972.44414773678,483.8699906082451,25304915.0,32418000.0,1012.0,28140401.0
2021-10-29,20.100000381469727,147.16673278808594,76840.5859375,467.6199951171875,21.360000610351562,147.5066970726242,77929.36021814351,477.3979982617467,19.799999237060547,144.08585094848013,76131.67276791368,454.8155044052215,20.690000534057617,144.43671977638132,77138.34700782182,467.0146976037061,18396205.0,28954000.0,509.0,31355893.0
2021-11-01,20.56999969482422,142.7036895751953,78158.5703125,480.23822021484375,20.8799991607666,147.29475897424754,78419.67774790358,481.40226473890624,19.600000381469727,142.51063375677091,76723.40681675579,466.54904524424654,19.6299991607666,147.06199245088013,77684.58794907975,473.5333123886215,23469885.0,32272000.0,582.0,20679604.0
2021-11-02,20.81999969482422,144.77716064453125,78068.9140625,485.82562255859375,21.040000915527344,145.82678346555483,78751.55727052205,488.898688662565,20.420000076293945,143.56425744094022,77830.21167064509,476.83917630793303,20.940000534057617,143.73139984906697,78276.13145520817,479.4000742009274,16200280.0,21150000.0,151.0,26797820.0
2021-11-03,20.649999618530273,145.69725036621094,77552.1328125,491.3664855957031,20.979999542236328,145.8168671452656,78457.68566287891,505.0090529917581,20.260000228881836,143.97368132255983,77298.67735086805,479.7725910429911,20.979999542236328,145.18608476607503,78350.75150060123,487.9674529306937,14883380.0,17886000.0,362.0,80775924.0
2021-11-04,21.079999923706055,147.57614135742188,77880.671875,493.97393798828125,21.299999237060547,148.83370759285674,78151.3637102837,499.0491834026233,20.950000762939453,145.54338339095517,77632.532518883,491.7389498012704,21.040000915527344,146.10417972216507,77820.17752706318,494.95172400580697,8400365.0,24700000.0,97.0,9796046.0
2021-11-05,,148.1300048828125,,,,149.44986347878043,,,,147.54538508335918,,,,148.24167042985454,,,,20408000.0,,
2021-11-08,20.899999618530273,148.23968505859375,79325.328125,487.26904296875,21.239999771118164,149.91015497991577,79667.83711847205,497.6988933831952,20.600000381469727,148.00990211212832,78046.76705721719,480.93665205794434,21.239999771118164,148.88335598034308,78335.78181739965,497.6988933831952,17168685.0,18388000.0,236.0,36802110.0
2021-11-09,21.940000534057617,148.137451171875,77998.6484375,492.7633361816406,21.940000534057617,149.25902879276143,79906.05614887801,495.41733488327134,20.829999923706055,146.40891460514234,77532.11624976432,486.291237450412,20.8799991607666,148.63124519998087,79618.18215782972,490.0627302299277,43482835.0,16876000.0,579.0,25451967.0
2021-11-10,22.030000686645508,145.53448486328125,77699.390625,488.3399658203125,22.739999771118164,147.5930354102526,78420.03010197091,492.1580090016376,21.809999465942383,144.24315978999294,77482.44134137638,485.6393598757881,22.200000762939453,146.9079272037003,78301.92059928918,489.4108526452648,39155685.0,22708000.0,365.0,15805538.0
2021-11-11,21.6200008392334,145.6555633544922,76688.984375,474.55767822265625,22.31999969482422,147.39674617543128,78277.12593708004,486.8965217838589,21.469999313354492,145.60246429068016,76394.70012932918,472.22958916977734,22.15999984741211,146.01188442531517,78277.12593708004,486.8965217838589,19153385.0,12464000.0,982.0,23086898.0
2021-11-12,21.690000534057617,148.53146362304688,77675.1953125,476.18731689453125,22.139999389648438,148.7438749929474,77780.39882839828,477.7238499092589,21.399999618530273,145.36372477772395,76787.08082796424,468.1321348557006,21.84000015258789,146.73097246607614,77209.26076783339,476.79261433438705,25032780.0,17048000.0,290.0,19836221.0
2021-11-15,21.43000030517578,148.27590942382812,77937.6640625,471.7173767089844,22.049999237060547,149.35680704972827,78356.26643839211,480.4244635776508,20.950000762939453,147.54588059669535,77196.31901421453,470.73959070718485,22.049999237060547,148.88335301950136,78177.81000364844,477.1651390129126,15422815.0,16248000.0,797.0,13328183.0
2021-11-16,21.350000381469727,147.9662322998047,77938.6171875,461.05474853515625,21.959999084472656,148.71710090262894,78921.00073283773,472.50893498024186,21.25,147.24563894683004,77671.99184418426,459.56476590009873,21.520000457763672,148.06002650806823,78340.68162417779,472.50893498024186,14597935.0,17254000.0,312.0,19553216.0
2021-11-17,20.860000610351562,147.95233154296875,78817.4453125,463.89501953125,21.540000915527344,148.51214348862283,78925.82707531337,470.6464777924348,20.799999237060547,147.45705328506816,78076.01781899133,457.23669051609966,21.299999237060547,148.118095732704,78329.78558701648,459.8907177232731,20614940.0,15290000.0,622.0,20488483.0
2021-11-18,20.579999923706055,149.5870819091797,77021.2421875,469.156494140625,21.15999984741211,150.48137559574656,79470.7248631929,471.39148236459494,20.280000686645508,147.889320292013,76799.96173895063,458.44728450714973,21.0,148.0357137816207,78975.51362367839,464.77970377663814,19851485.0,26658000.0,394.0,22471070.0
2021-11-19,,148.83619689941406,,,,150.71957786360355,,,,148.77167836049367,,,,149.8758995234392,,,,19766000.0,,
2021-11-22,20.190000534057617,145.9835968017578,75165.109375,452.9529724121094,20.649999618530273,149.6223060338657,77475.42234451971,471.2051951409038,19.760000228881836,145.91112703556922,74545.03212756407,444.66498158059596,20.579999923706055,149.02404047399503,77088.04189558525,471.2051951409038,18616635.0,24608000.0,973.0,28800269.0
2021-11-23,21.190000534057617,145.66448974609375,75964.3046875,459.14569091796875,21.190000534057617,146.5945108538756,76282.93858425588,461.33410021271396,19.729999542236328,143.81088423922463,74579.90497726726,446.99307797806205,20.1200008392334,146.0178423356301,75447.93709965033,451.8820647684471,19937355.0,18126000.0,1220.0,20000371.0
2021-11-24,21.18000030517578,145.62527465820312,75960.4375,459.23883056640625,21.940000534057617,145.9056728261003,76938.00009556826,465.61780011174824,21.079999923706055,144.11808528386723,75587.01897265566,455.4207589216789,21.399999618530273,145.2605177458322,76283.39427394535,461.7065992231875,30049395.0,16464000.0,304.0,13963769.0
2021-11-25,21.010000228881836,,75159.3046875,456.8175964355469,21.399999618530273,,76140.73213796738,461.3806734531988,20.719999313354492,,74769.0914863166,452.8598452722333,21.290000915527344,,76093.64640651728,456.3054282408574,19874765.0,,361.0,12894211.0
2021-11-26,20.25,141.74288940429688,74675.171875,438.1463317871094,20.860000610351562,144.21534264472484,75329.72333221885,454.34982487714706,20.200000762939453,141.42477970835844,74063.18151278331,434.9801365610877,20.809999465942383,143.9359440696595,75329.72333221885,452.8132918841274,21682420.0,16992000.0,517.0,26305817.0
2021-11-29,19.68000030517578,145.02627563476562,73315.453125,433.1177062988281,20.200000762939453,145.76870835636387,74604.5405480707,444.8978315820776,18.719999313354492,143.22428490327337,72628.6626366178,423.0603442320379,20.0,143.22428490327337,74604.5405480707,437.6807552979099,23126205.0,26276000.0,332.0,22407465.0
2021-11-30,19.8700008392334,141.39154052734375,74520.75,428.88055419921875,20.639999389648438,145.5369478353583,75498.40574518671,444.43220044897384,19.799999237060547,141.00841245185228,73203.8472222931,426.5059147315454,20.100000381469727,144.36748107624754,73203.8472222931,435.81827094839133,17348940.0,41590000.0,501.0,23026652.0
2021-12-01,20.25,140.56375122070312,73298.7578125,442.61627197265625,20.399999618530273,145.40856383692665,74826.21527964789,444.43219277119266,19.940000534057617,140.44663340256741,73064.76492262734,432.0933209970317,20.399999618530273,143.1389347162511,74505.29965788222,432.5123883871725,12142915.0,28476000.0,508.0,17156956.0
2021-12-02,20.350000381469727,142.7061767578125,73408.2734375,444.1993713378906,20.399999618530273,143.5979865232936,73808.81645215783,445.27028657030314,20.079999923706055,139.93247027965248,72766.73717170568,438.56540745059795,20.15999984741211,140.7682125267617,73808.81645215783,441.8712823895789,13726850.0,21250000.0,603.0,12962679.0
2021-12-03,20.15999984741211,141.45953369140625,73450.84375,440.6141052246094,20.520000457763672,144.13199488179225,74207.1723526695,448.38992793491354,20.100000381469727,140.09923737540169,73285.54311371114,437.7272692674896,20.3799991607666,143.41983734623477,73747.67709598526,443.03532339571154,14596365.0,26688000.0,531.0,16653993.0
2021-12-06,19.899999618530273,142.7260284423828,72777.4296875,433.30389404296875,20.200000762939453,143.27690472810082,73567.63500036384,444.1993614460597,19.799999237060547,139.5999838556392,72518.39992339008,431.90704070508804,20.15999984741211,142.50519631080022,73314.11551707002,440.6140988616885,11832375.0,22198000.0,483.0,14353300.0
2021-12-07,20.06999969482422,146.93446350097656,73107.828125,443.9200134277344,20.190000534057617,147.19600591306414,73394.57223855458,446.71372017449403,19.799999237060547,144.61783897753403,72816.45848050439,436.9357465608352,20.1200008392334,144.86349407765914,72816.45848050439,436.9357465608352,13450935.0,23258000.0,218.0,13644942.0
2021-12-08,20.790000915527344,147.61337280273438,74172.015625,457.7488708496094,21.5,148.04611651197752,74702.88846737426,458.54042683325724,20.200000762939453,146.10418422825288,73313.11811183952,447.2259194076405,20.200000762939453,147.22726115455447,73313.11811183952,447.8312168942924,35501105.0,18964000.0,282.0,20397660.0
2021-12-09,20.709999084472656,147.00344848632812,74151.7578125,455.04827880859375,21.06999969482422,148.49128236414427,74842.1727345186,459.5647772372901,20.540000915527344,146.43074800122318,73660.81506140903,452.6736393515856,21.06999969482422,147.07291950566426,74584.67963331881,458.4472831286653,15065105.0,18580000.0,285.0,12560970.0
2021-12-10,20.809999465942383,147.5682373046875,73780.6640625,460.6822814941406,21.290000915527344,148.2878311760331,74455.53375150409,461.84632604166063,20.700000762939453,146.26054018542612,73523.869459768,451.090537371142,20.760000228881836,147.99007655075889,74175.93745199902,454.90860917081886,24613750.0,21634000.0,285.0,13261408.0
2021-12-13,20.75,145.6123809814453,73332.7265625,454.2567443847656,21.479999542236328,147.45655110481894,74604.53015410849,466.0368982398713,20.700000762939453,145.27044785663702,73164.88810033364,452.9064697268088,21.1200008392334,147.3389335007413,74008.48863490122,463.5225505857961,23366290.0,24104000.0,487.0,14047645.0
2021-12-14,20.670000076293945,143.8912811279297,73566.421875,454.9551696777344,20.969999313354492,144.35926768387006,73710.26345210393,456.6314109147824,20.5,141.18357755412106,72796.58150598913,448.66932898168244,20.68000030517578,143.69227325268514,72796.58150598913,452.58053011573753,13019380.0,24778000.0,220.0,11642447.0
2021-12-15,20.440000534057617,146.27145385742188,73463.609375,451.4630126953125,20.940000534057617,146.419089257614,74008.49067885708,457.2366848492181,20.309999465942383,141.64317190355376,73332.97693843262,450.2524177690366,20.700000762939453,143.29130275292854,73700.48931968331,456.3054492385272,13003945.0,27280000.0,174.0,8639835.0
2021-12-16,20.260000228881836,143.76026916503906,72851.3828125,448.06402587890625,20.790000915527344,147.44562566406887,73891.27356916113,456.81763527706426,20.15999984741211,143.019820486314,72682.30258244836,445.36344818636536,20.739999771118164,146.97465547461675,73846.86536773105,454.7689339050586,11681025.0,27400000.0,244.0,11107781.0
2021-12-17,20.020000457763672,141.73992919921875,72081.296875,435.63201904296875,20.260000228881836,143.3846977519663,73293.24811793688,448.296829373176,19.799999237060547,140.73248574286316,71626.6677006916,434.42142408409757,20.200000762939453,141.6520870481512,73293.24811793688,447.0396555810828,16786330.0,43404000.0,532.0,12648603.0
2021-12-20,19.420000076293945,141.34141540527344,69512.0546875,418.31103515625,19.760000228881836,141.5488591690118,72120.03128150597,432.0933104138991,19.020000457763672,139.2059274786564,68266.52192143713,412.53736317533895,19.760000228881836,139.63232535587696,72120.03128150597,427.4371324999562,20533215.0,20264000.0,1418.0,22336114.0
2021-12-21,19.770000457763672,143.14688110351562,69989.7265625,415.3310546875,19.979999542236328,143.61491314947824,70688.14288222896,426.73869015817684,19.43000030517578,140.67987984257488,69493.3279645715,413.93420136455995,19.43000030517578,142.08433946520867,70372.63667998716,425.62119613220335,14289460.0,19548000.0,540.0,16617447.0
2021-12-22,19.93000030517578,145.85507202148438,70070.2578125,424.5037536621094,20.190000534057617,146.2064254697476,70809.94702328436,425.8540282297802,19.799999237060547,142.89129308083713,69856.22609403679,418.1247841225314,19.979999542236328,143.0272818136254,70084.56125934632,419.05601972191346,10791530.0,18438000.0,298.0,13102553.0
2021-12-23,19.860000610351562,146.047119140625,70571.921875,430.0445861816406,20.190000534057617,147.46657244341813,70929.34504421444,433.02455145172615,19.81999969482422,145.8568954657204,70283.28407836444,426.2730933914573,20.09000015258789,145.9945047260853,70611.01382148311,429.29960907364676,11177620.0,13818000.0,217.0,14471377.0
2021-12-24,19.729999542236328,,69593.8046875,425.52813720703125,19.989999771118164,,70921.09130368261,431.7208485312779,19.6200008392334,,69468.63597403327,421.1047679155613,19.989999771118164,,70879.26750675353,430.78961289096844,12860800.0,,497.0,13221159.0
2021-12-27,19.889999389648438,146.9617462158203,70004.7890625,426.5524597167969,20.139999389648438,147.32155064609307,70225.72025724905,428.8339983285121,19.459999084472656,146.15381057001778,68842.80289113606,419.5681926430426,19.760000228881836,146.365722157692,69628.98018754538,422.5016075492638,23219990.0,13256000.0,391.0,8856482.0
2021-12-28,20.200000762939453,145.3577880859375,71106.8046875,429.4858703613281,20.799999237060547,147.2699449731051,71519.81178021044,431.0689538309039,19.84000015258789,144.84910634367543,70216.81693275388,427.483691084808,20.059999465942383,147.2699449731051,70283.22744260661,429.4858703613281,35278975.0,18624000.0,219.0,8832210.0
2021-12-29,19.969999313354492,145.41387939453125,72090.734375,423.1534729003906,20.479999542236328,146.0880678931373,72199.36450812312,430.37054917465906,19.940000534057617,144.42132368421687,70727.39011584873,420.35976595551256,20.239999771118164,145.3394407452973,70727.39011584873,429.2996338629338,15376295.0,17022000.0,279.0,11757303.0
2021-12-30,19.889999389648438,144.9156036376953,71664.03125,420.6391296386719,20.079999923706055,145.96771016662103,72302.73492211361,423.6190664913065,19.81999969482422,144.67341679621362,71415.62622389528,417.6591643669822,20.0,145.35976682324556,72302.73492211361,421.6169156458221,10460670.0,12978000.0,202.0,28879190.0
2021-12-31,19.940000534057617,143.6024627685547,72810.0078125,428.7874755859375,20.299999237060547,145.27541644485942,73213.73288106592,429.67213242093464,19.899999618530273,143.6004787476641,71748.11464628448,421.94288772815577,19.979999542236328,144.4605290859402,71916.39551252274,423.0138030647614,16759290.0,17298000.0,476.0,10005842.0
2022-01-03,20.260000228881836,143.99452209472656,72889.9296875,438.42572021484375,20.780000686645508,144.46649192392618,73455.27671608876,439.54321433076467,20.020000457763672,142.43423342727468,72606.9108105483,428.4615160939485,20.030000686645508,143.39998217189947,73015.09842766171,430.23085809494336,36764635.0,25214000.0,198.0,13124509.0
2022-01-04,20.110000610351562,143.34141540527344,73441.2578125,450.2524108886719,20.709999084472656,145.51858292940094,73509.80258909731,451.3699049720466,20.020000457763672,142.7455276238929,72867.07113317761,438.65851634511614,20.5,144.46697616614875,73450.15186978946,440.0088193276059,29570060.0,22928000.0,490.0,23296671.0
2022-01-05,19.969999313354492,136.62875366210938,73541.734375,458.5404357910156,20.31999969482422,143.22378997601456,73909.14584102613,460.96165420397926,19.920000076293945,136.49971658954954,73288.02092923713,446.20156322898987,20.1299991607666,143.1076566107107,73611.12509166716,448.7624613079009,21251575.0,49642000.0,153.0,24694169.0
2022-01-06,19.969999313354492,136.52700805664062,73644.5625,457.8885498046875,20.079999923706055,138.64612392157144,73894.50415787281,460.40286883985226,19.729999542236328,135.74537962129747,72726.90680594997,452.02174855119335,19.899999618530273,136.47390899844703,73660.80618545032,454.1636074541724,21867245.0,29050000.0,169.0,18190843.0
2022-01-07,20.040000915527344,135.98458862304688,73697.3203125,457.4695129394531,20.489999771118164,137.22552547895285,74141.12298413084,467.43374575939566,19.899999618530273,134.77813738055747,73075.59765893125,455.79330013752667,20.280000686645508,136.8783824200505,73958.7870165998,459.51824273652477,23796250.0,19408000.0,153.0,22746330.0
2022-01-10,21.739999771118164,137.54241943359375,73798.2578125,469.01678466796875,22.040000915527344,137.6079224155674,74455.54123506704,470.22740794884083,19.850000381469727,132.14936582642554,73647.65639304677,458.6335138454312,20.200000762939453,134.0932822986299,73947.9589606491,459.42506975618335,187363570.0,34096000.0,191.0,15832274.0
2022-01-11,21.709999084472656,138.97518920898438,73783.34375,471.1586608886719,22.299999237060547,139.28486311752135,73978.59393510724,472.88142400502176,21.079999923706055,135.7950455061005,73412.55621348345,464.91937103149354,21.799999237060547,137.1518585566263,73933.94514287726,468.4115045144542,106214880.0,23502000.0,333.0,16107950.0
2022-01-12,23.8799991607666,140.59352111816406,74757.625,475.1629333496094,23.8799991607666,141.75109886568754,74986.8526648127,478.18944884865147,22.270000457763672,140.06151575997302,73824.71900566052,473.53327115781747,22.270000457763672,140.5007264921033,73933.99329874566,474.83699522744035,199428240.0,23642000.0,211.0,14489616.0
2022-01-13,23.290000915527344,138.0952606201172,75473.9140625,476.18731689453125,24.8799991607666,142.11958197417889,75876.59138031257,477.5841418377846,23.0,137.879880763518,74493.07640031494,472.1364364600278,24.540000915527344,140.7845933770484,75035.03187454006,474.9301431846433,164396380.0,26566000.0,422.0,10450974.0
2022-01-14,23.43000030517578,138.74588012695312,75628.0390625,473.3936462402344,23.940000534057617,140.14935527735125,75746.95246471972,475.2561175318894,23.0,136.47640259062064,74854.08526254183,470.4136808059636,23.200000762939453,136.47640259062064,75290.53051037031,473.99894372621094,76142760.0,23826000.0,219.0,8724574.0
2022-01-17,23.209999084472656,,76346.375,478.6551208496094,24.200000762939453,,76684.33370951035,483.2181982388684,23.0,,75357.39602712297,472.6486395802748,23.600000381469727,,75357.39602712297,473.0677069875517,55182475.0,,249.0,17422211.0
2022-01-18,21.950000762939453,135.27590942382812,75822.1484375,471.9501647949219,23.549999237060547,136.36871118932217,76746.05937867527,481.86784612553,21.799999237060547,134.60743067217714,75630.2665253852,470.2739521745942,23.3799991607666,135.5831146211295,76303.25019012885,478.6550721143395,63926540.0,27382000.0,455.0,12592506.0
2022-01-19,22.780000686645508,134.6421661376953,76042.046875,480.331298828125,23.049999237060547,137.36922579670656,76217.83259600765,482.05411874693084,21.600000381469727,134.49130481145914,75066.5797011488,465.8971473972718,22.139999389648438,135.91910329249404,75721.131220975,470.27396597295876,68646150.0,20796000.0,274.0,16079457.0
2022-01-20,22.75,132.51263427734375,73300.4921875,476.23388671875,23.200000762939453,136.88534059937749,75464.86809117434,483.45099113725774,22.530000686645508,132.15332960815354,73054.47758706048,473.0676913189305,22.899999618530273,135.49775273533527,75397.37104142444,480.5175762215908,52867060.0,21930000.0,910.0,17724642.0
2022-01-21,21.989999771118164,129.12355041503906,72248.0390625,468.1321716308594,22.809999465942383,133.75729945189138,74207.17650831197,472.60209137376694,21.729999542236328,129.033239599701,71531.19817204335,463.75535271750925,22.479999542236328,132.02181121952745,72997.16553845222,470.5533615804846,37694690.0,41920000.0,802.0,16947941.0
2022-01-24,20.559999465942383,129.40145874023438,70634.15625,460.1700744628906,22.0,129.80494193976503,72369.38231111095,471.95019933428694,20.399999618530273,123.71407369385679,69545.13860609395,454.4429811020752,22.0,125.08930303836267,72369.38231111095,467.85276830324335,47714405.0,55148000.0,749.0,20233933.0
2022-01-25,21.43000030517578,125.79204559326172,70111.5703125,479.2604064941406,21.75,128.37567262864266,71822.7992571933,481.91440512043016,19.600000381469727,125.43720873064663,69438.83503238144,455.3741915051021,20.440000534057617,127.47939490903455,70868.9853951309,456.3054270705522,45471380.0,36008000.0,820.0,21791739.0
2022-01-26,,128.27789306640625,,,,131.81882492229508,,,,126.20692371706731,,,,129.6203178710907,,,,39630000.0,,
2022-01-27,21.1299991607666,128.15977478027344,70242.4609375,492.5771179199219,21.389999389648438,131.62275428424127,70531.58767244159,494.3464315861228,20.559999465942383,127.98509008213493,69041.48370753085,468.5977994706891,20.600000381469727,130.38308964820584,70034.88635080468,468.92370921921923,29446875.0,30248000.0,663.0,35409230.0
2022-01-28,21.149999618530273,132.2972412109375,70914.5,487.455322265625,21.860000610351562,132.37763191206795,72339.48180876093,499.51483554580716,21.0,127.73644713463236,70561.39191523833,485.54630051195477,21.34000015258789,129.03222468109425,70561.39191523833,497.27984720514496,25790020.0,30518000.0,264.0,24715250.0
2022-01-31,21.25,134.68829345703125,71705.2890625,501.28411865234375,21.65999984741211,134.8322182445075,71981.95168386289,503.70536534679854,21.1299991607666,131.28928764794784,70877.98648978786,490.80771801566414,21.389999389648438,133.19896042261558,71510.53558907987,492.6236388269775,20051840.0,34056000.0,341.0,28674232.0
2022-02-01,21.600000381469727,136.85206604003906,71035.1484375,495.6967468261719,22.110000610351562,137.17117531802901,72267.02215488927,506.5456653588214,21.200000762939453,133.56646723761187,70818.43918317868,484.2425591973951,21.59000015258789,136.80890223167307,72267.02215488927,506.5456653588214,45777675.0,51204000.0,444.0,32245356.0
2022-02-02,21.670000076293945,146.93446350097656,71049.703125,502.68096923828125,21.959999084472656,150.96772041182237,72199.62116356769,506.82497905661904,21.549999237060547,144.47391416763952,70764.05326148435,494.812016992334,21.799999237060547,150.73296985374967,71425.612943759,499.7476111794052,19023850.0,89750000.0,237.0,21661864.0
2022-02-03,21.520000457763672,141.5885467529297,70525.0390625,502.9602966308594,21.81999969482422,148.00761097504255,71456.50162292097,507.2440142535979,21.399999618530273,141.1463676053161,69548.12832509185,500.21319723533884,21.719999313354492,144.21336070254304,70034.84911941808,500.21319723533884,15636710.0,56930000.0,785.0,22717677.0
2022-02-04,21.709999084472656,141.95135498046875,69590.078125,493.8341979980469,22.479999542236328,143.45928665249767,70932.41321154477,508.8271243709229,21.5,138.77666394149236,69389.16247559857,491.04049136388323,21.739999771118164,141.9523394183604,70531.57531521114,504.86937330585766,45905395.0,49224000.0,696.0,25332894.0
2022-02-07,22.34000015258789,137.9036865234375,68451.0078125,496.5813903808594,23.0,142.77563853453933,69805.5123380528,511.2483512781843,21.8700008392334,137.66646732208125,68181.98971586658,489.13150548063084,21.979999542236328,142.63916517544968,69727.92603819288,495.32424503919026,90209015.0,44610000.0,979.0,52289545.0
2022-02-08,21.6299991607666,138.17665100097656,69089.9609375,494.8119812011719,22.729999542236328,138.79610473280962,69425.68447628272,500.67881057078097,21.360000610351562,135.85407435024604,68048.08331515439,483.3112450230529,22.540000915527344,137.95656098774955,68554.81957244185,498.6766314255199,53287100.0,34256000.0,644.0,26567546.0
2022-02-09,21.520000457763672,140.3999786376953,69941.1015625,498.4438171386719,21.969999313354492,141.11710373666713,70034.87720759079,499.60786155048567,21.299999237060547,139.33198474953912,69071.42422760105,491.459550667789,21.84000015258789,139.8012132567481,69584.81930319493,498.16445784745775,39638570.0,28628000.0,440.0,14856155.0
2022-02-10,24.549999237060547,137.57070922851562,69324.8984375,503.3794250488281,25.81999969482422,140.37815974309206,70432.20090355366,506.54564903061146,21.219999313354492,137.02233183946038,69061.4527128498,497.6523598381064,21.6299991607666,138.461534726937,70034.88641164787,500.16665065163033,593107645.0,33018000.0,249.0,18659370.0
2022-02-11,25.0,133.13150024414062,67815.296875,493.182373046875,26.360000610351562,138.24638194353167,69140.84566004384,500.7254158465614,24.020000457763672,132.2962577204164,67650.7412277153,490.8542839429186,24.540000915527344,137.71710270951854,68668.97925647313,499.3751127986441,539431300.0,38808000.0,809.0,14607095.0
2022-02-14,22.670000076293945,134.29278564453125,,466.9215393066406,24.899999618530273,135.15283598369206,,480.1450682042784,22.200000762939453,132.30965831855778,,465.33845578670656,24.399999618530273,132.37267748599484,,479.5863495613935,275286855.0,26792000.0,,26153332.0
2022-02-15,23.59000015258789,135.40989685058594,66232.4140625,488.7124328613281,23.959999084472656,136.87340744199346,66548.81292227909,490.62145447897535,22.459999084472656,134.53049103791437,64576.310346610095,462.91722372156096,23.079999923706055,136.44810004456917,65683.80724833046,467.4802724903449,248200530.0,26578000.0,885.0,23842951.0
2022-02-16,25.350000381469727,136.46400451660156,65674.6484375,481.16943359375,27.100000381469727,136.91908742682642,67200.67030431505,491.6923842372667,23.920000076293945,133.81998613596934,65565.77770318097,478.6550861703695,24.040000915527344,135.4148663590837,67200.67030431505,490.2955308729563,688390180.0,25610000.0,408.0,19773807.0
2022-02-17,26.399999618530273,131.3235626220703,65218.15234375,477.6773376464844,27.540000915527344,135.82082332712238,66241.31038302367,484.2425376060202,25.75,131.21784913590878,65070.827148029115,476.0010964264141,25.889999389648438,135.1364572384145,65666.89579365992,484.2425376060202,624540915.0,30968000.0,316.0,16408356.0
2022-02-18,26.31999969482422,129.4962615966797,65182.58203125,479.86572265625,27.299999237060547,132.8277811560627,65766.23250857307,485.0806764380115,26.020000457763672,129.3370098366061,64901.04052772748,475.02331429156897,26.399999618530273,132.04713705513697,65047.96987860783,475.02331429156897,420242855.0,31858000.0,393.0,15111223.0
2022-02-21,24.030000686645508,,64328.51953125,476.6529541015625,26.93000030517578,,65040.968980724356,481.9144296301384,23.56999969482422,,64176.71995003595,469.94804632169485,26.399999618530273,,64782.87049804507,476.37356636628556,387911280.0,,342.0,16866932.0
2022-02-22,24.110000610351562,128.43917846679688,65347.8828125,464.1278381347656,24.8799991607666,130.9188410316313,65540.11490553562,470.55335837861924,22.209999084472656,126.79004822871806,62587.2435298742,461.42726045767427,22.729999542236328,129.01734637178785,62984.572085059095,466.45592723899205,354241470.0,38906000.0,908.0,27108772.0
2022-02-23,25.110000610351562,126.63521575927734,65381.62109375,464.4072265625,25.889999389648438,130.76821149981333,66414.95408886111,470.5999379050491,24.829999923706055,126.55432525792351,65220.084957627245,463.0569235124379,25.18000030517578,130.10271636407296,65865.53098425678,468.41152846004275,325038980.0,26432000.0,439.0,13899433.0
2022-02-24,22.229999542236328,131.68580627441406,63588.40234375,440.14849853515625,24.079999923706055,132.04661025961403,64800.25718983038,454.39642019792996,21.739999771118164,123.83569569124667,62532.068630276204,435.81825869983425,22.510000228881836,124.06943906133372,63083.928826546224,446.99308584598384,380719545.0,43166000.0,1361.0,32356037.0
2022-02-25,24.809999465942383,133.51808166503906,65081.99609375,449.740234375,25.559999465942383,134.38111553073816,65351.3212986825,458.07477575801397,23.450000762939453,130.78408597498338,63588.39802957264,446.34120177542894,24.0,132.5314781427655,63588.39802957264,446.99307804853817,545135830.0,26236000.0,748.0,21792287.0
2022-02-28,24.75,133.88681030273438,65285.21875,449.9730529785156,25.350000381469727,134.63072713591393,65855.26379737983,451.92862500192814,23.809999465942383,131.83643865850954,64077.38792827352,440.56756774116565,24.399999618530273,132.29226359240894,65269.52537810187,444.1062516511127,315282090.0,29676000.0,345.0,18069367.0
2022-03-01,,133.16920471191406,,,,135.09773354018446,,,,132.3855770645595,,,,133.47887855867887,,,,24640000.0,,
2022-03-02,24.6200008392334,133.7483673095703,65767.78125,441.63848876953125,25.09000015258789,134.60593387533228,66163.67019920555,446.80683504591724,24.309999465942383,132.43918607442566,64880.0386222827,434.8870305859169,24.670000076293945,133.6061841875285,65448.3412137037,445.13062231278,189954145.0,23966000.0,295.0,22003848.0
2022-03-03,24.540000915527344,133.3081817626953,65655.2265625,435.259521484375,25.450000762939453,135.69607992253347,66560.90169702712,450.15929134892565,24.360000610351562,132.43771142497914,65368.865234175515,432.6520731257009,25.049999237060547,134.96624790680133,66172.46360726173,446.9930959365198,149396715.0,19780000.0,278.0,20358590.0
2022-03-04,23.950000762939453,131.13844299316406,65581.1484375,430.184326171875,24.530000686645508,133.19999228219936,65730.35959544743,438.51886830974274,23.440000534057617,129.4376977705169,64574.08760065678,426.17999576692137,24.399999618530273,132.38957270479813,65070.861799936996,428.6477645916742,188654225.0,24446000.0,385.0,20684268.0
2022-03-07,23.290000915527344,125.5230484008789,65681.8515625,410.0230407714844,23.690000534057617,130.92206108215305,66004.9239097721,422.73442998798953,23.06999969482422,125.46895733133104,63382.02365668405,403.6440993751081,23.200000762939453,130.92206108215305,64077.386707309204,416.72794874460675,111596830.0,39178000.0,1097.0,33720472.0
2022-03-08,23.739999771118164,126.33100128173828,65905.625,410.0230407714844,24.290000915527344,130.26946451495067,66190.69796378945,411.6992819742931,23.469999313354492,124.9238003801678,65368.8682336033,395.7751468524198,23.68000030517578,125.31065416569866,65686.77154416186,407.8812101679056,138728425.0,35250000.0,222.0,42510207.0
2022-03-09,24.260000228881836,132.86947631835938,65654.3359375,420.6391296386719,24.540000915527344,133.19950537309927,66502.29022746207,423.06031945048284,23.920000076293945,129.11960050686272,65525.731011504875,408.39335882889986,24.260000228881836,130.42183024453882,66128.06308704523,411.60613299934477,106171945.0,32258000.0,278.0,32331325.0
2022-03-10,24.5,131.6942596435547,66424.6484375,436.4701232910156,25.139999389648438,132.54437461038015,67022.60308498336,443.8734290255677,24.270000457763672,130.4227901936085,66068.24905777133,429.90489546710614,25.0,130.48382533134534,66411.98197870825,437.58758892426,104116695.0,24266000.0,330.0,34553299.0
2022-03-11,24.360000610351562,129.50418090820312,67474.1796875,438.00665283203125,24.700000762939453,133.20095673609262,67554.44716136751,442.15063403681137,24.219999313354492,129.32651261001283,65975.06702916906,430.2308301955519,24.399999618530273,133.0019488562682,66541.130453947,434.32826098979393,71812105.0,26600000.0,202.0,22091309.0
2022-03-14,24.43000030517578,125.79749298095703,67790.2421875,451.7889404296875,24.6200008392334,130.05059757638782,68010.290860268,452.5804963643414,24.100000381469727,125.47193939245228,66970.39944618267,438.1928951431617,24.510000228881836,129.60096695902467,67653.79058916711,438.61196252593584,70716700.0,30254000.0,368.0,27750689.0
2022-03-15,24.459999084472656,128.6952667236328,67661.3828125,452.4408264160156,25.440000534057617,129.54562410114278,68507.10944779664,456.7710663150074,24.299999237060547,125.62578206944592,67274.93167936162,447.5983898805279,24.579999923706055,126.79054616465082,67791.72624778932,455.3742129012,135335115.0,30292000.0,323.0,27204899.0
2022-03-16,24.579999923706055,132.6952667236328,67895.5859375,458.8663330078125,25.0,132.77515763916549,68349.19566915925,460.30973679221927,24.459999084472656,128.2391862057771,67698.58838066921,455.74668812445583,24.860000610351562,130.02478981722507,67862.40633953878,459.099141903301,54411785.0,32058000.0,282.0,16211288.0
2022-03-17,25.020000457763672,133.59849548339844,68533.984375,467.3871765136719,25.530000686645508,133.73646824552316,69440.05526301377,468.8771592676486,24.739999771118164,131.73100158586277,68170.38250967588,464.0347224219884,25.059999465942383,132.32852511869552,68185.23765760599,464.68659875780867,140825185.0,23994000.0,345.0,22947673.0
2022-03-18,,135.78309631347656,,,,135.89426205846607,,,,131.94241069527084,,,,132.8873195276815,,,,45900000.0,,
2022-03-21,24.90999984741211,135.46250915527344,66571.7734375,456.8641662597656,25.3799991607666,136.55829449037427,69464.44465099515,467.4802458400517,24.81999969482422,133.60940336052556,66213.5346603436,455.3741836967834,25.170000076293945,135.8287654682813,69024.59570112824,467.4802458400517,70790500.0,26632000.0,654.0,19064060.0
2022-03-22,24.75,139.2332305908203,66688.6484375,459.75103759765625,24.950000762939453,140.4466335865125,66957.37601821971,461.706609667117,24.459999084472656,135.48385501455093,65533.56378730958,444.43220025984135,24.899999618530273,135.48385501455093,66957.37601821971,456.86420148785135,59014790.0,29776000.0,597.0,26157969.0
2022-03-23,26.040000915527344,137.47242736816406,66395.6875,456.9107360839844,26.8799991607666,138.9826004436537,67280.25177642095,467.8527542553318,24.850000381469727,137.1379456820029,66182.49207213671,455.5604615312936,24.940000534057617,138.10270990614384,66958.3281549963,464.2209411418445,330600040.0,25302000.0,344.0,15800195.0
2022-03-24,26.43000030517578,140.26002502441406,66346.5078125,453.6048583984375,26.969999313354492,140.34389912974618,66958.37065918454,460.77535533982467,26.040000915527344,137.01178901991855,66010.6681824006,450.2524046140873,26.139999389648438,138.23571788850012,66304.08449392351,451.649257989312,129230550.0,20544000.0,172.0,18174877.0
2022-03-25,28.639999389648438,140.4679718017578,66049.9609375,456.9573059082031,28.979999542236328,140.90271471411023,66711.1468794592,459.3784956567696,26.520000457763672,138.65952912852086,65572.50847134783,453.1392343845382,26.690000534057617,140.69873918568095,66551.00778402024,457.9350918898123,512500365.0,19270000.0,293.0,11541196.0
2022-03-28,30.450000762939453,140.8932647705078,65293.46484375,463.2897033691406,30.649999618530273,140.91957197695686,66859.03769723936,464.3140681960793,29.010000228881836,138.78721917051678,64548.2780882679,448.8090013952748,29.200000762939453,139.63718274744636,66859.03769723936,457.1901216572291,454774720.0,23774000.0,526.0,16738684.0
2022-03-29,34.709999084472656,142.18359375,64897.85546875,460.9616394042969,36.279998779296875,143.08930681887722,66411.97047196658,466.9215417855109,30.799999237060547,141.42328971717996,64673.437213538135,457.8885731758907,30.93000030517578,142.0947671698026,65170.16100166055,465.61781758009784,1210999365.0,28678000.0,597.0,14301429.0
2022-03-30,34.29999923706055,141.5825958251953,64956.03125,460.3097229003906,35.779998779296875,142.41237084004507,65493.93273565368,465.99026546268584,32.79999923706055,141.10964163515865,64717.95305891233,458.4472517926908,35.400001525878906,141.80641153610736,65021.29998831954,464.9659006696402,663846765.0,21046000.0,688.0,16461225.0
2022-03-31,37.02000045776367,138.60989379882812,64547.62890625,459.6112976074219,37.5,141.58259286634333,65368.86092363107,463.3362398339444,33.439998626708984,138.57961855205838,64237.820678014745,458.3541523412136,33.97999954223633,141.38805282394353,64956.032941469406,460.30972427489485,691557815.0,29516000.0,852.0,10240982.0
2022-04-01,40.689998626708984,139.65257263183594,65925.53125,473.25396728515625,40.720001220703125,139.900711536706,66163.60941238797,474.6973711707256,37.540000915527344,137.76373940912654,64659.03303918885,457.2367027853384,37.540000915527344,138.96770683116304,64885.98536471347,457.2367027853384,710088800.0,23480000.0,250.0,18527226.0
2022-04-04,42.38999938964844,142.57318115234375,66551.0078125,477.1651611328125,44.15999984741211,142.97143927267746,66759.67837527876,479.4932502155485,39.869998931884766,139.7761508845711,66245.27431517869,471.2052303457634,41.400001525878906,139.7761508845711,66560.98885630471,474.27829656735247,842132015.0,19076000.0,299.0,16257176.0
2022-04-05,46.619998931884766,140.01287841796875,67189.046875,474.37139892578125,46.619998931884766,142.52105934769244,67680.60162099186,480.8900764070014,42.36000061035156,139.89426123507653,66859.020492503,472.7883154906881,43.0,142.33198670836325,67057.60910660749,479.0276052463827,481788450.0,19256000.0,275.0,13602384.0
2022-04-06,48.95000076293945,136.15480041503906,67153.140625,478.6085205078125,48.95000076293945,138.8074058329786,67501.7476492542,479.77256494097765,46.79999923706055,135.40255365661812,66759.89054251465,471.20518654526063,47.5,138.12552365688512,67501.7476492542,472.1364220917927,273275280.0,23574000.0,134.0,13738275.0
2022-04-07,46.5099983215332,135.4490966796875,66756.0546875,479.5397644042969,51.38999938964844,136.67640282921894,67604.65297697735,484.1493918075172,46.5099983215332,133.85332304271896,66560.98969752008,474.9766874115923,51.38999938964844,135.60095756573014,67539.48902297777,474.9766874115923,147066900.0,19448000.0,138.0,19620958.0
2022-04-08,44.189998626708984,133.0128936767578,67319.140625,480.6106872558594,44.189998626708984,135.2357242722811,67653.78501842874,483.77691114198547,44.189998626708984,132.75681864876051,66362.3030724088,477.11855363356403,44.189998626708984,135.2357242722811,67132.17843390821,483.77691114198547,13681390.0,16434000.0,436.0,13572638.0
2022-04-11,46.31999969482422,128.83026123046875,67294.25,479.49322509765625,46.38999938964844,131.94956650689923,67582.0005261533,486.1049750110299,43.220001220703125,128.6525928958513,67168.27619581945,477.9101132367034,43.790000915527344,131.91065848954077,67316.998396282,478.18947254437523,309340190.0,24188000.0,116.0,12370288.0
2022-04-12,46.15999984741211,127.4188461303711,67099.0078125,477.5841369628906,47.97999954223633,131.437700411594,67506.37578011608,481.169427992416,44.93000030517578,126.62629029398762,66170.9334423964,469.66866307633074,46.79999923706055,131.437700411594,67163.18609901318,477.49103614159725,212773590.0,23004000.0,236.0,14460680.0
2022-04-13,44.650001525878906,129.31610107421875,67016.59375,482.1007080078125,47.25,129.68309949549987,67693.52747246256,485.08067345936144,43.86000061035156,127.48245689037394,66606.79656651907,478.42231581784336,46.47999954223633,127.66895485008241,67693.52747246256,478.93448405839547,137127330.0,19542000.0,148.0,15440525.0
2022-04-14,,126.3056869506836,,,,129.73720257654543,,,,126.16524553120074,,,,129.67690954398194,,,,23484000.0,,
2022-04-18,46.880001068115234,127.0084228515625,66547.6875,474.4645690917969,46.880001068115234,127.75383923532786,67018.97755253062,479.58636522527064,42.79999923706055,125.63616941632264,65657.45743371022,469.3427729583231,44.20000076293945,126.46152973079842,66562.03816296345,476.79265824337585,153518795.0,14918000.0,249.0,14492183.0
2022-04-19,46.4900016784668,129.55929565429688,65759.3359375,476.60638427734375,49.220001220703125,129.92926255751522,67307.57774578617,485.12721303086033,45.0099983215332,126.50271445824443,65368.864389315815,470.36712260501565,48.0,127.12355399812398,66639.48410898048,477.9566873090639,218316410.0,22720000.0,377.0,20362934.0
2022-04-20,47.0099983215332,127.29080200195312,67290.578125,474.2783203125,48.70000076293945,130.94141572489315,67754.82086292602,478.3757800385031,46.400001525878906,126.94197022406631,66202.40370268254,472.1364896167728,47.790000915527344,130.30668046770282,66327.53153718631,476.7926680153603,130249610.0,22610000.0,272.0,11881305.0
2022-04-21,49.36000061035156,124.0074234008789,69224.0234375,480.79693603515625,49.36000061035156,129.3374424756781,69622.39590811565,482.38004794623134,47.63999938964844,123.72206516169979,67435.2202129426,476.9788927538379,47.86000061035156,128.38708133094494,67435.2202129426,478.0963868580151,151805475.0,30158000.0,856.0,10035638.0
2022-04-22,51.81999969482422,118.72354888916016,68679.4296875,466.1765441894531,51.81999969482422,124.51809375058207,68975.47713427531,478.18947767208795,49.7400016784668,118.25357827603916,68070.39961334788,464.68656155476515,49.959999084472656,124.06945514766316,68945.27787317519,477.6307590507531,173008285.0,46410000.0,226.0,16760456.0
2022-04-25,54.40999984741211,122.3324966430664,68657.171875,460.7288513183594,54.40999984741211,122.36028808300831,68994.94409953336,464.8728614497352,52.41999816894531,117.88510141981827,67832.61026805094,456.3520322676716,52.68000030517578,118.5404341752876,67832.61026805094,460.9616602376713,129547380.0,34522000.0,144.0,14057444.0
2022-04-26,57.130001068115234,118.6163558959961,70804.265625,470.7395935058594,57.130001068115234,121.83620979526796,70970.46633532475,472.9745532511563,56.599998474121094,118.27477110564347,69031.55894524364,464.1743939254768,57.119998931884766,121.83620979526796,69119.02891840886,464.6865621353587,29320495.0,49394000.0,493.0,12137213.0
2022-04-27,59.84000015258789,114.16424560546875,71712.2734375,463.056884765625,59.97999954223633,116.62528712088584,72114.37141006127,468.2252307845277,55.33000183105469,112.28211410279226,69789.70369963913,458.0282183976824,59.599998474121094,113.52156674047187,70336.09995636228,465.6177825697587,224476415.0,62238000.0,482.0,12367342.0
2022-04-28,56.849998474121094,118.5225601196289,71891.9296875,472.60205078125,62.400001525878906,119.54191521421045,72069.26008352991,474.9301397013547,56.849998474121094,114.28672854739176,70558.07882391001,462.3584595327894,61.040000915527344,116.24315487819466,72024.95076845048,464.8262281042895,242329965.0,36790000.0,416.0,12154792.0
2022-04-29,56.06999969482422,114.11066436767578,72212.328125,462.1722412109375,59.20000076293945,118.07443566587558,72837.10586662433,477.25827009170274,54.0099983215332,113.84019382407962,71329.54889656122,460.03041058595346,55.599998474121094,116.7027273830536,71791.20717340067,473.16083892009266,226929105.0,33694000.0,591.0,12894773.0
2022-05-02,56.06999969482422,116.28485107421875,,457.2366638183594,57.77000045776367,116.46599522375365,,460.96160608979204,54.599998474121094,112.5553231665898,,448.2036674425135,56.0,113.05855268513805,,458.7731968215145,89765020.0,30280000.0,,18590895.0
2022-05-03,,117.25010681152344,,,,118.4118949240734,,,,115.75878948827263,,,,115.89576265591572,,,,21216000.0,,
2022-05-04,53.27000045776367,121.66250610351562,71344.6015625,446.66717529296875,57.79999923706055,122.2262785018127,72522.08557307119,462.31195131533974,53.27000045776367,114.8769048965248,70765.72418346305,444.6650243227614,57.599998474121094,117.12504284413512,72273.32779502583,458.1679412917248,88263120.0,33232000.0,5596.0,14645323.0
2022-05-05,55.630001068115234,115.87741088867188,70658.765625,446.9930725097656,55.93000030517578,120.33076584251917,72238.00596491227,460.03037045796714,50.61000061035156,114.3250582609718,70485.11407216234,445.7358988095211,52.0,119.32554868115301,72124.25620365418,451.64925034840905,199068965.0,43090000.0,147.0,14130385.0
2022-05-06,58.40999984741211,114.79900360107422,69606.4140625,450.6714782714844,58.40999984741211,116.62381077468173,70487.10550217297,452.67362912004927,54.29999923706055,113.29329062678812,68896.6422054948,438.61196592978445,56.790000915527344,114.65904681641767,70487.10550217297,438.61196592978445,228394405.0,35310000.0,241.0,16710020.0
2022-05-09,56.31999969482422,112.2421646118164,68130.0,443.1750183105469,59.599998474121094,114.70260796952478,69317.76763846898,450.438673074012,55.4900016784668,111.71362750786085,67913.07913950502,441.21941785811185,59.130001068115234,112.46002827851365,69044.6160851304,444.29251240309696,202408240.0,34520000.0,318.0,13544947.0
2022-05-10,53.5099983215332,113.73149871826172,68223.984375,442.5231628417969,56.31999969482422,115.82231597225426,70431.42528065633,449.3677216792281,53.5099983215332,112.53923846850854,66880.04359887438,440.9400509743726,54.4900016784668,115.1766534784488,68110.77789909884,444.19937553278925,69542660.0,31158000.0,699.0,10884328.0
2022-05-11,51.060001373291016,113.11262512207031,67673.1953125,443.7803039550781,55.599998474121094,115.80244983809844,68779.84928856691,446.06184249202244,50.84000015258789,112.80394330481138,67440.23186766233,431.76737066572184,51.459999084472656,112.86399400792115,67653.776517891,442.5697090695901,172389060.0,36502000.0,287.0,14771351.0
2022-05-12,48.5099983215332,112.318603515625,67142.3125,430.83612060546875,50.91999816894531,114.00147741595012,67623.98718560926,440.47441421123784,48.5099983215332,109.29378928322973,66248.16297243355,424.96934802059377,50.0,111.1047082660839,67623.98718560926,440.47441421123784,55343855.0,41464000.0,403.0,18947096.0
2022-05-13,50.93000030517578,115.64812469482422,71528.515625,414.07391357421875,50.93000030517578,117.20593702410864,72662.48938942092,444.19939162505403,49.119998931884766,113.15134796410668,67157.05165278181,409.51086471093816,50.0,113.99055094754328,67157.05165278181,437.1685740476676,39880720.0,29738000.0,1083.0,61403008.0
2022-05-16,53.470001220703125,113.93795013427734,72112.125,423.7121887207031,53.470001220703125,115.73943352681172,72720.3632844385,429.7652199881417,53.470001220703125,113.48385167438236,70127.61255023822,408.6727397938781,53.470001220703125,114.52504614697118,71528.22618141491,414.3998329246437,15690260.0,23282000.0,395.0,27940958.0
2022-05-17,56.13999938964844,115.83272552490234,73498.4921875,435.1664123535156,56.13999938964844,116.3548107318265,73713.82198419912,437.354821837337,56.13999938964844,114.47888128226606,72084.7694918272,424.78314043302424,56.13999938964844,116.3548107318265,72124.30560718135,426.78529141730706,7098360.0,21576000.0,754.0,16880698.0
2022-05-18,58.939998626708984,111.56425476074219,74086.515625,426.50592041015625,58.939998626708984,114.83437565155293,74245.31980482355,436.3770238152506,56.720001220703125,111.30718016760673,73310.03528823995,425.6678140232925,58.939998626708984,114.37964107756378,73515.13568685278,435.7251475037698,180555170.0,27982000.0,404.0,15644497.0
2022-05-19,59.47999954223633,109.92107391357422,73006.5859375,416.7279357910156,60.790000915527344,112.741920008228,73730.21169450582,419.0560248177811,56.93000030517578,109.64564334675333,72522.22585150803,413.887678545984,57.38999938964844,111.00842338816487,72522.22585150803,418.17133961998803,156888390.0,29192000.0,156.0,14201420.0
2022-05-20,62.45000076293945,108.4992446899414,73582.28125,430.60333251953125,62.45000076293945,111.71214700448216,74159.07848070301,432.09331515214274,61.02000045776367,105.58112851026546,72795.02059228871,422.92063887727875,61.400001525878906,111.25110445801242,73266.7607389491,423.57251516000093,112284070.0,37586000.0,624.0,13596860.0
2022-05-23,65.56999969482422,110.83522033691406,72885.4375,429.20648193359375,65.56999969482422,111.17170121117366,74583.48812280192,438.9844557239664,63.66999816894531,108.34167699891671,72623.61744135951,427.9027577786884,64.33000183105469,109.28435201426997,74277.70799977121,431.25521161919863,64956295.0,31558000.0,198.0,13499415.0
2022-05-24,62.29999923706055,105.13745880126953,73850.0703125,430.27740478515625,68.77999877929688,105.60296161430037,74160.5770528518,434.70077395889433,62.29999923706055,101.44713436310151,72659.07396618047,428.5546416316817,68.19000244140625,105.58559764452096,74160.5770528518,430.6033429344007,197137835.0,60386000.0,301.0,17175179.0
2022-05-25,59.869998931884766,105.05159759521484,74327.8671875,429.4735412597656,63.7599983215332,105.75154805646027,74878.48554760712,439.2622523665516,59.189998626708984,103.4354686838197,73072.94101128043,427.5346982479969,61.81999969482422,104.35928788625647,74080.74708452003,435.99933904343357,158006250.0,37900000.0,173.0,12728644.0
2022-05-26,62.86000061035156,107.48982238769531,74559.84375,443.4708557128906,62.86000061035156,108.14417074692533,74792.16305562033,444.6057894882055,57.220001220703125,104.70272698653099,73191.71875089456,427.9602576714547,61.779998779296875,105.2610396335546,74483.7441010638,432.0743565287651,151665505.0,30288000.0,257.0,17055257.0
2022-05-27,65.62000274658203,111.95928955078125,74189.8359375,443.5181884765625,66.0,112.02776856109718,75154.27972133958,449.24007685783033,63.0,108.73447566378962,73813.17175529356,442.1468124863909,65.05999755859375,108.97119510009125,75005.3091187707,445.83530418702605,125985010.0,29924000.0,167.0,10977001.0
2022-05-30,68.05000305175781,,74854.5,448.8617858886719,68.9000015258789,,75253.664186169,451.0370421360326,65.19999694824219,,74541.26127961122,445.5515957698212,67.73999786376953,,74806.61271575611,447.34855034754094,196970270.0,,287.0,9365470.0
2022-05-31,64.6500015258789,113.1900634765625,77148.0234375,442.71429443359375,64.6500015258789,115.56673888073168,77626.51598770311,450.56416239270465,64.6500015258789,111.734481176105,74856.28697343089,439.78240595471544,64.6500015258789,112.23721089180535,74856.28697343089,448.29432348932284,321951845.0,51302000.0,350.0,15441579.0
2022-06-01,61.41999816894531,113.2873306274414,75791.6171875,442.9034118652344,63.34000015258789,116.52504834118835,76992.19876436103,446.402767135689,61.41999816894531,112.70519465135733,75503.0206230994,439.4986680873034,62.099998474121094,114.07591837026041,76678.86690384531,442.61969283792894,62659695.0,28630000.0,395.0,9424008.0
2022-06-02,59.06999969482422,116.86946105957031,75369.5,444.3693542480469,62.599998474121094,117.02032994413179,76296.78252071765,446.73377559781557,58.349998474121094,112.4644955216671,74508.57668038833,440.86999910536304,58.349998474121094,113.33794934994897,76296.78252071765,441.57932551029364,268135465.0,27472000.0,236.0,9370989.0
2022-06-03,56.81999969482422,113.71116638183594,76008.8515625,439.30950927734375,60.560001373291016,115.49826208152648,76369.22481320439,449.7129637489278,56.400001525878906,112.82183268380268,75619.56742363931,438.36374068901796,60.20000076293945,115.129029685835,75849.7058546758,447.5849844251947,104057075.0,25052000.0,261.0,11306291.0
2022-06-06,59.65999984741211,116.13941955566406,74248.4375,438.5528869628906,59.65999984741211,118.50964270005683,76147.76193089978,440.34984143039037,55.41999816894531,115.66080865024855,74068.27421745536,431.7433418767632,57.0,115.8734169090408,75963.97411671562,439.02577123657824,64065870.0,23786000.0,255.0,10661432.0
2022-06-07,58.279998779296875,116.3568115234375,71150.1171875,438.2691345214844,60.560001373291016,116.8720966114918,74011.79723581097,440.68086160973934,57.68000030517578,114.26847796734052,70932.15634337896,435.5264115351442,59.9900016784668,114.78708742646226,74011.79723581097,436.8032048333303,79123930.0,26414000.0,539.0,7672515.0
2022-06-08,56.900001525878906,116.36524200439453,70104.0234375,445.74072265625,59.36000061035156,117.76276512980755,71776.09674714606,449.7602391433186,56.439998626708984,115.82801912123996,69809.27217341618,438.0800202062432,59.11000061035156,116.0064371237209,71757.01944754056,441.29562762338475,46144110.0,22544000.0,423.0,17168871.0
2022-06-09,57.54999923706055,114.06250762939453,69893.1171875,441.6266174316406,58.099998474121094,117.46895777798171,70288.80428379615,445.36238572980415,55.41999816894531,114.0118848082445,69549.38429901458,437.37065913527107,56.88999938964844,115.47541063507776,69978.45278876665,443.5181544522493,47570890.0,23142000.0,246.0,12635601.0
2022-06-10,56.02000045776367,110.59800720214844,69468.625,436.80322265625,57.06999969482422,112.65210514758925,70092.56456988223,438.97847883631295,55.79999923706055,110.0357265329422,69312.85548391566,433.7294747838409,56.560001373291016,111.94168171143151,69740.03805318732,436.9450821701556,36227230.0,31324000.0,188.0,8621104.0
2022-06-13,53.2400016784668,106.08087158203125,68112.0,421.6709289550781,55.099998474121094,108.40543207259111,69027.71020073292,429.4262140264515,53.220001220703125,105.79456678668615,67852.46184980583,418.12429676502626,53.900001525878906,106.6461281798025,69027.71020073292,429.3789371422775,55933745.0,36756000.0,240.0,13426836.0
2022-06-14,53.33000183105469,106.39600372314453,67730.875,423.7989196777344,55.900001525878906,107.65009413173189,68945.26380032481,424.8865478061158,52.31999969482422,105.56026907247383,67057.71335046002,419.3065187827337,52.31999969482422,106.09426597688334,67057.71335046002,420.867031215852,81966490.0,25480000.0,261.0,11351101.0
2022-06-15,54.40999984741211,109.56873321533203,67993.7421875,426.8726806640625,55.13999938964844,111.22878338554288,68986.19633631306,430.75033785355936,54.0,107.31389319839684,67730.87440122818,424.2718169087689,54.0,108.08882762038024,67730.87440122818,424.6028417046836,37232825.0,33192000.0,131.0,9920926.0
2022-06-16,51.86000061035156,105.84217071533203,66776.03125,417.65142822265625,56.5099983215332,108.47690508360789,68820.98902630956,432.92558565795474,51.689998626708984,105.00495174306114,66562.03640479899,416.2800521790949,56.0,107.34440018613208,68547.8918038343,430.4665814742764,58774455.0,35314000.0,374.0,10780703.0
2022-06-17,52.2599983215332,107.06251525878906,67439.109375,417.0839538574219,53.560001373291016,108.4362074021435,68556.69157909913,423.27872666107095,49.869998931884766,104.84221414019781,65468.25641006045,413.5373215967295,51.70000076293945,105.74192217834539,66797.34209794296,416.13818525457054,81026665.0,43516000.0,552.0,14326050.0
2022-06-20,49.650001525878906,,66262.109375,411.1256103515625,53.36000061035156,,68051.1610495402,419.4010853677971,49.650001525878906,,66064.26583641494,407.3425360584267,53.06999969482422,,67931.94733675268,417.5568251048669,36990920.0,,205.0,12368534.0
2022-06-21,50.810001373291016,111.18111419677734,67642.7109375,426.30517578125,51.72999954223633,111.83421292998393,67837.62071356735,430.27741525368896,47.65999984741211,108.4798775416717,66461.6025549032,413.868325066745,49.66999816894531,108.88533716799299,66461.6025549032,415.665279547109,88508445.0,39010000.0,429.0,13801891.0
2022-06-22,49.459999084472656,111.1999740600586,67604.65625,423.3733215332031,50.599998474121094,112.92255847543518,67681.95113438554,426.73081748792765,49.02000045776367,109.90002393931785,66913.66683772518,420.53601564262533,50.380001068115234,110.33546349800969,67017.97884155504,424.4136727989286,35994665.0,23922000.0,119.0,11066447.0
2022-06-23,50.52000045776367,111.84564208984375,68528.4140625,426.919921875,51.7400016784668,112.3538316275646,68746.57671659668,431.6960704167751,49.5,110.20246386054443,67567.40093528431,421.8127774275385,49.810001373291016,112.10916095800074,67811.29233100577,424.6500831053022,40419750.0,24710000.0,352.0,12229833.0
2022-06-24,52.88999938964844,117.65556335449219,69949.2421875,429.6153869628906,53.040000915527344,117.75431761322301,70310.80277982743,435.3845812009487,51.20000076293945,112.75729608421425,68163.37268585895,428.62234147696313,51.20000076293945,112.75729608421425,68845.91774565198,431.0813167492726,46536825.0,39122000.0,763.0,10833364.0
2022-06-27,54.58000183105469,115.75431823730469,70695.21875,436.1884765625,55.529998779296875,118.36226061668158,71515.26314535066,439.64052607470876,53.63999938964844,115.13719688644596,70336.08745599797,433.2092824733034,54.189998626708984,118.04960316540595,70336.08745599797,435.0062658485541,62533665.0,32840000.0,223.0,9509175.0
2022-06-28,54.04999923706055,111.73348999023438,71812.46875,439.0730895996094,54.959999084472656,116.97914308388886,72025.95913049935,440.491742554697,53.54999923706055,111.60693671146727,70224.13974654452,433.16203562007775,54.0099983215332,115.48484964529182,70693.74562732008,434.01322162061666,35097560.0,28232000.0,294.0,13261290.0
2022-06-29,54.0099983215332,111.42082214355469,71036.0390625,434.2023620605469,54.880001068115234,112.81833763360945,71586.36260898838,437.6071347305486,53.45000076293945,110.72355241414265,70684.80867617467,433.1620108471343,53.59000015258789,111.31362443846164,71031.52197926225,435.05354801240566,29861885.0,18628000.0,231.0,11800876.0
2022-06-30,52.56999969482422,108.55828857421875,70270.78125,440.6335754394531,55.130001068115234,110.50102357939595,71701.74183153447,443.84918283740706,52.220001220703125,106.51114258064412,70095.29025787502,433.7294763537707,54.400001525878906,109.6768976824354,71324.62751477002,434.10777801307705,28068700.0,38046000.0,201.0,16926328.0
2022-07-01,52.650001525878906,108.26896667480469,71707.3515625,441.5320739746094,52.97999954223633,108.98891636299582,71960.38580202483,443.37630541575845,51.02000045776367,106.30767872404971,69833.66258941097,435.57371451361155,52.56999969482422,107.5305019824838,70286.42638908341,438.22188389491066,24063835.0,31028000.0,262.0,9405495.0
2022-07-04,52.34000015258789,,71334.265625,447.7741394042969,53.29999923706055,,72034.49880714423,448.4361600833809,52.20000076293945,,71277.6856724631,441.5320610921888,52.779998779296875,,71611.1426108438,441.5320610921888,15546910.0,,93.0,9186358.0
2022-07-05,52.54999923706055,113.0391845703125,70707.7421875,446.54461669921875,53.880001068115234,113.20354782139363,71940.5097936014,453.96890561565453,52.400001525878906,105.45853636865279,70630.25327271852,445.45698863536103,52.68000030517578,106.71412621302082,71627.57379159926,449.3819223593166,17161335.0,36398000.0,255.0,12003244.0
2022-07-06,52.540000915527344,114.3558120727539,72790.5625,453.921630859375,53.11000061035156,115.48583311314871,72971.369994645,454.91467630003484,52.0,111.41487220762426,71091.07605190059,448.1997137671677,52.81999969482422,113.24266278225355,71091.07605190059,449.3819244644131,15181535.0,28852000.0,238.0,12059857.0
2022-07-07,55.119998931884766,118.41783905029297,74859.8046875,460.35284423828125,55.15999984741211,118.96969972566629,75005.29820158184,461.77149707106486,53.0099983215332,114.67391614910093,72877.43421453297,455.48214195157067,53.099998474121094,115.14439411029898,73166.96987775834,457.7519807115113,57640495.0,32184000.0,680.0,11497832.0
2022-07-08,54.310001373291016,119.27392578125,75496.0546875,462.0552673339844,55.720001220703125,119.53843665062448,75899.39440120274,463.3320607975977,53.79999923706055,116.63918397499954,74817.03327292904,458.8396596622476,55.58000183105469,116.67491906783029,75004.2981400053,462.48087477604514,35391060.0,29082000.0,655.0,9057231.0
2022-07-11,57.02000045776367,115.65507507324219,75901.734375,461.7242431640625,57.02000045776367,117.91016486019606,75997.74953527792,464.6561027409874,53.849998474121094,115.36921702152986,75114.57460048319,458.6977720918318,54.0,117.76673982908447,75545.7308678633,458.6977720918318,70433830.0,26718000.0,177.0,7704792.0
2022-07-12,58.54999923706055,113.99452209472656,76141.1640625,458.6504821777344,59.869998931884766,116.9721890297241,76346.45848481028,464.7033952876818,57.209999084472656,113.76176313125352,74647.2670300142,456.9008045407598,57.36000061035156,115.96871369752942,75897.37354043324,458.69775906147703,112012850.0,24970000.0,411.0,7364457.0
2022-07-13,57.33000183105469,111.35184478759766,76724.0,460.1164245605469,59.91999816894531,114.29973648077389,77050.00601894947,465.74375928365237,57.0,110.99055608145653,76322.10390264637,458.2721642428724,59.68000030517578,111.80048342510196,76322.10390264637,461.2986353122441,42832115.0,38958000.0,484.0,8208853.0
2022-07-14,56.7400016784668,110.61041259765625,76869.46875,453.35418701171875,57.959999084472656,111.15383746378811,77362.31200492525,462.38626565305754,55.400001525878906,108.5116515751349,76049.52503871532,450.9424597491278,57.599998474121094,110.00097738401358,76914.7171937199,460.21100940450947,34988280.0,32366000.0,366.0,9385630.0
2022-07-15,57.349998474121094,111.92752075195312,79020.2578125,453.11773681640625,57.59000015258789,113.15184335032022,79227.39161640492,458.1302987936768,56.650001525878906,110.99005576160162,76872.36998673338,448.95636079682373,57.20000076293945,112.12206081029161,76872.36998673338,456.38062113130496,22312940.0,34330000.0,545.0,6945602.0
2022-07-18,57.970001220703125,109.091796875,80039.359375,463.7102966308594,58.88999938964844,113.94539347549131,80459.33944352389,464.8452304067869,57.36000061035156,108.48633731298709,79282.30556357265,455.9550120372372,57.880001068115234,112.595517164046,79475.82609559095,458.2721276077891,26253790.0,33354000.0,2816.0,9934786.0
2022-07-19,58.66999816894531,113.7667236328125,79408.7578125,470.94549560546875,58.970001220703125,113.95530404418794,80270.52711931289,471.51293368709094,57.04999923706055,109.67739190532042,78685.48132329946,461.53508629680795,57.38999938964844,110.8982386041735,80270.52711931289,461.53508629680795,33512645.0,30992300.0,372.0,11724183.0
2022-07-20,57.97999954223633,113.84612274169922,79125.5859375,481.0179138183594,59.36000061035156,115.4639931941455,80469.27063541932,482.9094510108322,57.709999084472656,112.41684784651615,78934.19201255117,473.26259978419387,59.20000076293945,113.2108877721516,79475.82284979687,473.8300667144491,20420450.0,26780100.0,212.0,19280117.0
2022-07-21,58.79999923706055,114.18360137939453,79648.578125,484.28082275390625,59.0,114.3523340202464,79853.3292562583,485.5576450587542,57.689998626708984,111.07690496198657,79038.70211032483,479.2682604842976,58.189998626708984,114.23322461768115,79402.94817154628,482.1528433042966,26312625.0,27267800.0,152.0,13814893.0
2022-07-22,58.2599983215332,107.55332946777344,78956.3828125,485.8413391113281,59.400001525878906,112.33744733683955,80174.15554418926,491.9888349828114,58.119998931884766,106.79898506306883,78702.90620820156,483.47691762229607,58.9900016784668,110.97764338755076,79972.53224811573,485.6048969624249,17026010.0,44455300.0,267.0,14699129.0
2022-07-25,58.34000015258789,107.40443420410156,80183.0,489.71893310546875,59.04999923706055,109.75679356287117,80618.27753959228,490.85386688606945,57.81999969482422,106.21337058370555,78914.76316607391,481.5380410965472,58.2599983215332,108.06944459927936,78914.76316607391,485.557586210106,23098860.0,28289900.0,815.0,10229778.0
2022-07-26,59.540000915527344,104.65507507324219,79610.78125,486.314208984375,60.68000030517578,106.93794863187382,80452.37895725705,492.556258440218,58.029998779296875,103.98013689664695,79374.7830807321,485.2738289249796,58.369998931884766,106.63025878915802,80081.86951520387,489.624398970835,65100340.0,36626600.0,198.0,8862656.0
2022-07-27,62.4900016784668,112.75433349609375,80377.3671875,499.5549621582031,62.5099983215332,113.54838113788436,80602.0417599978,501.2100571289965,59.630001068115234,107.61289432562833,79276.63594859609,484.46994216508864,59.79999923706055,108.78411043233974,80062.17277235896,487.3545247120165,57218580.0,41474600.0,151.0,15101546.0
2022-07-28,64.38999938964844,113.7369613647461,82595.1875,503.57452392578125,65.37999725341797,113.84614310459678,82836.48560048726,508.35064401287485,62.599998474121094,111.01835270218305,80072.56724414561,500.83177177965706,64.19999694824219,111.9602932110294,80072.56724414561,504.2838504057992,85616700.0,23303800.0,441.0,12160734.0
2022-07-29,62.790000915527344,115.77169036865234,83385.3515625,499.69677734375,65.12000274658203,116.02975695788737,83557.62847105804,507.8776981791457,61.459999084472656,112.38707954111806,82206.49450748647,498.1835707930447,64.6500015258789,112.55581218413384,83201.73051847299,506.03343800944685,59985085.0,31336200.0,447.0,11921058.0
2022-08-01,64.37000274658203,114.6203384399414,86556.1796875,504.80401611328125,65.0,116.24812922292041,86884.1099765869,505.986226923851,61.11000061035156,113.83621850858214,83599.83090530698,497.85263963718603,62.93000030517578,114.66996168262538,83599.83090530698,500.35889192051155,70179170.0,22856200.0,2923.0,8295631.0
2022-08-02,65.70999908447266,115.03720092773438,87847.9921875,512.7011108398438,66.5,116.20841689334405,88526.19889545524,515.3493089753147,63.81999969482422,113.40941027351059,85847.07013384587,502.2976567294788,64.19999694824219,113.57814291596826,86550.70201244994,503.0543177539742,60138460.0,17911000.0,1424.0,16845027.0
2022-08-03,67.91999816894531,117.89575958251953,88280.8828125,511.5189208984375,68.98999786376953,118.53099459641399,88428.72203185438,516.7679827744605,64.26000213623047,115.28534093394066,86766.38220753922,505.65520179662053,65.9800033569336,115.47392135917269,87730.06625746144,512.5120241020963,110070700.0,25302800.0,951.0,24262125.0
2022-08-04,69.44999694824219,117.98509216308594,88254.953125,504.33111572265625,70.80000305175781,118.61039949285419,88907.4315037821,514.4981283696671,67.19999694824219,116.83372398086027,87388.99659080432,495.77192127182764,68.98999786376953,117.41933574874363,88824.82690285284,514.167132443307,120401610.0,15757700.0,354.0,18072293.0
2022-08-05,66.41000366210938,117.33992767333984,88425.5234375,502.2503967285156,69.27999877929688,117.97516267009925,88725.04282936882,513.4577891228303,65.9800033569336,115.8411665532051,87485.22755109057,500.31158266962416,69.13999938964844,116.05953000320336,88464.53979979681,506.50635537126294,58159050.0,15615700.0,263.0,21110734.0
2022-08-08,65.72000122070312,117.26052856445312,87294.3984375,492.177978515625,66.93000030517578,119.96028125180207,88775.06095927308,495.58272221944645,64.41000366210938,116.95283872390638,87084.15480938737,485.98314830777673,65.68000030517578,118.23323647221227,88775.06095927308,495.58272221944645,47697390.0,17061100.0,362.0,32566317.0
2022-08-09,,116.62530517578125,,,,117.32009119885241,,,,115.6923003111431,,,,117.11165539193107,,,,15424300.0,,
2022-08-10,67.94999694824219,119.75184631347656,83074.640625,486.7870788574219,68.37999725341797,120.87343152453795,86824.49575152162,495.10983046053855,65.81999969482422,118.47144855610613,82221.82439239963,485.5575913010178,66.13999938964844,118.69973212567663,86138.72367290306,493.2655702633671,58811790.0,20497000.0,1140.0,16904151.0
2022-08-11,68.4800033569336,118.92801666259766,82096.21875,496.2920837402344,69.77999877929688,121.42925354725472,84097.43604702812,497.47429451617586,68.2300033569336,118.66002997133384,81808.39340906168,489.15154219857493,68.55999755859375,121.17119453273358,83898.388861118,491.7996827916567,41127455.0,16671600.0,581.0,13862195.0
2022-08-12,69.02999877929688,121.73695373535156,82853.703125,501.91937255859375,69.7699966430664,121.73695373535156,83980.55923104053,502.9596948559826,68.5,119.5037034907786,81793.97880591266,496.67036873971307,68.5999984741211,120.2580479159398,81793.97880591266,497.1905298884075,34868915.0,16121100.0,429.0,12154012.0
2022-08-15,,121.96524047851562,,,,122.34241648723292,,,,120.66499494766124,,,,121.30022998354421,,,,15525000.0,,
2022-08-16,72.47000122070312,121.5979995727539,86623.2265625,497.4270324707031,72.4800033569336,122.31064928688622,87084.16868496062,504.8985701624823,69.80000305175781,120.63025929055411,82853.4659614562,496.52854070915436,69.80000305175781,121.40941156862304,82853.4659614562,504.3784089505764,113900245.0,15626200.0,1785.0,10721167.0
2022-08-17,76.08999633789062,119.42430114746094,86482.625,499.5077209472656,76.08999633789062,121.24067989020192,87469.09824488335,501.7775310056564,73.25,119.30519173769794,85978.48354575054,495.9137540024929,73.4000015258789,120.0297607283746,86585.5308459722,500.16971280275317,102309445.0,17589200.0,647.0,12054183.0
2022-08-18,79.88999938964844,119.96028137207031,87169.5,503.4798889160156,79.88999938964844,120.78410441269445,87552.46376101764,505.79703352089945,77.70999908447266,118.66003584061222,85438.28671431466,497.6634466865571,77.9000015258789,119.33497401312613,86474.07873907869,498.27816163878566,128569785.0,15652000.0,912.0,9013662.0
2022-08-19,82.38999938964844,117.24067687988281,86491.484375,492.1306457519531,83.7699966430664,119.10667878809409,88048.03351817852,504.7094137454508,78.2300033569336,116.79402229086824,86088.06389718961,490.38099701081967,81.54000091552734,118.97764927887584,87545.8358648819,503.14887253569157,173443595.0,20187000.0,440.0,11087222.0
2022-08-22,86.5,114.21338653564453,84418.7578125,483.5714416503906,86.5,115.6327415198653,86386.48716880078,491.70508570749234,83.87999725341797,113.81636273264448,84153.32525390909,482.34195409673873,84.02999877929688,115.23571771686524,84595.0623196782,490.85387093374004,122981350.0,19316000.0,790.0,9676954.0
2022-08-23,82.18000030517578,113.91560363769531,85466.359375,493.5966491699219,84.9800033569336,115.06697177620009,86308.62465832148,495.5827401146792,82.18000030517578,113.44910886357526,83599.8405394149,480.68688485359866,84.19999694824219,113.46895664376403,83699.36415910469,480.68688485359866,66938130.0,14390700.0,426.0,8597965.0
2022-08-24,78.08000183105469,113.84612274169922,84861.046875,491.1376037597656,78.08000183105469,114.85555764949869,86263.58337416696,494.63695899173166,78.08000183105469,112.93297341954928,84438.07152488756,484.51722381150154,78.08000183105469,113.59798384507599,85092.73473313695,490.8538847355807,10215370.0,16051200.0,227.0,11930650.0
2022-08-25,78.69999694824219,116.82379913330078,85031.0859375,492.177978515625,81.80000305175781,116.90320540419083,86038.1638269372,499.64951545599195,74.18000030517578,114.19353267030758,84647.81894705021,490.38099517324997,74.18000030517578,114.29278672262073,85490.73730127215,493.6439082290722,35140945.0,14874700.0,284.0,15473450.0
2022-08-26,75.0999984741211,110.47144317626953,84868.9140625,495.3935546875,78.69999694824219,115.73198340162622,86125.252025406,500.7844469647244,74.7699966430664,110.3920369095038,84650.9106846031,493.88034809833897,78.69999694824219,114.94786355566094,85590.31257183205,495.3935546875,35194050.0,31698700.0,180.0,12855886.0
2022-08-29,78.8499984741211,109.51858520507812,83965.03125,486.9289245605469,78.8499984741211,111.12652806100044,84489.81609699814,488.9623500735362,71.3499984741211,108.99253192978833,83305.73403370877,481.15975938087337,72.01000213623047,109.95531210800485,84396.01510144022,483.5714576863063,30730875.0,20386100.0,379.0,9421339.0
2022-08-30,82.79000091552734,109.091796875,84899.9140625,502.43951416015625,82.79000091552734,110.54092723851655,85789.35975747686,503.6217247817096,79.08999633789062,107.99005948003216,83965.04516569388,489.8608046918547,80.0,110.20345437435583,85091.69918682732,490.09724681616535,33776070.0,20548200.0,306.0,14835308.0
2022-08-31,,108.33745574951172,,,,110.93794682696662,,,,108.23820169441632,,,,110.79898963531326,,,,25898000.0,,
2022-09-01,81.69999694824219,109.72703552246094,84716.3359375,504.37835693359375,83.7699966430664,110.39204602317912,85600.60317439395,511.5662325595548,80.01000213623047,107.38460346767542,84055.60027412765,493.92762598529777,83.4000015258789,108.38707927111064,84993.1592917763,493.92762598529777,26513535.0,22784400.0,369.0,16670228.0
2022-09-02,80.25,107.87096405029297,84012.453125,507.5940246582031,83.0,110.84367138098749,85640.06057712357,508.6816239248925,80.0,107.32505533427235,83758.86231880785,502.43957418739484,82.66999816894531,110.51115852593873,85640.06057712357,507.8777436962466,14264485.0,20618100.0,266.0,10017930.0
2022-09-05,77.97000122070312,,83792.15625,509.6747131347656,81.4000015258789,,84741.3159660831,511.4716388097338,77.11000061035156,,83650.3817667926,507.21568018067234,80.7300033569336,,84741.3159660831,507.8777297346641,16722130.0,,1021.0,7819994.0
2022-09-06,81.55000305175781,106.67989349365234,84886.7890625,508.6343688964844,81.86000061035156,108.06946546149767,85526.92037227735,513.2686583758353,77.19999694824219,105.71711322121716,84028.14896239756,505.13501334321296,78.4000015258789,107.33001628702269,84346.22803236905,508.8235341716872,19536440.0,20565100.0,803.0,8657868.0
2022-09-07,81.26000213623047,109.65754699707031,84662.09375,503.95281982421875,83.1500015258789,110.16374490531014,85481.36738954938,508.30339040263664,80.25,106.81386972546036,84491.7062305485,502.72333208091305,80.94000244140625,106.95779452939786,84744.34845330736,505.4188074634972,14508445.0,22987200.0,441.0,8445359.0
2022-09-08,80.37999725341797,108.60543823242188,85002.7578125,515.1128540039062,82.69999694824219,109.75680643003494,86072.58987264517,516.6733374465072,79.80000305175781,107.25556193233697,84888.05686223137,506.4590488467253,82.5999984741211,108.36722699493593,85336.46511215965,506.9319331126886,11355365.0,21660700.0,336.0,12240707.0
2022-09-09,79.4000015258789,110.94786834716797,83787.828125,523.3410034179688,81.37000274658203,111.1662317998191,85495.75429379931,526.7930817113361,79.0,109.18112051767947,83650.3844691582,518.2811647716557,81.1500015258789,109.2307513287724,85490.77811346675,519.8417059673161,12103150.0,21732900.0,321.0,18587927.0
2022-09-12,79.5199966430664,111.0372085571289,85411.8125,524.8070068359375,80.58000183105469,111.80147311192768,85546.37153878801,528.3063043931888,79.0999984741211,110.10420377865334,83800.1286194328,521.3549284374099,80.4000015258789,111.1563103943137,84271.57509798778,524.8070068359375,10113745.0,19732900.0,303.0,9677415.0
2022-09-13,78.72000122070312,104.52603149414062,85117.5703125,527.7388916015625,80.0999984741211,108.555812521435,85888.8783159164,529.6304288474462,78.5,104.21834167053534,84917.77665871181,523.7193749540595,80.0999984741211,108.07938248471206,85401.21261053054,529.6304288474462,11289210.0,33015000.0,186.0,16707275.0
2022-09-14,76.91000366210938,105.08187103271484,85636.375,540.7432250976562,79.4000015258789,105.31015459512474,85935.29569702256,543.6750848196743,76.66000366210938,103.72206704484307,83182.8227224334,519.4634304939007,77.1500015258789,104.6550717936455,83182.8227224334,520.1727569806925,17347630.0,22115800.0,448.0,21632641.0
2022-09-15,79.83999633789062,103.12654113769531,92308.9453125,541.12158203125,79.98999786376953,105.41934243467084,93407.88817136174,547.1271901555199,76.5999984741211,102.54092932335399,85332.54210964494,537.1020650767799,77.9000015258789,104.22827859607038,85391.26104206315,541.4998548742337,14941985.0,26494900.0,2889.0,12749947.0
2022-09-16,77.55000305175781,102.8585433959961,85580.34375,531.332763671875,79.9800033569336,103.25556718639018,92729.57491350171,542.871151610006,76.5999984741211,101.0967631048831,85376.42144839415,529.9141108366572,79.80000305175781,102.20346057855498,91782.6545099721,538.2368625915752,13547580.0,64540100.0,2232.0,14739280.0
2022-09-19,78.37000274658203,103.07689666748047,85899.6640625,541.2161254882812,78.94999694824219,103.24562930061963,87481.19509722856,543.2495512341687,76.80000305175781,101.60791863264812,84243.73913902591,529.2048517436883,78.0,101.77665126578728,87481.19509722856,530.2925088124447,14119430.0,19738600.0,2884.0,11194003.0
2022-09-20,79.6500015258789,101.07195281982422,85148.171875,542.9183959960938,81.83000183105469,102.40197387655286,87061.2178370325,546.6069162369339,77.6500015258789,100.36723915314869,84699.5691981179,541.7834622508254,78.5999984741211,102.11413180324605,86585.54162782746,546.6069162369339,19982080.0,24001700.0,602.0,8484017.0
2022-09-21,78.0999984741211,99.26548767089844,83811.1640625,538.8043823242188,81.0,102.71957691805449,86077.86070805075,545.9922005856165,76.80000305175781,99.24563231824449,83599.82414248354,534.7375888940823,79.77999877929688,101.47888241812235,85789.38999790284,543.8169443532304,16942445.0,26596800.0,725.0,9392526.0
2022-09-22,79.25,99.82132720947266,84116.953125,536.5345458984375,80.0,100.92306465070604,84817.89475422254,542.8712074256107,76.68000030517578,98.6699665264192,83023.58526207262,531.5219835769916,77.5999984741211,98.70966209083562,84395.96910242263,536.0143846837367,9857900.0,21272700.0,804.0,11869435.0
2022-09-23,77.12000274658203,98.43174743652344,82206.046875,520.7401123046875,79.4000015258789,99.3647522223518,84638.90140251991,537.1965072724512,76.7699966430664,97.28038675660248,81758.64161822922,519.6997900461478,79.25,99.31512140806767,84396.01715430112,534.1700365315244,12100020.0,25657000.0,672.0,12563239.0
2022-09-26,73.30000305175781,98.07442474365234,78506.7265625,513.8360595703125,76.0,99.69229535554446,82106.99383774918,519.2269520381395,73.2699966430664,97.64762549649416,77628.43053750832,504.09465471098065,76.0,97.87591663582947,82106.99383774918,516.2004810276811,14943055.0,22437900.0,1182.0,16158750.0
2022-09-27,74.51000213623047,97.35978698730469,79376.84375,507.4048767089844,76.5999984741211,99.71214677098449,81031.82808674588,521.0239682512467,72.4000015258789,96.61537019694262,79069.26914232426,504.2838517337142,72.79000091552734,99.16624566827849,79618.84162879315,515.018302736198,11697105.0,24225000.0,925.0,11066799.0
2022-09-28,73.55000305175781,99.99005889892578,80041.125,496.3865966796875,76.41000366210938,100.64514929447122,80621.24662622894,510.52584794188544,73.19999694824219,97.07195029609333,78970.4996572862,492.13063823639163,74.0,97.29030618867614,79286.48715095261,504.0000796305769,8384120.0,24617000.0,352.0,12233485.0
2022-09-29,73.88999938964844,97.35978698730469,79165.21875,493.4547424316406,75.9800033569336,98.56078607297609,81387.48018246869,506.64822528844724,73.5,95.80147480905075,78353.00490414693,491.3740400704196,74.94000244140625,98.56078607297609,81061.99128216042,500.3115644395551,6925030.0,21921500.0,576.0,17310168.0
2022-09-30,74.69999694824219,95.43423461914062,81442.8515625,501.82476806640625,75.19999694824219,98.75334272545689,81882.99468044758,507.7831560940152,73.19999694824219,95.31512520582285,78724.208941729,488.15845873914054,73.19999694824219,97.00247448446149,79706.46021522951,495.5827187447877,8453615.0,26277800.0,675.0,17466950.0
2022-10-03,70.97000122070312,98.56077575683594,80314.1640625,491.563232421875,75.13999938964844,99.22578620253039,81808.41003576096,502.8179019108135,70.97000122070312,96.29774259001869,79728.46759892281,490.3810216656896,75.0,96.49625825689655,81497.89636263253,498.98749288066523,9659795.0,24840000.0,546.0,9351162.0
2022-10-04,70.5,101.64762878417969,82403.59375,503.81097412109375,73.5999984741211,101.95531861557453,82555.52273967037,506.7428338618737,67.43000030517578,100.28782480372733,80748.57077383494,499.17668462100914,72.0,100.28782480372733,80952.53971887192,504.0946931725986,13899730.0,22580900.0,667.0,8745887.0
2022-10-05,,101.45904541015625,,,,101.97517104498277,,,,98.99750392900135,,,,99.94043639262158,,,,18475500.0,,
2022-10-06,74.0199966430664,101.47888946533203,82001.2890625,508.1614685058594,74.0199966430664,102.95780286422516,83418.50540710118,512.4174273002554,70.70999908447266,100.74440039069306,81719.19402761546,505.60788168419464,70.94999694824219,100.74440039069306,82261.29451897967,505.60788168419464,9970920.0,17156200.0,820.0,9507322.0
2022-10-07,74.56999969482422,98.82877349853516,82366.09375,501.4465026855469,75.55999755859375,100.66500008015534,82580.76152261566,506.5536182808691,73.05999755859375,98.47145283077565,81423.10749686419,497.99442434716724,74.9800033569336,99.9007355018137,82150.42296595086,506.45906451480334,9399315.0,24249900.0,393.0,11065307.0
2022-10-10,73.06999969482422,97.97515869140625,81926.4921875,501.9667053222656,74.08000183105469,99.24562860012439,82246.31286937848,504.94589962619716,72.31999969482422,97.14141565353422,80894.78221985506,493.88039500105583,73.19999694824219,99.10667142714573,81559.55329561533,497.19058523869677,6201065.0,16529900.0,343.0,9649292.0
2022-10-11,71.37000274658203,97.32009887695312,80713.640625,498.7983703613281,73.98999786376953,99.37468907282711,82604.58904901356,504.75670084855227,70.9000015258789,96.52605121070434,80494.68870221949,497.0013869758343,73.98999786376953,97.51860700721544,82389.12045227728,501.9666720027099,6456450.0,21617700.0,2766.0,10825440.0
2022-10-12,71.36000061035156,97.56822204589844,82110.09375,504.85125732421875,72.0,98.9061866191343,82355.76928266847,505.9861911671905,68.0,96.94290714876782,80893.06799594319,497.4742739326023,71.37000274658203,97.53843901583626,81409.29995834439,501.2573482590859,9778020.0,17343400.0,422.0,8522604.0
2022-10-13,69.37000274658203,98.96772766113281,81657.578125,493.1710205078125,71.38999938964844,99.78162302994957,82304.73036435894,504.8512389762804,68.33999633789062,94.56077794224261,81310.78501441889,491.98880982375175,71.38999938964844,95.2158683372556,81659.71632744405,504.0946356835077,8173685.0,32812200.0,257.0,12972765.0
2022-10-14,66.25,96.45655059814453,80954.2890625,498.60919189453125,71.7699966430664,100.53595459676404,82753.87800801979,505.84428667840865,65.91000366210938,96.30766574812084,80717.22849926841,497.47425808770794,71.0,99.87590423398422,82753.87800801979,501.4464975490239,12693555.0,22624800.0,355.0,8545479.0
2022-10-17,68.12999725341797,100.02975463867188,81905.640625,514.1671142578125,68.44000244140625,101.01238258672876,82206.49737149027,515.1601597269055,63.04999923706055,98.76921232733415,80464.83429158582,495.77190373695043,66.0,98.77913243130956,80813.16690756672,497.852606168704,13506035.0,23311600.0,3784.0,13485349.0
2022-10-18,69.12000274658203,100.63521575927734,82627.890625,531.947509765625,69.80999755859375,103.44415003861235,82903.17450982146,532.940555155672,67.86000061035156,99.90072670581894,82206.50917780615,517.0989326199887,68.19999694824219,103.16623567095775,82206.50917780615,517.4299285082948,7734615.0,21610500.0,481.0,20440781.0
2022-10-19,66.72000122070312,99.54341125488281,82771.09375,523.3883666992188,69.58999633789062,100.90221569593305,83952.88993222809,532.8933295908961,66.05999755859375,98.8932884882681,82471.33331068371,521.6386601529041,69.12000274658203,99.95035515083292,82853.40288315702,532.4677221755691,8275280.0,21573700.0,346.0,9540583.0
2022-10-20,67.69000244140625,99.78163146972656,83829.96875,525.2799072265625,68.0,102.23324546084034,84047.67661571567,526.6039486407994,65.5999984741211,99.22580265550145,82611.55112896045,515.7276096642603,66.19999694824219,100.06947355497876,82611.55112896045,522.0642708738797,6296295.0,25125100.0,571.0,11225588.0
2022-10-21,66.44000244140625,100.72455596923828,85756.421875,530.4342651367188,68.4000015258789,100.86351316170806,87699.22413633499,535.1158309774078,66.0,97.49874993779162,84047.70229250773,527.029521466289,68.4000015258789,97.72703350859237,84047.70229250773,527.029521466289,6760680.0,28988700.0,1792.0,11767639.0
2022-10-24,67.11000061035156,102.20345306396484,85814.3359375,539.5609741210938,68.4000015258789,102.33248256800137,87549.07915467833,541.4525112783982,66.5999984741211,99.55333138478001,85515.6640213982,535.2104617493467,67.4000015258789,101.32999927479946,86785.58531661268,536.250784095811,2012070.0,24680800.0,151.0,3692065.0
2022-10-25,66.47000122070312,104.14887237548828,86918.1015625,547.1744384765625,67.7300033569336,104.31760503106875,87167.75810551984,554.4095917069079,66.0,102.25308730865137,85806.27505376039,537.1965908085093,67.19999694824219,102.53100927223,86474.0785097038,541.4525497145627,4872035.0,29910200.0,2450.0,19899324.0
2022-10-26,,94.11412811279297,,,,97.80643640842473,,,,93.86598919585641,,,,96.03968853145226,,,,71504300.0,,
2022-10-27,67.4800033569336,91.91065216064453,87003.328125,548.2147827148438,67.9000015258789,94.46151989170572,87852.07004279687,553.2746215483523,66.36000061035156,91.21586623101646,86245.55699695225,546.2759109378583,66.98999786376953,93.60792142239198,87580.76715675279,552.2815760803435,5673410.0,54036500.0,279.0,13613533.0
2022-10-28,66.66000366210938,95.86102294921875,88892.75,539.79736328125,67.98999786376953,96.13893730932492,89073.63416770929,551.0520313525482,66.4000015258789,91.63570994742354,86892.8696364982,536.2507314594284,67.66999816894531,91.84116968634454,86918.94793337309,548.4984448958112,3870515.0,35696900.0,1107.0,10043644.0
2022-10-31,66.9800033569336,93.95531463623047,90360.0859375,542.6820678710938,67.45999908447266,95.6327284134678,90765.54362006196,546.1341467120541,66.0199966430664,93.67739271344385,89053.73731494676,537.5749515322374,66.87999725341797,95.06697203698457,89053.73731494676,543.7697249648594,7030465.0,29868700.0,566.0,9894639.0
2022-11-01,69.77999877929688,89.82628631591797,90348.6796875,545.6138916015625,70.31999969482422,95.4491149813113,91561.72481087974,553.9839200565388,66.08999633789062,89.75680772332893,89869.82337415696,543.438577788287,67.41999816894531,94.87839093905981,90566.48867163104,545.0936727265695,11855800.0,43220600.0,658.0,12069579.0
2022-11-02,68.62999725341797,86.42181396484375,90120.6171875,542.7293090820312,70.76000213623047,90.62032739616181,91036.83307446304,547.552763764299,67.5199966430664,86.36226305333224,90016.8171748473,538.9935691471632,70.0,90.23323132614078,90566.48294971397,544.6681809673819,8387690.0,43553600.0,366.0,10241440.0
2022-11-03,67.3499984741211,82.86846923828125,90247.765625,553.1800537109375,68.68000030517578,85.90569468178349,90957.76554212307,556.0646362732692,67.20999908447266,82.82876610350229,89926.7008867011,537.1965419604421,68.19999694824219,85.70221895576579,90083.69938997603,538.1423105202316,5675280.0,48510400.0,2564.0,17557998.0
2022-11-04,69.37000274658203,86.05458068847656,90805.75,561.7392578125,70.0,86.0843637220267,91014.3530684864,564.5765635432895,66.55000305175781,83.25557377011876,90155.46420355361,548.9241051401274,67.5999984741211,84.8734444927018,90169.44416244654,554.2203860808812,9003410.0,40173300.0,377.0,25759031.0
2022-11-07,69.72000122070312,87.99005889892578,94465.515625,580.8438110351562,70.0,88.27790094290526,95497.22547412397,588.9301210515242,68.55000305175781,86.312637446031,91039.2135218124,574.7435919964456,69.5999984741211,86.68980586266004,91064.09442192769,579.7561540508798,6904730.0,26899900.0,1351.0,44265903.0
2022-11-08,,88.24812316894531,,,,89.7319889636192,,,,86.99750097648906,,,,88.49626207214546,,,,30172000.0,,
2022-11-09,73.16000366210938,86.7493667602539,86642.1796875,582.1678466796875,73.19999694824219,88.82380446823927,91634.23798225226,587.3222970636789,69.0,86.70966362488497,85600.26842986936,577.4390037081603,69.72000122070312,87.88583966636955,91614.72979702211,587.3222970636789,19458140.0,26743900.0,2860.0,18939854.0
2022-11-10,74.27999877929688,93.46895599365234,86984.515625,572.8993530273438,75.4000015258789,93.84613195584417,87844.50055889192,581.742266711215,71.5999984741211,90.96771929497095,84802.85735805184,569.541885904196,73.16000366210938,91.65257748732292,86232.21833031428,579.8507294333699,14693310.0,42371200.0,1504.0,11618405.0
2022-11-11,72.04000091552734,96.00991821289062,85720.734375,568.690673828125,75.5999984741211,96.63522559091078,88487.44431350702,585.950951573111,70.5999984741211,93.45905031312702,85448.98824520121,566.042533171182,75.19999694824219,94.00495141605279,87582.77462268161,583.7756952379483,17030345.0,30569100.0,585.0,15525267.0
2022-11-14,71.95999908447266,95.31513214111328,85755.3203125,560.4152221679688,73.01000213623047,96.45657282418097,86197.3606912689,571.1970082557938,68.44000244140625,94.4049586554137,84843.88611000849,559.564064987439,69.62999725341797,94.78907877939855,86197.3606912689,571.1970082557938,16190010.0,24170100.0,598.0,12957268.0
2022-11-15,71.41000366210938,97.98509979248047,87189.65625,568.2650146484375,71.69999694824219,99.67244145132042,87481.26045150502,569.447225345239,70.5999984741211,96.2977505610415,86172.52487137158,560.5097586575258,71.18000030517578,97.93546897850322,86172.52487137158,562.0702421422246,6326910.0,31831000.0,1423.0,10286417.0
2022-11-16,69.02999877929688,98.25308990478516,87258.3125,567.2247314453125,71.37000274658203,99.10668844110727,87899.7887607743,570.7713637803187,68.4800033569336,97.17319181150478,86673.11372553492,563.6780991103063,71.30000305175781,97.29030963200795,87481.19871477487,567.4138967148733,8950335.0,24660200.0,490.0,11555749.0
2022-11-17,67.19999694824219,97.76673126220703,87492.7109375,566.5626831054688,68.79000091552734,98.73943912853584,87722.66500846455,570.062038562034,66.9000015258789,96.37715184142243,86783.12993364244,563.8199887288042,68.5999984741211,96.45655811063267,87439.75945230122,566.6099599916786,8394010.0,21818700.0,307.0,8167131.0
2022-11-18,67.30000305175781,97.07194519042969,87658.765625,570.0147705078125,69.95999908447266,98.42182147455547,88081.35887261007,572.8993533129369,65.80000305175781,96.01983105649133,87086.13540696021,564.765766104203,67.98999786376953,98.27293661316246,87185.66241885388,568.4069522758153,6727520.0,24969900.0,439.0,12933675.0
2022-11-21,66.23999786376953,95.11660766601562,88749.2734375,565.6641235351562,67.5999984741211,97.98509282565104,89076.67063492967,569.4471975804678,66.0,94.95779513065939,86725.74166410213,563.0632601290046,67.5999984741211,96.83372466211372,88569.08290282002,569.4471975804678,4270570.0,18696900.0,509.0,7412419.0
2022-11-22,65.69999694824219,96.6054458618164,88473.7890625,566.6099853515625,67.0,96.82181772887805,89317.1327366117,568.1232498539574,65.0,93.70718510234065,88230.6943406421,563.8200139638168,66.4000015258789,95.4441575371263,88675.78223945829,565.7115512979567,6591920.0,18868900.0,388.0,8048595.0
2022-11-23,65.19000244140625,98.08435821533203,88522.015625,574.6963500976562,66.38999938964844,98.33150514055353,89176.2035706625,576.5405528069803,64.5999984741211,96.61537238382355,88286.03552227207,568.4069654102991,65.80000305175781,96.61537238382355,88479.5144802667,568.927126628958,5530490.0,17568900.0,250.0,12435924.0
2022-11-24,64.98999786376953,,88864.4453125,576.3040771484375,65.9800033569336,,89176.2137159209,578.1483374757161,64.5999984741211,,88348.39769183366,572.9466101411601,65.58999633789062,,88877.63264321134,576.6824076810045,4484655.0,,214.0,8960032.0
2022-11-25,64.79000091552734,96.8734359741211,89426.171875,574.4598999023438,65.4000015258789,98.2034645659175,89905.74438348426,580.4182308398936,63.70000076293945,96.80395737718689,88081.41407833634,573.3722428670565,65.19999694824219,97.73199454465066,89574.31940169797,577.4390365085501,5421775.0,8567800.0,267.0,9994513.0
2022-11-28,65.6500015258789,95.53348541259766,91056.3125,575.5947265625,67.4000015258789,97.10172522432691,91415.51169821773,577.7700404458606,65.37999725341797,95.17616475745432,89743.50458960337,569.6836730210467,65.41999816894531,96.47641029152656,89762.21255719606,572.7574208626024,12722095.0,19974500.0,344.0,7934274.0
2022-11-29,64.94000244140625,94.7295150756836,92119.1171875,575.5474853515625,66.58000183105469,95.6724399282433,92311.30540648011,578.6212333836287,64.69999694824219,93.68732859856074,90768.63669079231,574.1761092999211,66.0,95.2853438247631,90768.63669079231,574.1761092999211,8916220.0,20220000.0,349.0,6942919.0
2022-11-30,66.55000305175781,100.69477081298828,93113.5,569.7783203125,67.18000030517578,100.69477081298828,93555.39997434692,578.2429610607289,64.5,93.96524450711816,91846.56767278755,565.9479689220002,65.0,94.4118991071478,92162.02167685663,575.500208955112,17642840.0,39888100.0,307.0,15606230.0
2022-12-01,66.08000183105469,100.52603912353516,93969.140625,575.121826171875,67.9800033569336,101.82628465487545,94650.20094810102,576.7296442351469,65.69999694824219,99.92057954651435,92878.76763528907,568.927053778954,67.30000305175781,100.64514853253233,93157.29557037073,574.8853840368389,17010175.0,21771500.0,450.0,14209313.0
2022-12-02,65.05999755859375,100.07939910888672,94088.75,574.6016845703125,66.06999969482422,100.39701664921658,94491.18900682156,576.5404985985498,64.80000305175781,98.43175291226342,92824.90474993171,571.4806598266704,65.80000305175781,98.63026860784426,93997.28623592475,574.5544076867228,11664045.0,18821500.0,485.0,7533838.0
2022-12-05,64.61000061035156,99.12654113769531,94281.1015625,583.8229370117188,65.38999938964844,100.99254313984373,94699.96259483555,584.4849865674205,64.41000366210938,98.61537555463818,93694.73966030288,574.6016932916017,65.38999938964844,99.07195027093198,94252.0909903408,575.5001849939731,9007380.0,19955500.0,319.0,11585602.0
2022-12-06,64.95999908447266,96.58557891845703,94036.078125,575.92578125,66.33999633789062,99.46399155095932,94351.62546682941,586.1873471266914,64.37999725341797,96.03967790515702,93737.44260290542,574.838124306329,64.58999633789062,98.92801064096803,94152.57140466312,581.411227401482,13396285.0,20877600.0,214.0,12996244.0
2022-12-07,64.88999938964844,94.44168090820312,92500.7421875,574.1288452148438,65.68000030517578,96.58559738548408,94587.9710787707,579.661626431007,64.6500015258789,94.31761143974059,92261.52749180107,571.7171467117076,65.18000030517578,96.04961637301399,94107.75331162082,577.7227545259032,7152430.0,26647900.0,336.0,7613892.0
2022-12-08,64.75,93.25060272216797,90654.7265625,578.4793090820312,65.80000305175781,95.15631537507932,92897.91776155269,580.5126766620829,64.61000061035156,93.1017254288614,89879.16229245425,574.2233509573457,65.22000122070312,94.9776550505126,92560.12462528786,576.6823258948912,7766750.0,25593200.0,377.0,10020015.0
2022-12-09,63.209999084472656,92.37715148925781,90986.09375,583.0663452148438,65.19000244140625,93.78657865587707,91555.48929247932,584.484998122909,62.20000076293945,92.32752067909017,89743.49911054655,576.067634445001,65.08000183105469,93.20097447341072,91365.7892685835,581.0802542336061,14792940.0,21885300.0,255.0,11202267.0
2022-12-12,62.040000915527344,92.86351013183594,90927.828125,579.8034057617188,63.400001525878906,93.17616760482018,91091.24680729183,585.147021230506,61.40999984741211,91.21587158517735,90260.9971694237,577.864591753399,63.0,92.39700773487503,91022.92307120684,581.4585007462825,13288615.0,27380900.0,207.0,9285187.0
2022-12-13,64.5999984741211,95.13645935058594,90621.6875,583.3027954101562,65.13999938964844,99.0570587863431,91543.05884037158,583.9175681021829,62.099998474121094,94.66995697458204,90271.00250791505,579.2832787818738,62.099998474121094,97.33993414718385,91232.43347178104,580.2290474002932,30724365.0,34788500.0,177.0,7455415.0
2022-12-14,63.869998931884766,94.60047149658203,90798.609375,591.5782470703125,65.37999725341797,96.49625632109286,91465.33938522382,592.7604577958726,63.470001220703125,93.24067517558981,90579.54882969771,584.0120984267273,64.55999755859375,94.82876261576224,91036.33123818556,584.9578670071755,16702460.0,26452900.0,220.0,14010673.0
2022-12-15,63.09000015258789,90.52106475830078,90357.453125,582.5462036132812,64.51000213623047,93.3299988327218,91176.66162899253,595.4086339888136,62.900001525878906,89.7568003030043,90090.76734930465,580.985662271887,64.12999725341797,92.84364872480586,90808.4582870403,591.6255594401115,8604945.0,28298800.0,147.0,10622271.0
2022-12-16,61.58000183105469,90.18360900878906,88646.734375,570.6294555664062,63.540000915527344,91.06698295150255,90230.00724542153,582.2151207914691,61.20000076293945,89.33993820168727,88362.28923574314,569.447244829155,63.0,90.52107430259025,90172.48373275896,578.8103769582387,20892480.0,48485500.0,272.0,9435071.0
2022-12-19,61.15999984741211,88.48634338378906,89434.0234375,571.6697998046875,61.97999954223633,90.52107805315164,89694.03775364948,576.4459193386776,60.20000076293945,88.26301986274427,88238.80511791517,570.298423890439,61.79999923706055,90.20346052769705,88689.51474218564,571.2441924209372,15288495.0,23020500.0,272.0,8322012.0
2022-12-20,61.150001525878906,88.96275329589844,88546.9921875,571.6697998046875,61.790000915527344,89.11163814639156,90066.92521144386,573.6086137471829,60.2400016784668,87.38459356942639,88281.50387604724,567.0355109151941,61.20000076293945,88.06945933813587,90066.92521144386,570.298423890439,10436885.0,21976800.0,174.0,6753785.0
2022-12-21,58.099998474121094,89.5781478881836,87797.0625,561.2191162109375,61.779998779296875,90.23819830765046,89516.5939662204,576.1149718170277,58.099998474121094,88.24812694496818,87236.32881417035,557.6251493131697,61.599998474121094,89.06202227938623,88799.99940910938,573.0412238348187,20722175.0,20336400.0,179.0,9217253.0
2022-12-22,55.20000076293945,87.60295867919922,87904.6875,561.2191162109375,58.099998474121094,88.51610800650896,88408.5895883638,566.5153973363823,55.20000076293945,86.29278560052927,87086.1712354893,555.6863352078802,58.0,88.2679691084836,88317.72454801848,564.6238601165613,25758585.0,23656100.0,327.0,8740149.0
2022-12-23,52.439998626708984,89.14141845703125,85658.171875,542.8711547851562,53.540000915527344,89.42926049763568,87882.35178033527,558.6655013213187,52.439998626708984,86.96772678279532,85394.17647511626,540.5067333792975,53.43000030517578,86.96772678279532,87484.24373150023,558.003451782652,16250710.0,17815000.0,380.0,13047046.0
2022-12-26,55.060001373291016,,87239.046875,564.7183837890625,55.060001373291016,,87827.7024280319,569.0689537978544,49.81999969482422,,84746.19876576717,539.750128453268,49.81999969482422,,85095.58518982782,542.8711531546007,13099570.0,,337.0,13201587.0
2022-12-27,57.810001373291016,87.27542114257812,87604.8828125,569.2581787109375,57.810001373291016,88.83373325543998,88101.21940936137,570.3930549211663,54.220001220703125,86.8833649813831,87086.14485998313,561.1245336117585,54.900001525878906,88.64514525323033,87185.67188268025,567.8395257230137,12104325.0,15470900.0,215.0,9638618.0
2022-12-28,60.70000076293945,85.81636810302734,87479.859375,568.4542236328125,60.70000076293945,87.86103049779445,88569.08135779334,574.0815585274914,57.91999816894531,85.72704172155468,87140.86884235976,566.0898020573286,58.54999923706055,86.84862697810763,88569.08135779334,568.3123929733651,9031075.0,17879600.0,126.0,7988631.0
2022-12-29,60.900001525878906,88.2878189086914,87172.078125,578.6212158203125,61.68000030517578,88.69973039755114,87981.87809833742,584.4849926639092,58.2599983215332,86.3424108123672,86225.87171717807,564.7657405160301,61.0,86.38211394567159,87981.87809833742,567.4611579261255,11803180.0,18280700.0,159.0,20130392.0
2022-12-30,59.90999984741211,88.06946563720703,88112.3515625,580.418212890625,61.599998474121094,88.16871968710213,88778.08612633572,586.8967048392173,59.599998474121094,86.38211649859605,87176.69665798063,578.1956220014096,61.18000030517578,86.71462173067384,87176.69665798063,581.8841427047076,6959085.0,19190300.0,263.0,13052895.0
2023-01-02,59.630001068115234,,87663.7421875,578.99951171875,60.97999954223633,,88331.2185392688,585.6198914985868,58.65999984741211,,87534.00717207344,578.0537431787733,60.599998474121094,,88331.2185392688,581.6003752036859,8688375.0,,163.0,6726084.0
2023-01-03,58.95000076293945,89.03223419189453,88418.1484375,579.1886596679688,60.20000076293945,90.86846810792997,88629.2934183303,583.1608412370937,58.70000076293945,88.35729608174161,87583.76225639458,576.9187921497869,59.630001068115234,89.16127126621384,87583.76225639458,581.1747504525312,7056560.0,20738500.0,217.0,6818062.0
2023-01-04,57.31999969482422,88.04961395263672,87516.6953125,572.379150390625,59.20000076293945,90.56077862535425,88682.25776378784,581.6003939526616,56.90999984741211,87.14639221657654,87086.13988181467,571.2442165610402,58.95000076293945,90.33249505834297,88384.9674537663,578.6684767491398,8217810.0,27046500.0,212.0,7011191.0
2023-01-05,57.75,86.12405395507812,90848.0703125,572.2844848632812,58.63999938964844,87.5533365730005,91453.39681580005,578.4319799908579,55.400001525878906,85.91561816873094,87682.81530530185,569.3053487826857,57.59000015258789,87.41437938210237,87682.81530530185,574.0814680675468,9342895.0,23136100.0,474.0,8241475.0
2023-01-06,56.68000030517578,87.50370788574219,92662.7890625,568.075927734375,58.20000076293945,87.81139770749454,92858.70955626082,574.5071426133578,56.220001220703125,84.93298486893224,90168.49420866625,564.6238492843752,58.13999938964844,86.70966035351863,90278.96920074282,574.4598657287963,10998640.0,26612600.0,1066.0,7972036.0
2023-01-09,57.540000915527344,88.13894653320312,92982.765625,574.7435913085938,58.79999923706055,90.15383333187394,93455.86885487176,575.9730789468689,57.040000915527344,87.92058307416708,92551.31600680418,567.555715294209,57.38999938964844,88.53100269094597,93057.76078733237,572.1900045367088,8851115.0,22996700.0,323.0,8878905.0
2023-01-10,55.84000015258789,88.57566833496094,93711.5,562.8742065429688,57.59000015258789,88.80891952970872,93956.43752914954,575.9730785899777,54.93000030517578,86.05457595430337,92736.28302773042,558.5709132239706,57.59000015258789,86.07443130891114,92858.70125124491,575.4529174039299,12888170.0,22855600.0,363.0,10622660.0
2023-01-11,55.2400016784668,91.57318878173828,90756.9453125,564.3401489257812,56.68000030517578,91.761769210798,93951.51374885882,566.9882895253261,54.90999984741211,89.07194423773636,90425.31818078535,560.1314670081308,56.36000061035156,89.38956175113037,93951.51374885882,564.103706770016,9880190.0,25998800.0,457.0,7419630.0
2023-01-12,54.72999954223633,91.22579193115234,89075.03125,562.6377563476562,56.13999938964844,91.93050552239022,91564.80042970522,565.4750621129492,54.0099983215332,89.89576344420028,88239.75083788695,558.0980209430805,55.529998779296875,91.71214207135343,90967.73169008153,565.4750621129492,10083695.0,22754200.0,401.0,8183715.0
2023-01-13,55.7400016784668,92.10916137695312,89304.5546875,567.5557250976562,56.0,92.28782168527326,90216.66541294495,570.2039234106185,54.400001525878906,90.25307970566047,88872.6540664219,561.455563686012,54.97999954223633,90.84662752181106,89867.82320173176,565.4750803162366,7562345.0,18630700.0,271.0,7877610.0
2023-01-16,54.59000015258789,,88870.265625,570.2984619140625,56.439998626708984,,90149.43665256361,573.2303214640315,54.29999923706055,,88567.75013677792,568.0285941994754,56.20000076293945,,89375.31082385077,570.2984619140625,9781065.0,,250.0,5483191.0
2023-01-17,56.38999938964844,91.47393035888672,89058.5546875,560.7935180664062,56.650001525878906,92.2778979947532,89443.47538900877,573.1357870848398,54.349998474121094,90.16374965955099,88546.39492733961,554.2676914600394,54.689998626708984,92.08931000210364,89375.25273558607,570.2984812081821,11713070.0,22935800.0,118.0,13461999.0
2023-01-18,55.7400016784668,91.09676361083984,89754.703125,559.3748168945312,56.599998474121094,92.89130303638662,89930.07282961236,564.7657091403643,55.400001525878906,90.71959515989414,88977.14834707881,555.7335733650482,56.5,92.24813189151499,89076.67535865272,563.5834984603628,6013485.0,19641600.0,106.0,11538075.0
2023-01-19,55.5099983215332,93.21090698242188,90081.90625,557.861572265625,56.09000015258789,93.69725714236587,90417.31230906806,559.6585556526618,54.63999938964844,90.69973476615866,89275.73738399072,555.686316082724,55.29999923706055,90.70966244322658,89275.73738399072,558.9492292196419,6884720.0,28707700.0,143.0,7475688.0
2023-01-20,55.0099983215332,98.54093170166016,89236.03125,560.084228515625,55.400001525878906,98.67988889810704,90389.15291098182,564.2455761072731,54.68000030517578,95.19602373670406,88983.48142532795,558.7601292625181,55.369998931884766,95.23571930203236,90138.09599167728,561.5974353261989,5236215.0,53704800.0,186.0,6750607.0
2023-01-23,54.63999938964844,100.45655059814453,89783.03125,567.8867797851562,55.34000015258789,100.64513858393207,89952.52265857626,569.116267446911,54.22999954223633,98.01486474955105,89176.21188546618,560.7935151306456,55.09000015258789,98.39203314852789,89176.21188546618,566.0425194299563,6020425.0,31791800.0,219.0,6604469.0
2023-01-24,54.93000030517578,98.47144317626953,89926.046875,562.1174926757812,55.86000061035156,100.33744503515337,90509.12748936792,571.8116199351399,54.459999084472656,97.96523768447395,89749.19202197091,560.8880051537665,54.939998626708984,98.80891602833275,89925.79805744463,570.7712976607725,7327365.0,27391400.0,124.0,7609623.0
2023-01-25,52.20000076293945,96.00991821289062,89119.9296875,537.8585815429688,54.599998474121094,96.99254625623635,90368.49614201116,563.5361628309502,52.189998626708984,94.55284411256523,88081.41189656348,536.6290939830234,54.599998474121094,96.476413040722,90368.49614201116,563.5361628309502,18133610.0,31000900.0,123.0,25686294.0
2023-01-26,,98.42182159423828,,,,98.47144483303055,,,,96.09923744243925,,,,97.54836777838968,,,,24542100.0,,
2023-01-27,49.59000015258789,99.96028137207031,87882.734375,510.667724609375,50.0099983215332,100.82380753762881,89343.3474760115,537.7166812278895,49.59000015258789,98.2332366135522,86588.48686891011,503.3852954505043,50.0,98.31264288517572,89343.3474760115,537.1965200862122,11613015.0,29020400.0,339.0,40163464.0
2023-01-30,47.11000061035156,97.2208251953125,88887.0859375,509.0126647949219,47.11000061035156,98.66896355953914,89673.8470483963,524.2867928316846,47.11000061035156,96.79402595278148,87819.3631530078,496.71767317052826,47.11000061035156,98.00991271096092,87882.3606478734,506.9319623596132,7379625.0,24365100.0,513.0,40797825.0
2023-01-31,44.7599983215332,99.12654113769531,90466.7265625,523.48291015625,44.7599983215332,99.16624427466857,90578.0024375332,526.7931001933717,44.7599983215332,97.06202345068063,88579.04886997776,508.6816087573524,44.7599983215332,97.13150204723405,88579.04886997776,515.4438772089544,7446910.0,22306800.0,713.0,21911943.0
2023-02-01,42.529998779296875,100.67491912841797,91550.3046875,498.7510070800781,44.599998474121094,101.42926353709606,92510.29700180607,534.3592150301004,42.529998779296875,97.68732452396537,90457.39717900015,472.2695173216822,43.79999923706055,98.99749766924913,90768.62120864801,530.9544714403144,72383965.0,26392600.0,650.0,38218810.0
2023-02-02,40.40999984741211,107.99006652832031,92323.0078125,499.4603271484375,40.40999984741211,108.00991431099048,92550.17824140203,503.7636200499666,40.40999984741211,105.7468884566288,90790.5404832474,475.2486763772784,40.40999984741211,105.99502738930177,91782.82489777239,491.98879055290683,3843275.0,46622600.0,367.0,39287056.0
2023-02-03,38.38999938964844,104.43671417236328,92342.21875,514.6873168945312,38.38999938964844,107.21586564752732,92778.99466866096,516.3424120513884,38.38999938964844,102.5310090055195,91078.1788377105,490.99582347997585,38.38999938964844,102.73944479821186,92659.66331687826,506.9320023288018,4953395.0,36823400.0,246.0,32317232.0
2023-02-06,36.470001220703125,102.6997299194336,92195.75,515.8222045898438,36.470001220703125,103.92056907600107,92759.17396262285,528.4954688768345,36.470001220703125,101.4491077336586,91946.03828528956,507.45211805473997,36.470001220703125,101.92057013270048,92162.05855177206,528.4954688768345,4968095.0,25573000.0,150.0,25338586.0
2023-02-07,34.650001525878906,107.23573303222656,91359.671875,517.429931640625,37.20000076293945,107.86104048045017,92227.69510008542,521.4967824365973,34.650001525878906,102.77716787164157,91167.83357151716,511.7080436679747,34.650001525878906,102.85855817686115,92227.69510008542,518.2811463944632,611543660.0,33738800.0,124.0,16195947.0
2023-02-08,36.380001068115234,99.25557708740234,91774.6171875,519.936279296875,36.380001068115234,102.80892856455525,92019.80357132162,524.4286800729735,34.20000076293945,97.72208023882588,90347.64845128889,515.9167628129974,34.650001525878906,101.92555453428534,91232.44371300933,520.1727214429854,139534465.0,73546000.0,255.0,15502847.0
2023-02-09,34.560001373291016,94.74935150146484,88490.515625,520.9293212890625,34.560001373291016,99.86101407729187,92560.12882960445,522.0642551278453,34.560001373291016,93.1612641425685,87235.53432852596,513.3631726640212,34.560001373291016,99.79153549198384,91863.43968787623,522.0642551278453,22358780.0,97798600.0,740.0,15061047.0
2023-02-10,32.84000015258789,94.1538314819336,88559.9375,523.0573120117188,32.84000015258789,96.29774779183593,89495.44485581598,527.0295516716327,32.84000015258789,93.82628629334056,87782.83362052662,516.8625392347192,32.84000015258789,95.02727774558286,89066.73220749351,516.8625392347192,10410210.0,49325300.0,422.0,13824475.0
2023-02-13,31.200000762939453,94.29278564453125,88343.125,508.3506164550781,32.599998474121094,94.64017860343876,88982.03406046679,526.698550166952,31.200000762939453,93.34986081712536,87795.42312568949,504.3783768372861,31.200000762939453,94.30271332124248,88982.03406046679,523.9557981695131,27872895.0,43116600.0,288.0,18488732.0
2023-02-14,29.639999389648438,94.2431640625,87661.5625,511.5189208984375,29.639999389648438,94.46649516108072,88766.95786930117,515.0655531254077,29.639999389648438,91.96029041426873,87086.14854901138,501.96668119051793,29.639999389648438,93.95532956307463,88766.95786930117,510.667763799045,4703645.0,42513100.0,225.0,18559909.0
2023-02-15,28.15999984741211,96.37715148925781,88439.1640625,512.843017578125,28.15999984741211,96.61536272341945,88559.14077269143,515.1128852826321,28.15999984741211,93.6575511458331,87683.30301274573,507.68856722110974,28.15999984741211,94.03471956430559,87882.35704909703,510.7150382520747,7883105.0,36964500.0,294.0,12796579.0
2023-02-16,29.559999465942383,95.06698608398438,88786.6953125,510.8095703125,29.559999465942383,97.1513515909801,89515.23298353404,517.1935080193455,28.399999618530273,94.26301837034583,88301.05796064109,509.2963637238928,28.399999618530273,94.82877483042466,88852.18874661799,517.1935080193455,100424990.0,35642100.0,311.0,12767016.0
2023-02-17,31.030000686645508,93.88582611083984,88377.3515625,502.2031555175781,31.030000686645508,95.03719418701252,89176.20357659528,510.38407746870104,30.40999984741211,92.75431338637932,88204.57111296077,499.1294073905873,30.489999771118164,94.36225610815906,88772.97143885822,509.29642042601847,15989055.0,31095100.0,136.0,14192008.0
2023-02-20,32.58000183105469,,88689.3046875,496.67041015625,32.58000183105469,,89524.53839943987,504.9931624047725,30.15999984741211,,88319.96620310126,493.8331043175399,31.649999618530273,,88319.96620310126,503.1489020645839,147529110.0,,326.0,12570032.0
2023-02-21,34.20000076293945,91.36475372314453,89515.5234375,495.0626220703125,34.20000076293945,92.7195901112085,89976.40348308563,500.2643497575588,33.2400016784668,91.3151229099148,89037.73100475794,494.0695765114114,33.380001068115234,92.54588983750335,89335.87111894268,498.51464308222006,33231550.0,28367200.0,172.0,10223218.0
2023-02-22,32.4900016784668,91.11660766601562,87273.0546875,488.34759521484375,35.779998779296875,91.67243638218184,89460.3355909602,493.596657143169,32.4900016784668,90.19353064946912,86702.54351272184,484.7064091822601,35.400001525878906,91.24960521018494,89460.3355909602,492.50900015934036,129568765.0,29891100.0,508.0,14763050.0
2023-02-23,30.8700008392334,90.39205169677734,86353.796875,492.74542236328125,31.729999542236328,91.44415836676683,87973.90254271781,495.58272805827136,30.8700008392334,89.33994502678787,85696.6942335271,483.6187614835763,31.209999084472656,91.44415836676683,87973.90254271781,488.915071220071,113690980.0,32423700.0,437.0,15535085.0
2023-02-24,29.329999923706055,88.68484497070312,86343.8359375,492.7926940917969,31.34000015258789,89.45903715873452,87586.72137289088,498.8929128172425,29.329999923706055,88.19849482714982,86201.65525565488,489.52978103166254,30.020000457763672,88.96275933844787,87586.72137289088,495.77188813042636,60084190.0,31295600.0,299.0,12253035.0
2023-02-27,27.8700008392334,89.42926025390625,84695.7578125,499.08209228515625,29.1200008392334,89.77665320796535,86343.58403514218,501.0681832173775,27.8700008392334,88.94291011822351,84517.8006361933,490.85389407642083,28.40999984741211,89.41933257733358,86343.58403514218,492.8399850086421,45286270.0,22724300.0,194.0,11048799.0
2023-02-28,29.260000228881836,89.62777709960938,84745.96875,494.4478454589844,29.260000228881836,90.76921002471055,85406.0494021621,499.7914614948557,26.479999542236328,88.85357734133927,84214.82656305899,492.79275029877584,27.020000457763672,88.87343269474542,85356.93739237219,498.6565275542565,135857515.0,30546900.0,260.0,15768010.0
2023-03-01,30.719999313354492,89.83621978759766,85620.0,507.5940246582031,30.719999313354492,90.52107808083787,85954.42202176136,508.25607423039463,30.43000030517578,89.18112938156017,84356.36094832547,494.73153692392486,30.600000381469727,89.48882680224405,85098.4142397761,494.87342530551405,6862740.0,26323900.0,130.0,13510198.0
2023-03-02,32.25,91.62281799316406,86395.6875,504.80401611328125,32.25,91.79155822424453,86717.81595198702,510.62051639133927,32.25,89.10172550328384,85484.73588855859,503.6218053027115,32.25,89.19105945769107,85619.99609138076,506.88471868491143,5152155.0,23328600.0,140.0,10376913.0
2023-03-03,33.86000061035156,93.3200912475586,85901.921875,530.765380859375,33.86000061035156,93.40942520564816,87015.81441177592,533.6972406005289,33.86000061035156,91.97022235146872,85695.6451913078,512.3701689701492,33.86000061035156,92.04962105881543,85706.6946171042,512.6066111339563,3240140.0,30242500.0,232.0,27656538.0
2023-03-06,35.54999923706055,94.86846923828125,86367.578125,531.2382202148438,35.54999923706055,95.58311050579802,86830.74424876261,537.1019969258892,35.54999923706055,93.59799923940635,86050.97046846944,528.6846335168734,35.54999923706055,93.65755015416657,86050.97046846944,534.2646912003962,14385235.0,28288200.0,85.0,16162268.0
2023-03-07,,93.46895599365234,,,,95.37466086622845,,,,93.14538645284576,,,,94.70965045328752,,,,24101500.0,,
2023-03-08,37.31999969482422,93.94539642333984,86306.4609375,534.1701049804688,37.31999969482422,95.52355631627923,86690.99026292571,534.8321545594332,35.02000045776367,93.70221755613018,86058.87916686271,526.2729600942696,36.619998931884766,93.70221755613018,86093.7614477383,529.630427149925,98933510.0,25395200.0,130.0,12637578.0
2023-03-09,39.18000030517578,91.97021484375,85259.1015625,528.590087890625,39.18000030517578,95.20594097512884,87365.51397346238,535.0685796402279,37.630001068115234,91.66748505219165,84998.9307465011,527.7388730698138,39.18000030517578,93.78658602050105,87365.51397346238,534.122811050497,215691920.0,24438900.0,178.0,8993423.0
2023-03-10,40.97999954223633,90.3324966430664,84725.7109375,517.6663818359375,41.130001068115234,92.48634070097877,85259.09254591913,524.8542572994388,37.45000076293945,90.12406085416511,83956.94004341771,515.4438488803586,38.599998474121094,91.81140252008929,85259.09254591913,523.1045508837578,171575360.0,32850100.0,223.0,11522371.0
2023-03-13,43.02000045776367,90.9776611328125,82686.9921875,501.2573547363281,43.02000045776367,92.38708844092993,85154.9954210674,523.151920773827,42.209999084472656,89.27046407899174,82491.11953212244,499.7914249608996,42.34000015258789,89.89081140537432,84600.81343818693,517.3354208316443,111433805.0,31508600.0,386.0,14373729.0
2023-03-14,40.869998931884766,93.54837799072266,82095.578125,496.9068298339844,43.470001220703125,94.12406213424325,83357.07097569633,503.9054826178335,40.869998931884766,92.08931984917189,81913.48422562313,491.79965646525375,43.470001220703125,92.37716192093218,82790.34667523157,499.0348091167667,72279605.0,32303900.0,310.0,14750800.0
2023-03-15,40.36000061035156,95.83125305175781,81689.453125,489.4825134277344,42.90999984741211,96.52603899232889,82860.67679746114,503.1488808530747,38.83000183105469,92.34738052666846,81614.90643026421,487.5909762816702,38.83000183105469,92.84365836210459,82815.53821782817,501.06817844737753,226822960.0,38367300.0,184.0,11282329.0
2023-03-16,39.7400016784668,100.31759643554688,82813.7890625,496.0556335449219,41.189998626708984,101.21089801007058,83112.43458766787,500.64258819117475,39.040000915527344,95.1563102290075,81008.71258653286,486.4087822245695,40.099998474121094,95.8510961355268,81614.89916322556,490.2864681418889,85018160.0,54499500.0,289.0,20040008.0
2023-03-17,39.9900016784668,101.6972427368164,82334.5703125,501.06817626953125,41.060001373291016,102.71957376173101,83166.59770931808,502.7705481485633,39.650001525878906,99.99997362177399,81715.44463831214,491.8942096059672,40.77000045776367,100.08929998817716,83166.59770931808,499.9805770503511,56956770.0,76140300.0,178.0,18787379.0
2023-03-20,38.040000915527344,101.17119598388672,83109.703125,491.0430908203125,39.36000061035156,101.81635865991568,83287.66031903666,498.04174414100294,37.9900016784668,100.03968316797067,82062.79135651652,487.07085097606284,38.599998474121094,100.30766985696194,82170.43189820355,498.04174414100294,60596135.0,26033900.0,118.0,14275315.0
2023-03-21,39.939998626708984,105.05208587646484,83330.7109375,493.54931640625,39.939998626708984,105.17119528005082,85286.03960518239,495.0625807877978,37.310001373291016,101.10171864834624,82914.4795704505,488.4422006470023,38.380001068115234,101.2208280519322,83172.45763962051,493.69120478503487,60706580.0,33122800.0,285.0,29485180.0
2023-03-22,40.810001373291016,103.44414520263672,83936.5546875,493.2655944824219,41.540000915527344,106.70965401511418,84144.67425704768,498.42004482113964,40.22999954223633,103.43421752637072,83426.81142646141,491.8942184876975,40.630001068115234,104.35729453155491,83854.34104248496,493.88036715337415,50315015.0,32336900.0,198.0,11619538.0
2023-03-23,40.279998779296875,105.46897888183594,83773.125,484.94287109375,42.279998779296875,106.30371410940663,84551.00933361829,492.7454623887738,40.060001373291016,104.62530798672589,83545.59700105953,483.7606602914737,40.34000015258789,105.10173051856704,84551.00933361829,491.2322556519148,73440980.0,31385800.0,97.0,22097792.0
2023-03-24,38.52000045776367,105.27046203613281,83477.9140625,477.9441833496094,40.79999923706055,105.36972367073456,84376.87552104727,487.023567977847,38.43000030517578,103.96028872894475,83247.20576326032,476.1472287235943,40.5099983215332,104.95284449416599,83651.69565264854,486.5979605489577,68870850.0,25236200.0,251.0,14416984.0
2023-03-27,36.599998474121094,102.29277801513672,83210.328125,482.4838562011719,39.119998931884766,104.61536206375317,84103.16219391921,486.26695954750863,36.599998474121094,101.8659788029712,83048.28801803263,474.350240288555,39.119998931884766,104.53595579809486,83903.70488868289,479.5046908177174,40288550.0,25393400.0,182.0,15674218.0
2023-03-28,34.77000045776367,100.60545349121094,81955.75,480.5450134277344,36.599998474121094,102.23324434882109,83844.63429158372,483.99706291588154,34.77000045776367,99.53349144177999,81714.43550249463,476.5254970283352,35.790000915527344,102.23324434882109,83754.80813075425,483.7133438915386,26925920.0,24913500.0,174.0,15833599.0
2023-03-29,36.5,101.14142608642578,81597.578125,488.4894714355469,36.5,102.05457550164338,82277.37048090478,489.90812430515643,33.279998779296875,100.2778999120315,81410.56213451836,478.8426203771755,33.400001525878906,101.95532144739781,81619.87137038317,481.39620708749925,82318995.0,26148300.0,235.0,24203789.0
2023-03-30,,100.56574249267578,,,,100.85358455230276,,,,99.54341134069661,,,,100.68485190194869,,,,25009800.0,,
2023-03-31,38.31999969482422,103.22579193115234,83652.2421875,495.3463134765625,38.31999969482422,103.41437993579669,84055.63566084713,496.43397047687546,37.72999954223633,100.68485178377102,81714.43256698962,491.1849084689964,38.09000015258789,100.95283848857181,81714.43256698962,492.414453852006,38678945.0,28108000.0,260.0,17356345.0
2023-04-03,38.11000061035156,104.12902069091797,83972.421875,498.1836242675781,39.189998626708984,104.16871625448533,84598.5222876471,499.8387193648126,37.20000076293945,101.61784844344304,83502.49082222578,493.785777062015,39.0,101.90569050119943,83960.82814289631,496.29208701359585,44133590.0,20719900.0,116.0,14210949.0
2023-04-04,,104.33744049072266,,,,105.31014067367232,,,,103.821307372237,,,,104.05951858013927,,,,20377200.0,,
2023-04-05,38.02000045776367,104.1687240600586,83625.0703125,494.636962890625,38.79999923706055,105.74689165737838,84012.94329025196,498.9874752294379,37.279998779296875,103.32703719902122,83505.98377518651,490.90116548820276,37.79999923706055,105.33002005529372,83972.43131771502,498.4200371765954,31248130.0,21864200.0,84.0,13574801.0
2023-04-06,38.439998626708984,108.08931732177734,83636.7109375,499.0348205566406,39.38999938964844,108.81387874263977,84478.2868285635,504.7567089920419,37.41999816894531,104.03472819309118,83112.78465122108,493.3602090058029,38.2599983215332,104.98261313209342,84478.2868285635,495.58274210649415,58703985.0,34684200.0,140.0,25125879.0
2023-04-10,38.79999923706055,106.15382385253906,83870.109375,497.7579650878906,39.540000915527344,107.16623485728229,84350.2422991353,501.635650690468,38.599998474121094,104.81387523811881,83605.50634529167,495.9610395185176,38.68000030517578,106.59055076223996,83655.27152764006,500.5479937924589,30262840.0,19741500.0,209.0,17335453.0
2023-04-11,38.79999923706055,105.33002471923828,84248.0859375,503.2434387207031,39.65999984741211,106.42183458987108,84883.93730302034,506.64824024644025,38.619998931884766,104.49627390555152,84048.13096624597,498.56193042615587,38.86000061035156,106.12406481942585,84479.19080627857,502.06122799478044,28657675.0,18721300.0,69.0,26414406.0
2023-04-12,38.4900016784668,104.43671417236328,85083.7421875,499.5549621582031,39.380001068115234,106.7860903531236,85297.32814895992,505.0404082306634,38.31999969482422,104.18857524212011,84453.2172696734,497.47425979275084,38.97999954223633,106.59055826945023,84546.0759980757,504.2838049318985,30910730.0,22761600.0,206.0,21292441.0
2023-04-13,37.83000183105469,107.38459014892578,85088.4140625,504.04742431640625,38.7599983215332,107.45902878805761,85395.66743164035,505.27691204261,37.619998931884766,105.64761789160103,84899.45409581783,498.56197757440145,38.4900016784668,105.67739334725375,85395.66743164035,500.59534558020107,16759750.0,21650700.0,135.0,28597560.0
2023-04-14,,108.6451416015625,,,,108.76425100686151,,,,106.78905979179629,,,,106.88832141584483,,,,20758700.0,,
2023-04-17,37.88999938964844,105.62776947021484,85052.578125,514.498046875,38.400001525878906,105.91561151474151,85207.40227525197,515.4438153435202,37.54999923706055,104.53595977991965,84623.74998667215,499.36575137867646,37.86000061035156,104.64514150620903,85098.36209349397,499.36575137867646,15464840.0,29043400.0,113.0,32476990.0
2023-04-18,37.66999816894531,104.33744049072266,86268.3359375,516.247802734375,38.29999923706055,106.25307297480668,87083.04636326614,518.7541127868462,37.439998626708984,103.99996767131314,85098.45764337505,511.1879634663453,38.06999969482422,106.20344216905306,85098.45764337505,515.7749184018437,11741870.0,17641400.0,399.0,22283456.0
2023-04-19,37.459999084472656,104.23818969726562,85475.296875,510.998779296875,37.88999938964844,104.93794323898553,87586.73276166274,517.8083249786072,37.040000915527344,103.02727818074284,85369.29702228276,509.0599651502015,37.7599983215332,103.43918210633547,87586.73276166274,514.4981347732645,15598140.0,16732000.0,136.0,21156372.0
2023-04-20,39.15999984741211,105.11164093017578,86035.1953125,515.2547607421875,39.33000183105469,106.09228484593666,86396.5449881208,515.8695334687824,37.400001525878906,103.86101873748065,85496.58826764995,507.5467807037376,37.70000076293945,103.8709464139381,85496.58826764995,511.85001661448604,55278115.0,22515300.0,130.0,25588577.0
2023-04-21,39.849998474121094,105.12158203125,86178.109375,513.6942138671875,40.099998474121094,105.84614348060829,86490.930171618,516.7679616717087,38.720001220703125,104.6997428128186,85795.16633269716,510.43130080659256,40.0,105.30023479470876,85994.22704344588,515.4438626043238,56199240.0,22379000.0,64.0,22599418.0
2023-04-24,40.279998779296875,105.98509216308594,86427.8359375,524.5232543945312,40.68000030517578,106.52107312819729,86790.47636955697,525.4217461299845,38.880001068115234,104.57566494331094,85944.46828567941,514.0252457859217,39.79999923706055,105.26053077194189,85944.46828567941,514.308964827345,31373805.0,21410900.0,179.0,23335611.0
2023-04-25,41.130001068115234,103.83124542236328,86120.78125,531.332763671875,42.08000183105469,106.64017968248697,86947.08539860875,537.1019865035063,40.0,103.78161461165072,85707.58252083996,524.9015490305807,40.20000076293945,105.81635668928911,86093.80696761877,524.9015490305807,59383675.0,31408100.0,89.0,38142390.0
2023-04-26,42.27000045776367,103.67243194580078,86836.2578125,535.635986328125,42.79999923706055,106.22329959775887,86927.82574362292,536.250758965492,40.65999984741211,102.50121600603411,86002.09231088034,526.2729124733295,41.25,104.77416929475918,86331.84105876838,531.5219162938387,43609910.0,37068200.0,127.0,23143882.0
2023-04-27,42.83000183105469,107.56327056884766,86985.90625,534.1228637695312,43.20000076293945,108.33746285097831,87147.33983384045,536.6291738697495,42.099998474121094,103.64267076849445,86392.55754415186,530.6707849862329,42.2599983215332,104.44664608444509,86821.33123906684,534.3593059403013,34408505.0,38235200.0,222.0,17845169.0
2023-04-28,44.970001220703125,107.41438293457031,88533.953125,546.9379272460938,44.970001220703125,107.4838615331689,88825.07943713672,548.971352667809,43.0,105.25061112772954,86790.47664383885,534.8321016537752,43.130001068115234,106.9975113429788,86790.47664383885,537.0073577193658,37288620.0,23957900.0,164.0,16183423.0
2023-05-01,,106.9081802368164,,,,107.87096053775701,,,,106.69974443546836,,,,106.91810791476617,,,,20926300.0,,
2023-05-02,47.189998626708984,105.19105529785156,88177.53125,544.1006469726562,47.209999084472656,106.92802775435598,88910.61901189198,549.3496509930271,45.529998779296875,103.72206954554999,87723.22180796368,542.0672791815007,46.0,106.85854915899976,88492.44375629906,548.5457707982896,76583835.0,20343100.0,191.0,13667511.0
2023-05-03,46.33000183105469,105.33002471923828,93089.1640625,539.5609741210938,48.97999954223633,107.32505643438192,93812.1511386485,543.8169327250288,44.83000183105469,104.83374681689611,87835.60105073237,538.1423212531155,47.09000015258789,105.42927878518674,87835.60105073237,539.7028624979448,96878145.0,17116300.0,1419.0,9699527.0
2023-05-04,47.630001068115234,104.4267807006836,94649.609375,548.5457763671875,47.959999084472656,105.50867031426654,95262.16441406113,549.3023796861156,46.130001068115234,103.92057519074666,92623.26421132057,537.6694376978381,46.20000076293945,105.36971312684835,92861.84163504162,539.2772558287686,37812700.0,19780600.0,1243.0,12533761.0
2023-05-05,47.970001220703125,105.4242935180664,98124.953125,545.2355346679688,48.68000030517578,105.64762459482817,98535.06489842746,556.3483144291979,47.29999923706055,103.95928345525331,94354.78941788813,543.864158811983,48.18000030517578,104.53595955347107,94354.78941788813,548.7348896271685,29398855.0,20710600.0,2697.0,18163461.0
2023-05-08,47.7400016784668,107.4342269897461,97294.8125,551.9505004882812,49.560001373291016,107.61288731888632,99410.57924667466,555.733574673191,47.06999969482422,105.00246855056989,97001.94439923132,546.0394470743597,48.79999923706055,105.00742860294079,98124.95017974627,546.3232238183328,34029940.0,17266000.0,803.0,12990869.0
2023-05-09,48.060001373291016,107.13646697998047,97036.0859375,542.3982543945312,48.7599983215332,109.77170120840692,98670.91881287348,554.6459684581436,47.61000061035156,106.92306356215013,96836.07656171946,541.0741553565239,48.0,107.97021015102196,97432.26343909469,553.2745925384495,22550365.0,24782400.0,545.0,18959065.0
2023-05-10,47.63999938964844,111.44416046142578,96822.4375,541.1688232421875,48.060001373291016,112.6650073884697,98037.40775393017,543.8169638690443,46.619998931884766,107.67245308516401,96146.8751597667,532.7041824334594,48.0,107.74193168604621,98037.40775393017,543.8169638690443,19160185.0,47533500.0,225.0,18561315.0
2023-05-11,48.529998779296875,116.02976989746094,96905.0546875,542.3510131835938,48.959999084472656,117.55830667708587,97738.82371047442,548.5457859453637,47.70000076293945,114.07443383798878,96704.40768146758,540.9796371737035,47.79999923706055,114.99751099800255,96942.5807474563,541.1688024380219,27753915.0,57115100.0,233.0,16016715.0
2023-05-12,48.16999816894531,117.04215240478516,96225.171875,546.7960815429688,48.869998931884766,117.37962524039534,97432.31978819055,549.2550565537176,47.70000076293945,115.68235610399198,96147.28935781082,540.5539748058608,48.599998474121094,116.12900308682514,97142.68640158288,543.5331686718814,15532020.0,31293800.0,330.0,11319335.0
2023-05-15,47.16999816894531,116.08930969238281,96433.21875,550.3427734375,48.310001373291016,117.91064842930201,97083.79735740629,552.3288644146909,46.29999923706055,115.61288721374498,94878.60126665841,543.4859510624889,48.0,115.62280731812581,96544.44392121852,547.3635792465793,18671995.0,22107900.0,226.0,11410243.0
2023-05-16,47.2400016784668,119.19601440429688,96026.296875,554.504150390625,47.97999954223633,120.29775187431873,97170.95049673565,558.381836507775,47.0,115.9602881652734,95897.50613857573,550.4373567227524,47.0,115.9602881652734,95949.40966846958,552.328894031078,14794640.0,32370100.0,409.0,22178229.0
2023-05-17,46.869998931884766,120.5756607055664,97204.046875,554.504150390625,47.5099983215332,121.36970066232753,97340.69895861282,558.4763902831363,46.400001525878906,118.57069410160275,96082.63511931131,548.0729350873454,47.20000076293945,119.28533536350669,96082.63511931131,554.2204313394036,13646140.0,26659600.0,216.0,23739774.0
2023-05-18,45.0099983215332,122.60047912597656,,543.0603637695312,47.290000915527344,122.97765514580475,,561.6920174929332,44.79999923706055,120.58559222724935,,540.4122231267693,47.11000061035156,120.65507082470204,,558.287215759265,22654640.0,27014500.0,,45656620.0
2023-05-19,47.220001220703125,122.3324966430664,95685.953125,543.9588012695312,47.2599983215332,125.53745547632316,96753.50954498569,554.4568090197679,42.79999923706055,121.80644330522328,94798.23562411686,538.9935164126377,44.77000045776367,123.2754215800381,96729.67668926755,547.599987074534,76935195.0,30268900.0,399.0,42293962.0
2023-05-22,49.58000183105469,124.9329833984375,95349.6328125,545.850341796875,49.58000183105469,126.10419937777996,95943.78240017281,548.8294780947019,48.599998474121094,122.53099295090551,95218.60265019303,542.3509866163723,48.79999923706055,122.59055143975256,95749.20054855752,546.1813376993675,11322090.0,29760200.0,136.0,21484049.0
2023-05-23,52.04999923706055,122.3721923828125,94925.6484375,550.0589599609375,52.04999923706055,124.48633328422034,95896.52058648666,552.0451085306911,52.04999923706055,122.13398113665644,94802.68177005318,545.5192825124204,52.04999923706055,123.99998311464368,95450.67116331316,547.5054310821739,4457480.0,24477900.0,129.0,16120548.0
2023-05-24,51.209999084472656,120.7344741821289,95182.8828125,551.099365234375,54.58000183105469,121.83621160982608,96936.15692338182,553.5110635776405,50.66999816894531,119.85110021903462,94925.64346260249,546.8906834921327,53.279998779296875,120.97268542869617,94925.64346260249,548.3566132517542,127012255.0,23087900.0,5286.0,17616658.0
2023-05-25,51.83000183105469,123.4242935180664,96240.1015625,549.72802734375,52.900001525878906,125.0421640734408,96547.84481200154,551.2885687049743,50.65999984741211,121.9850908551296,95233.74840046806,545.7085105846775,51.33000183105469,124.27789198256367,95627.74093929095,550.4373538306452,37327140.0,33812700.0,179.0,16479436.0
2023-05-26,51.61000061035156,124.49624633789062,97352.4375,554.2203979492188,52.7599983215332,125.06200271393067,97639.2871194761,555.875492994289,51.400001525878906,122.37217800871584,96296.62250862825,549.0659475495447,52.310001373291016,123.14141009548385,96296.62250862825,549.7279971125996,17182170.0,25154700.0,189.0,9788076.0
2023-05-29,51.279998779296875,,,562.7322998046875,52.34000015258789,,,564.056398894281,51.099998474121094,,,556.1591966905138,51.97999954223633,,,558.0034569491859,12909235.0,,,18432231.0
2023-05-30,50.220001220703125,123.71214294433594,96521.9609375,560.6516723632812,51.560001373291016,125.43918775739435,97466.80738049583,563.2052593916974,50.040000915527344,121.97517045386135,96459.85554341874,559.4221846014929,51.400001525878906,125.34986137844608,97237.53762408091,562.7323750429217,13836135.0,27230700.0,75.0,15031640.0
2023-05-31,49.93000030517578,122.45159149169922,96941.484375,559.060791015625,51.34000015258789,123.9702004025712,98037.4148385758,563.8333319426182,48.650001525878906,122.18359722942854,96251.14017078176,556.7950683886402,50.20000076293945,122.77912909627658,96515.94538670241,562.8691846380491,42976655.0,41548800.0,359.0,28797643.0
2023-06-01,50.83000183105469,123.44413757324219,97113.9140625,561.8568115234375,51.56999969482422,124.10914798021011,97499.94413268707,565.3759725346222,50.20000076293945,122.38210342823741,96713.65426064927,560.169553831175,50.5099983215332,122.58061151095687,97042.10446036127,560.9408598639765,21205810.0,25017700.0,286.0,17820226.0
2023-06-02,51.130001068115234,124.2977523803711,95935.8203125,566.1472778320312,52.2599983215332,125.8014736447889,97975.34511362918,567.7863399289043,50.650001525878906,123.42429852677995,95793.04090185178,562.0978476064854,51.11000061035156,123.56325571756055,97224.09307243717,563.7369097033585,20701110.0,19367500.0,255.0,11323908.0
2023-06-05,51.88999938964844,125.68732452392578,96334.4921875,566.1472778320312,53.0,127.03720087055406,96619.99659630275,568.6540371470996,50.91999816894531,123.45407421742149,95956.27679832971,564.9902893608927,51.34000015258789,123.68236535847436,95956.27679832971,567.4006574895654,29925445.0,22672500.0,114.0,12920507.0
2023-06-06,52.599998474121094,126.95779418945312,96137.671875,564.3635864257812,53.0,127.92057436157211,96731.57268277438,567.7863563449595,51.70000076293945,125.03223384521516,95190.8426079407,562.0978638580726,52.599998474121094,125.65754116559211,96642.9906565081,566.9186002547972,22897040.0,19450100.0,704.0,11199940.0
2023-06-07,54.970001220703125,122.0248031616211,97094.3203125,568.0755615234375,56.33000183105469,128.58559710467284,98696.30831826532,569.4253323416787,53.400001525878906,121.71710573773842,93564.62338003129,564.9902786080794,53.56999969482422,126.62529349121426,96312.65697421788,566.9185730743186,88162125.0,34179300.0,492.0,11113781.0
2023-06-08,55.83000183105469,121.75680541992188,96602.9765625,567.400634765625,57.20000076293945,122.80891960712718,98144.25872340471,572.6552488450642,54.790000915527344,121.10172259826479,96260.79427169065,565.3276947192347,55.959999084472656,121.67243909446749,96693.79802222487,568.7986599936411,55088100.0,24815000.0,438.0,15971917.0
2023-06-09,55.2400016784668,121.95531463623047,97923.296875,557.9520263671875,56.59000015258789,123.35978178041707,98136.93724254714,567.9791224774418,55.02000045776367,121.50866005312103,96843.0425324527,556.0719274568654,56.5,121.64761723739545,96843.0425324527,566.9185840392489,21036590.0,20304500.0,210.0,18870272.0
2023-06-12,54.310001373291016,123.4242935180664,98475.0390625,557.9038696289062,55.560001373291016,123.82131729244166,98833.64382599818,560.651665949061,53.720001220703125,121.43918221878879,97696.01185325785,556.9879179065606,55.400001525878906,122.47640105523767,98037.40097543626,559.2054449706885,20281495.0,22255700.0,261.0,8786066.0
2023-06-13,53.560001373291016,123.50369262695312,99517.9609375,555.7344970703125,54.900001525878906,124.92304742654909,99828.94664382424,560.5552333084419,53.380001068115234,122.92304851429088,98820.05874967884,553.6615569491656,54.52000045776367,124.71461166092148,99032.70379920749,558.6751344061959,14990335.0,19287700.0,506.0,12612098.0
2023-06-14,53.04999923706055,123.4540786743164,99544.84375,555.8790893554688,54.279998779296875,123.8610301574852,99831.6933728078,557.8073838698208,52.65999984741211,121.25061131999986,99032.71336622752,554.6257096905156,53.63999938964844,122.87840210747655,99729.42592257283,556.3129673905737,17649600.0,24659600.0,352.0,8948696.0
2023-06-15,53.849998474121094,124.85357666015625,99581.671875,546.1893920898438,54.83000183105469,125.22082497837408,100413.55134854974,556.0237053584534,53.04999923706055,122.22330266180371,99198.93095871362,544.9842080825846,53.31999969482422,122.95779172564072,99590.18638687138,555.3487905450132,24089840.0,24517100.0,257.0,17934877.0
2023-06-16,53.220001220703125,123.1364517211914,99510.8203125,550.7691040039062,54.599998474121094,125.75679803575493,100177.37057827548,554.0954237099354,52.959999084472656,122.86846502718774,99099.95425291937,546.7196738768654,54.20000076293945,125.75679803575493,99581.68127506474,548.3587359338673,18886465.0,56699200.0,178.0,12660226.0
2023-06-19,52.72999954223633,,99266.9609375,548.4551391601562,53.7400016784668,,100226.68249644995,552.215336970729,52.20000076293945,,99110.39500551386,545.6109518525627,53.380001068115234,,99978.2064916515,550.7691160969515,13911725.0,,334.0,17903691.0
2023-06-20,52.34000015258789,122.92801666259766,98916.859375,547.0571899414062,53.08000183105469,124.24315745229883,99789.09526611288,549.0336800950572,52.0099983215332,121.91561322392616,97883.13546995657,542.3810403275806,52.720001220703125,122.61536677986311,99654.77593095126,548.4551564192141,9793535.0,22698000.0,306.0,14549152.0
2023-06-21,52.130001068115234,120.3572998046875,99958.25,546.0447998046875,53.13999938964844,122.49129595900084,100426.14382684688,549.0818873383756,51.90999984741211,119.96027603160152,99217.54964828157,545.3699437722066,52.33000183105469,122.31759569183865,99278.55865506933,547.057201547171,13334825.0,22612000.0,471.0,14946871.0
2023-06-22,51.31999969482422,122.9478759765625,99382.0703125,542.7667236328125,52.65999984741211,123.01238694700854,100426.14389972309,548.5998029137497,51.16999816894531,118.70965894201572,99033.81510105636,540.9348202600779,52.099998474121094,119.76177312218508,99958.25007253667,546.0447890802325,13530760.0,20781900.0,250.0,14979063.0
2023-06-23,48.47999954223633,122.10419464111328,99038.78125,534.716064453125,51.36000061035156,122.52107377580943,99331.29942330012,541.9471691410787,48.20000076293945,120.95283400685402,98535.05654215143,533.9447583891194,51.31999969482422,121.13149432955272,99300.89600860002,541.8507779506582,36464145.0,29573100.0,141.0,12215712.0
2023-06-26,50.119998931884766,118.20346069335938,99418.234375,537.0782470703125,50.880001068115234,121.80644291417342,99729.3133853638,538.4762724386792,46.20000076293945,118.10420663282828,98799.2566601075,534.6196832000852,46.810001373291016,120.56178018394282,99032.7486493892,536.065904164558,40535955.0,23185000.0,121.0,8360264.0
2023-06-27,50.619998931884766,118.1240463256836,99129.8515625,545.8037109375,51.59000015258789,119.00245259613973,100093.35210386668,547.587418580515,50.40999984741211,116.0396810405121,98883.41283554063,535.7284196908937,51.0,116.96275049639515,99530.31352183278,538.2351788930695,13871575.0,27221700.0,246.0,10694768.0
2023-06-28,50.93000030517578,120.17864990234375,99975.4765625,549.37109375,51.77000045776367,120.36723034214155,100127.75803414064,553.4205239875774,50.599998474121094,116.7245526214777,99132.25212685582,548.1659096820828,50.79999923706055,117.08187329096727,99629.90399496253,551.7332662924933,22617090.0,19753100.0,220.0,18028934.0
2023-06-29,,119.11660766601562,,,,120.00990928045304,,,,118.32256010371597,,,,119.19600636416656,,,,18517500.0,,
2023-06-30,49.970001220703125,120.0694580078125,100768.7734375,552.3117065429688,51.31999969482422,121.12156457196598,101121.85741389326,553.4204993748917,49.79999923706055,119.98012406169832,99629.89721484183,549.7567517407397,51.20000076293945,120.19848751597893,100289.1381548215,553.4204993748917,13611440.0,23871800.0,349.0,8718232.0
2023-07-03,49.689998626708984,119.66250610351562,,564.4600219726562,50.45000076293945,120.11908079137234,,565.3277191936658,49.599998474121094,118.81387526794018,,553.3241329514472,50.45000076293945,119.42429486911182,,553.9025977654534,12506465.0,13888300.0,,15421985.0
2023-07-04,49.41999816894531,,,568.123779296875,50.34000015258789,,,574.5835777803604,49.2400016784668,,,561.3747484015366,49.79999923706055,,,567.1114364319501,11804025.0,,,24799250.0
2023-07-05,49.130001068115234,121.71710205078125,,569.4253540039062,49.880001068115234,122.45159871674345,,572.4142458484074,49.0099983215332,119.1662342196505,,567.1114358645187,49.41999816894531,119.1662342196505,,568.6540479574438,11058385.0,17830300.0,,13598114.0
2023-07-06,49.290000915527344,120.02975463867188,,571.2572631835938,49.68000030517578,120.24811809252589,,572.2214104632285,49.09000015258789,118.3622608495851,,567.9791388940837,49.130001068115234,119.7419125924642,,569.2325774351127,10940845.0,17732500.0,,11323509.0
2023-07-07,48.75,119.24564361572266,100712.4921875,572.3177490234375,49.540000915527344,120.84365893100839,101393.6220327965,574.1496522250379,48.560001373291016,119.19601280067435,100227.07947775893,564.5081803152976,49.0099983215332,119.99006040585206,100400.75996801582,568.8468426746808,9517015.0,20997700.0,235.0,11707209.0
2023-07-10,48.40999984741211,115.99996948242188,100109.234375,571.3536376953125,49.869998931884766,118.18358865637606,101222.77697958655,578.2955096754295,47.459999084472656,115.77167837471133,99960.879701642,569.0879151930579,48.939998626708984,118.18358865637606,100970.46750628499,573.3301866383733,22047580.0,32960100.0,200.0,11417363.0
2023-07-11,48.84000015258789,116.8337173461914,,567.4488525390625,49.150001525878906,117.34488286816602,,574.5835657318489,48.27000045776367,114.96771556702373,,566.2918640690325,48.40999984741211,115.8907925666999,,573.6676140744553,10404095.0,18286600.0,,13221177.0
2023-07-12,48.16999816894531,118.7295150756836,,568.123779296875,49.099998474121094,120.05953607340918,,573.1855524683788,47.79999923706055,118.1141278180589,,567.1114364319501,49.09000015258789,118.41189755588353,,567.8827424791843,10286035.0,22059600.0,,16029716.0
2023-07-13,47.439998626708984,123.90072631835938,,564.65283203125,48.59000015258789,124.40196420644293,,576.5600264296337,47.16999816894531,120.15878719531577,,562.4352463905591,48.45000076293945,120.63521724968534,,573.571193644083,10693915.0,31535900.0,,20024503.0
2023-07-14,48.380001068115234,124.76425170898438,101773.328125,563.4476318359375,48.540000915527344,126.14390356209333,101909.09376310077,570.100212026189,47.20000076293945,123.97021167187232,100879.0477981562,559.8802755239558,47.529998779296875,124.19849524815983,100879.0477981562,565.7133541553305,12527485.0,20499800.0,55.0,12190152.0
2023-07-17,49.13999938964844,124.12901306152344,101430.7421875,579.5489501953125,49.90999984741211,126.33248792079765,102018.61669036905,581.2362080626135,48.66999816894531,123.5731842943548,101300.60624474619,563.2548952420794,49.06999969482422,125.12156875866684,102018.61669036905,565.9544960603841,19359985.0,20675300.0,161.0,19378986.0
2023-07-18,49.310001373291016,123.15630340576172,,571.1126098632812,50.88999938964844,124.0595250841081,,582.3931446524997,48.560001373291016,122.38211123215096,,567.6417032420812,49.38999938964844,123.97515876494268,,581.4289973858464,27953230.0,21045800.0,,25757209.0
2023-07-19,49.13999938964844,121.86598205566406,102208.875,579.8864135742188,49.75,124.53595918967088,102416.74572274403,580.8023652915784,49.0,121.55829222598103,101814.54035882551,570.7752096906919,49.599998474121094,123.8610210416639,102167.4221580837,573.3302236106615,7773950.0,22313800.0,222.0,17556585.0
2023-07-20,48.83000183105469,118.64017486572266,101555.234375,588.1780395507812,49.38999938964844,123.77168572561716,102278.51752048024,588.9011500146614,48.70000076293945,117.80146413528023,101339.39591738943,577.2831869976956,49.13999938964844,121.21089792035092,102278.51752048024,579.8382008421577,6823460.0,27541700.0,100.0,34038351.0
2023-07-21,48.349998474121094,119.41436004638672,101709.0546875,593.0469360351562,48.97999954223633,120.39699552812229,102552.17362035254,597.2892073744681,48.189998626708984,118.18359324091979,101137.01114807934,587.1656614867653,48.630001068115234,119.9701963235316,102552.17362035254,588.1298087141655,10008970.0,56514600.0,38.0,21040281.0
2023-07-24,47.599998474121094,120.9726791381836,102395.3984375,595.5055541992188,48.56999969482422,122.43173714616094,102730.62094885716,599.6031798857839,47.43000030517578,120.4764013162919,101440.62179304769,592.2756257028592,48.56999969482422,121.01834190774547,101618.07787340925,592.9987361181354,12228850.0,22276100.0,114.0,11756364.0
2023-07-25,52.029998779296875,121.87591552734375,,587.744140625,52.58000183105469,122.76921717344406,,599.5067488556581,47.599998474121094,120.62529322280334,,582.537780778133,47.599998474121094,120.97268620389816,,599.5067488556581,82279995.0,31820800.0,,18503305.0
2023-07-26,51.099998474121094,128.69476318359375,101838.1640625,593.09521484375,53.09000015258789,130.39202478425463,102818.71337752191,594.2521444866661,50.58000183105469,127.75183838931585,101777.20247158156,587.310331241653,52.400001525878906,129.3895490769987,102784.96525264015,590.0581274138974,71822165.0,46216900.0,67.0,9999125.0
2023-07-27,50.599998474121094,128.90318298339844,,594.4450073242188,51.540000915527344,132.60542604783288,,598.9765114133418,50.02000045776367,128.21831723836377,,591.118687362688,51.279998779296875,130.8188230488719,,594.3004205370364,16258385.0,35931600.0,,17444742.0
2023-07-28,51.709999084472656,132.0198211669922,102221.0859375,593.962890625,52.099998474121094,133.07194287487187,102412.10202658361,597.6748927770809,50.25,129.94538349942422,101538.1790795652,591.6007181367443,50.79999923706055,129.9950143108181,102050.21123909407,594.3003774643948,30903450.0,26971000.0,143.0,11930586.0
2023-07-31,54.65999984741211,132.11911010742188,,597.9641723632812,55.099998474121094,132.8337515327045,,598.7354784405272,51.900001525878906,131.14640961280955,,592.4685209367213,52.0,132.01984846411025,,594.5414611882713,79629895.0,18381900.0,,8605483.0
2023-08-01,54.63999938964844,130.9081573486328,,589.9135131835938,55.97999954223633,131.9304884040053,,598.5908390485952,54.06999969482422,129.77664457156052,,588.7083290356769,55.16999816894531,129.88085866880235,,597.9641785998077,39620970.0,22154300.0,,13493453.0
2023-08-02,53.540000915527344,127.68235778808594,,576.993896484375,55.290000915527344,129.44910562762945,,588.6118583315358,52.119998931884766,126.89823791846632,,572.7998209080405,54.68000030517578,128.87342153510892,,587.9851391205248,34496915.0,22705800.0,,14977497.0
2023-08-03,54.970001220703125,127.81139373779297,106596.3828125,569.3289184570312,56.09000015258789,128.8039493757299,107171.51845474225,579.3078183831929,52.81999969482422,126.82379815191025,101140.00509054514,564.0261088863052,53.709999084472656,127.41436239549994,101414.2115206845,577.2349372227612,86618155.0,15018100.0,1076.0,27774877.0
2023-08-04,55.70000076293945,127.5831069946289,110924.6640625,552.74560546875,56.900001525878906,130.94787031679957,111597.90526402005,577.2349691049168,55.040000915527344,127.35979104228042,106410.9517271871,550.9137610058102,56.79999923706055,128.63522879142084,108666.93556852592,573.4747712992396,51469805.0,20521900.0,781.0,52725616.0
2023-08-07,54.65999984741211,130.95779418945312,107883.8359375,547.5392456054688,56.16999816894531,131.0768960203581,111222.2521261218,556.3129620223561,54.41999816894531,128.46646982824424,107669.9913713042,546.3340615456283,55.97999954223633,128.54587609724663,110501.11086229964,556.3129620223561,26658980.0,17621000.0,771.0,32736325.0
2023-08-08,56.04999923706055,130.85855102539062,107338.75,552.5527954101562,56.400001525878906,130.95781266194444,108501.63879790925,553.6615883465553,52.95000076293945,129.16128911479535,105535.12977160567,548.0695457625836,54.599998474121094,130.00495244470548,106174.56828994755,550.5281096140759,58149790.0,16836000.0,215.0,25038671.0
2023-08-09,55.43000030517578,129.18109130859375,106055.140625,553.1795043945312,56.79999923706055,131.48382732120453,107745.70897730446,554.3846884999659,55.220001220703125,128.54090392038336,105676.24725815203,547.9730855203012,56.13999938964844,131.20591299488183,106174.5714406155,554.3846884999659,37166185.0,17745200.0,262.0,15769111.0
2023-08-10,56.380001068115234,129.2406768798828,106034.796875,553.0830688476562,58.20000076293945,131.65953146708318,106233.34457004642,556.8914032378979,55.290000915527344,129.0669766133977,105386.38583779972,549.6602991852233,55.619998931884766,130.9875693584939,106074.87715268355,553.1794600296084,69077970.0,17855700.0,139.0,27325801.0
2023-08-11,57.619998931884766,129.20098876953125,105687.1171875,553.565185546875,57.880001068115234,129.46898308054503,106273.77222218292,558.241276326227,56.150001525878906,127.79156132803631,105177.63187857634,551.492245351644,56.75,128.24019243743726,105177.63187857634,554.8185652442073,50043665.0,15205500.0,195.0,18221179.0
2023-08-14,57.220001220703125,130.84861755371094,105948.15625,540.6937866210938,57.790000915527344,130.92802382580282,106295.44334121815,552.456395288408,55.209999084472656,128.62528737073137,104430.8616043897,538.5726508209419,56.65999984741211,128.88336154132946,105687.1048374014,552.4081996934482,53302855.0,17526200.0,215.0,28084093.0
2023-08-15,,129.3002166748047,,,,131.00741344477407,,,,128.8525701201837,,,,130.61038213478358,,,,14769200.0,,
2023-08-16,55.97999954223633,128.1488800048828,106134.640625,545.0806274414062,58.34000015258789,129.92356420269516,106264.29011231776,546.0930291373386,54.880001068115234,127.50372479265518,104679.14871745347,534.1375796285616,57.20000076293945,128.3176126735393,105725.940204628,538.7654746862926,168687585.0,17548400.0,211.0,15725767.0
2023-08-17,57.310001373291016,129.4888153076172,106250.8359375,551.6368408203125,57.70000076293945,131.50468648067013,106533.71888728035,552.6009880147222,56.400001525878906,128.8833557621138,105278.31675684544,543.7790176471228,56.91999816894531,129.4788800583026,105278.31675684544,545.4662752373399,90797740.0,23665600.0,123.0,27910162.0
2023-08-18,60.91999816894531,127.15630340576172,107362.21875,552.408203125,64.33000183105469,128.86350031494928,107562.1060712973,554.6257301288466,57.25,126.05456604163717,105775.78448699502,547.0571974198606,57.38999938964844,128.09922823293928,105775.78448699502,549.5639568421426,290603205.0,23627200.0,197.0,18253227.0
2023-08-21,64.97000122070312,127.97018432617188,107494.234375,551.2030029296875,65.5999984741211,128.2977294867013,108218.51446379368,554.9149463595685,61.11000061035156,126.21337184496372,107361.39153696592,550.2870512589609,61.34000015258789,126.89823004936373,107670.03928471536,552.4081870104123,179423445.0,21851100.0,216.0,9380810.0
2023-08-22,69.4800033569336,128.7245635986328,108033.9765625,548.11767578125,69.9800033569336,129.97517844924482,108167.81634250657,553.8543633129792,66.19999694824219,127.96525902054704,107299.62579097298,547.1535285942997,66.69999694824219,128.1687347761386,107769.6850555771,551.9742645290513,182866500.0,15557900.0,228.0,14073413.0
2023-08-23,64.56999969482422,132.21835327148438,108451.2890625,556.216552734375,71.8499984741211,133.07195179098147,108666.8782600181,557.2288955423189,62.459999084472656,129.53844072862722,107769.6751523989,545.7073245358355,70.5999984741211,129.8759211815992,108367.79498022421,550.5280606183076,246793635.0,26497000.0,191.0,18579297.0
2023-08-24,65.76000213623047,129.4490966796875,108220.0,556.2647705078125,67.97000122070312,133.9652275891274,108782.77504858356,561.1337023758908,64.56999969482422,129.3299948567771,107758.60951197075,554.9149408121432,66.0,133.72404033965532,108716.77422150072,557.4217589831178,116340120.0,18680400.0,131.0,24131644.0
2023-08-25,65.01000213623047,129.71710205078125,108200.3203125,549.5157470703125,66.94000244140625,130.42180809036407,108556.32291836015,554.6739114144629,63.79999923706055,127.08682045610283,107869.38151134926,546.8643420837741,65.9800033569336,129.17119340696516,108168.41809245967,553.2276905127146,80142575.0,20678100.0,161.0,12271885.0
2023-08-28,64.36000061035156,130.8089141845703,107912.59375,552.3117065429688,67.19999694824219,132.2481321223414,108567.23567534352,554.1918053746803,63.439998626708984,129.8759245118369,107803.22584342337,548.7926045292852,66.4000015258789,131.096763830204,108168.45795018156,552.2635109517712,72895055.0,16715500.0,102.0,9711932.0
2023-08-29,66.54000091552734,134.48138427734375,108476.3125,554.239990234375,67.7699966430664,136.27294013982967,108554.92311771218,555.6380154332899,63.18000030517578,131.99005964714488,107844.4523025841,551.3475486560166,64.56999969482422,132.0079309817891,107844.4523025841,553.0830606805313,126085590.0,30803300.0,50.0,13144855.0
2023-08-30,65.68000030517578,135.91064453125,109167.0390625,547.0571899414062,67.26000213623047,136.22826962447755,109396.04027277828,556.9878951511408,65.2699966430664,134.0158590952634,108828.42850482202,545.8037514005196,66.87000274658203,134.56078332062708,109013.36166368358,556.0237478716156,45644695.0,21773400.0,162.0,15281416.0
2023-08-31,64.26000213623047,136.32752990722656,108451.8828125,541.2239990234375,64.86000061035156,137.36970126425066,109564.1766641124,549.8531281027466,61.79999923706055,135.80147660380746,107894.74673103835,539.3439590892751,62.79999923706055,136.02976017156342,109564.1766641124,548.888980917279,109354525.0,28147900.0,76.0,27898476.0
2023-09-01,66.05000305175781,135.7816162109375,107658.265625,549.1300659179688,67.19000244140625,137.54836405972944,108965.01030942603,550.7209324523909,62.45000076293945,134.92801774448316,107321.04923018246,541.9471569863232,63.0,137.3994716248239,108965.01030942603,542.5256806565127,124318220.0,16671600.0,120.0,18121168.0
2023-09-04,68.3499984741211,,107852.8828125,554.9149780273438,69.04000091552734,,108648.0939189144,555.6862841136486,66.4000015258789,,107321.05973129267,548.069555596925,66.4000015258789,,108168.4624323758,551.4922668121344,79675995.0,,131.0,12108655.0
2023-09-05,68.48999786376953,135.69227600097656,108150.21875,552.4563598632812,70.4000015258789,136.34735115409407,108413.1082964276,557.5181327939658,67.19999694824219,134.55082803054657,107622.4847116243,550.8654934034583,69.43000030517578,135.42428176163097,108168.45971577293,554.9631191092507,82217305.0,17730200.0,116.0,14444729.0
2023-09-06,69.51000213623047,134.36227416992188,109117.3046875,550.0460205078125,70.0999984741211,136.45656751950304,109166.4041971548,553.6615727898534,67.83000183105469,133.68734349375714,107200.22741792318,547.6356523197853,68.72000122070312,135.99503270607866,107570.29627923948,553.6615727898534,47412150.0,15814300.0,145.0,20609936.0
2023-09-07,71.76000213623047,135.1860809326172,108778.140625,558.2894897460938,72.44000244140625,135.56325693844485,109464.49008103662,560.1695887755602,69.0199966430664,132.96276589665896,108417.74524099003,547.635673708293,69.87000274658203,133.5980009276753,109013.27150864188,547.635673708293,124675485.0,16976000.0,179.0,12390597.0
2023-09-08,73.83000183105469,136.1786346435547,108521.375,562.53173828125,74.4800033569336,136.49129210225908,109103.59047210024,567.4006702412167,71.4000015258789,134.85853378746808,108435.48980614767,558.9161860069856,72.0,134.85853378746808,109013.3202810466,560.169565692688,130366145.0,17810700.0,234.0,14032068.0
2023-09-11,79.68000030517578,136.71461486816406,109216.8359375,570.4859619140625,80.63999938964844,137.2347160663886,109452.51199331364,571.0644267479431,74.58999633789062,135.533471271672,108556.85886405323,564.3635913289041,74.5999984741211,136.35729424355466,108556.85886405323,565.9544578923964,224198195.0,17180800.0,246.0,10946134.0
2023-09-12,77.26000213623047,135.05706787109375,107569.046875,567.2560424804688,81.94000244140625,136.61537251961622,109464.48727974143,572.9445351099214,74.68000030517578,134.91809552701272,107370.90418969173,563.6887445349923,81.19999694824219,136.10917454051634,109464.48727974143,572.3660702665688,169472600.0,15212900.0,195.0,16093060.0
2023-09-13,75.41999816894531,136.4763946533203,108650.0234375,575.0656127929688,78.4000015258789,136.67490274377676,108761.98495150512,576.5600291929064,73.36000061035156,133.92551949810576,107471.3860815788,562.5316991148621,77.1500015258789,134.8882996392758,107770.71859679585,567.3042395539778,72683805.0,16394900.0,122.0,19377172.0
2023-09-14,75.43000030517578,137.95530700683594,110591.828125,575.8851318359375,76.76000213623047,138.5111357144093,110852.03059314913,582.0556976801864,75.0199966430664,136.03966684123876,108577.20615372394,573.8604461806968,76.0,137.3597675943237,108577.20615372394,576.9939246952075,34490860.0,19064600.0,271.0,13178911.0
2023-09-15,75.87999725341797,137.27044677734375,108859.328125,577.3313598632812,76.80000305175781,138.32255332282665,112326.90255989761,579.163263171742,75.44000244140625,136.15877417204362,108367.83463397379,573.8604533120565,75.69999694824219,137.7667245927751,110411.77275003686,577.8616290798742,91067450.0,48958800.0,311.0,11756389.0
2023-09-18,75.0,137.92555236816406,108605.3671875,582.2967529296875,76.56999969482422,138.88831750289697,110162.34494512946,586.587220031729,74.48999786376953,136.60545141583313,107869.37305939374,575.6441132571398,76.19999694824219,136.60545141583313,110162.34494512946,577.331370972233,101759565.0,16233600.0,130.0,19305055.0
2023-09-19,,137.7965087890625,,,,138.1389417150428,,,,136.47640789887149,,,,137.22082466922896,,,,15479100.0,,
2023-09-20,73.68000030517578,133.58807373046875,109211.15625,579.5489501953125,74.76000213623047,137.80643563553298,109409.64941279251,585.0446018753269,73.20999908447266,133.5186027040063,108118.6065772231,577.9099467731562,74.2300033569336,137.79651553038082,108956.03976786272,579.3079133571266,88284250.0,21473500.0,156.0,21314600.0
2023-09-21,76.48999786376953,130.38211059570312,108568.7734375,567.063232421875,77.0,132.1984892499227,109384.72559288428,584.8517022259392,72.87999725341797,130.11411632994685,108280.50855879467,563.6887170242877,73.4000015258789,131.40444170206536,109374.70941839521,578.4883538720975,123606530.0,22058400.0,81.0,23453425.0
2023-09-22,76.77999877929688,130.27294921875,108294.21875,576.7047119140625,77.8499984741211,132.01984198076386,108916.16400488286,580.4166553572468,76.0,129.53845247183528,108183.95515347418,570.1967178548243,77.05999755859375,130.69974094458988,108367.84464375988,572.2214035789467,60000840.0,17348700.0,103.0,18784139.0
2023-09-25,76.2300033569336,131.1860809326172,108932.6171875,572.7516479492188,77.11000061035156,131.2357117450985,109080.11821597003,579.9345565537149,75.63999938964844,129.06201240711627,107370.90390095547,569.2807414736828,76.77999877929688,129.79650905432595,108717.62770134212,579.9345565537149,85625080.0,14650000.0,171.0,9712784.0
2023-09-26,75.5,128.48631286621094,109340.265625,573.089111328125,76.55999755859375,130.42676078309532,109565.38032585691,573.6675761014103,75.0199966430664,127.23569832598999,108556.81537262151,570.0520241511914,76.01000213623047,129.93941867379797,108556.81537262151,572.7034289146853,85012690.0,20378800.0,107.0,8327427.0
2023-09-27,75.06999969482422,130.4813690185547,109876.015625,568.6058349609375,75.80000305175781,130.73942802857053,110200.42751929232,572.9926931348808,74.6500015258789,128.4168515028372,109009.12585599677,567.1114185078637,75.80000305175781,128.47640241705648,109653.89955851033,572.1731915193855,82369930.0,18764200.0,146.0,9865347.0
2023-09-28,75.08000183105469,132.13894653320312,108472.2734375,568.7987060546875,75.97000122070312,133.18111791265844,109962.95437613018,573.8604793320803,74.48999786376953,129.71710817730676,108107.84357042871,567.738108726534,75.36000061035156,129.71710817730676,109962.95437613018,570.052085763523,97045840.0,18201400.0,280.0,21960816.0
2023-09-29,75.48999786376953,130.86846923828125,106951.5859375,577.09033203125,75.80000305175781,133.88583176717268,108899.21790078958,578.488357330842,74.62000274658203,130.3424159524719,106565.57377353762,570.1002643801689,75.08000183105469,133.08186410943372,108472.52573577041,571.5946808672312,89947185.0,23237300.0,343.0,12189735.0
2023-10-02,,134.16375732421875,,,,134.3523453377214,,,,131.08187599755323,,,,131.17120237914963,,,,19210400.0,,
2023-10-03,73.33999633789062,132.30767822265625,107830.203125,581.3325805664062,75.37999725341797,134.23323870947098,108267.80717933887,583.2126794228604,72.63999938964844,131.82628810095258,106229.40644815982,568.4611798159711,75.37999725341797,133.92553371961245,108168.46323143298,575.2102103849722,16564955.0,19628700.0,232.0,15322196.0
2023-10-04,74.41000366210938,135.2555694580078,106555.4453125,565.2313232421875,75.5,135.55333919699976,108317.99606853408,578.9222259114165,72.63999938964844,132.43669976010844,106182.24545202342,563.4958699679197,73.45999908447266,132.6649984756145,108317.99606853408,578.48834788113,38800230.0,22848000.0,152.0,24914612.0
2023-10-05,73.16999816894531,134.9776611328125,106420.1171875,570.9197998046875,75.19999694824219,135.4838591101834,107357.64988192263,573.0408766109746,72.81999969482422,133.45408443031548,106359.40483451904,566.0508092666732,74.68000030517578,135.1166183312201,107301.12002202067,568.8468597431443,11912770.0,15922900.0,146.0,13248028.0
2023-10-06,72.86000061035156,137.69723510742188,107265.875,572.9445190429688,74.19999694824219,138.14984930897245,107708.3702998414,577.4760230117589,72.5999984741211,133.9354560210798,106830.01561087386,570.9680288955789,73.27999877929688,133.9354560210798,107072.81828767768,572.1250173967202,11746545.0,20826700.0,144.0,8216780.0
2023-10-09,68.4000015258789,138.4615020751953,106901.4453125,564.12255859375,71.0,138.92800440491382,107269.71499199473,567.8827565818558,67.80000305175781,135.68234344894788,106065.60874005375,560.6998474669198,70.45999908447266,136.96274861611434,107121.66875829898,566.9186092871498,36765005.0,16599100.0,181.0,9189597.0
2023-10-10,69.93000030517578,138.1637420654297,106890.1796875,570.437744140625,70.55999755859375,139.69228623241167,107715.45491579246,573.6676138901629,68.66000366210938,137.3994699819387,106773.73969974085,564.749251825484,68.68000030517578,138.47143189061256,107221.46897708767,565.9544358882783,18603550.0,19554900.0,64.0,10373508.0
2023-10-11,69.95999908447266,140.64515686035156,107401.765625,567.2560424804688,71.73999786376953,141.16129012812456,107769.68482392697,575.5959401945697,69.62999725341797,138.7990024267788,106890.37990242185,566.5329320028374,70.5999984741211,138.8089376779205,106890.37990242185,575.4995490029714,17444870.0,20146300.0,178.0,14220119.0
2023-10-12,69.44999694824219,139.24562072753906,108296.453125,565.0384521484375,70.7699966430664,141.32007347566807,108449.83454980371,571.7392869264786,69.22000122070312,138.41187764480986,107688.96361144619,564.0261093625463,70.4000015258789,141.1017100284966,107985.60903502304,569.6181513270222,10313240.0,18173100.0,127.0,11983797.0
2023-10-13,68.37999725341797,137.54837036132812,108759.796875,555.4934692382812,69.0,140.28781863384523,108992.63789879956,560.4587923356951,68.25,136.9429107801141,107969.11876116628,554.1918351248179,69.0,139.60295277941646,108397.01038737466,557.0360813206687,11425835.0,19438700.0,83.0,19064577.0
2023-10-16,65.93000030517578,139.44415283203125,109180.2109375,555.0113525390625,68.7300033569336,139.85605677503867,109464.48805709214,558.0001852843412,65.4000015258789,138.28286450471643,108122.45299734904,551.0101181684682,68.22000122070312,138.68980082286427,109165.35802462397,555.3487805162515,27847765.0,17345600.0,201.0,11290293.0
2023-10-17,67.0999984741211,139.94044494628906,110573.2890625,555.7826538085938,68.87999725341797,140.19850399694974,113032.64940637576,559.1571689393722,66.37999725341797,137.49776662439461,110162.34550526382,554.6738610125884,66.38999938964844,138.98758473311236,110162.34550526382,556.9878377838718,23234775.0,17424000.0,585.0,10765224.0
2023-10-18,66.79000091552734,138.2431640625,109329.6484375,552.1189575195312,67.94000244140625,140.93299681694504,111109.3965338188,558.4823059606506,66.4000015258789,137.67244753358014,109110.56992554296,548.9372244520923,67.4000015258789,139.7022222309866,111109.3965338188,557.0360850561344,11348830.0,18304900.0,224.0,11777454.0
2023-10-19,68.88999938964844,137.94540405273438,109224.5078125,550.720947265625,69.33999633789062,139.95533868161658,109576.63162660203,553.420547925152,66.19999694824219,137.5682431386952,108402.2313349506,546.6715168528941,66.77999877929688,138.75930709736616,109110.560203557,549.371117512421,25163180.0,21831200.0,181.0,11441499.0
2023-10-20,67.66000366210938,135.7220916748047,109151.6953125,542.9113159179688,69.26000213623047,138.0049580017615,109654.85622743925,549.5639557633297,67.0,135.23076623287594,108742.4496681768,541.9471686271559,68.5999984741211,137.5583109006265,108742.4496681768,549.4675645730006,17321945.0,24970300.0,157.0,11110988.0
2023-10-23,63.290000915527344,136.87344360351562,108510.3671875,533.125244140625,68.41999816894531,137.9851164375743,110012.80905516248,545.7073542311729,62.83000183105469,134.10421948744826,107370.9065268781,531.2451451967778,68.12000274658203,135.21587717630683,109464.44293073326,542.9113036124381,30377490.0,20780700.0,249.0,11875035.0
2023-10-24,,139.07688903808594,,,,139.66250836596257,,,,137.71709268113878,,,,138.12404412138613,,,,26535200.0,,
2023-10-25,62.540000915527344,125.7270278930664,108321.0390625,536.2587280273438,65.95999908447266,129.13150179767632,109560.79385774299,540.6937819693302,62.04999923706055,125.15134377334468,107920.61792992115,533.7519097953203,65.38999938964844,128.8039566013589,108666.93201338261,538.5726461874272,27013990.0,58796100.0,152.0,12134624.0
2023-10-26,65.47000122070312,122.52106475830078,107184.078125,527.3885498046875,67.26000213623047,124.52602372315634,108367.84826022938,533.0770421621733,57.869998931884766,121.40939976859383,106710.28033396344,523.7248019958954,62.0,123.54339580693394,108320.991876897,531.6790168695493,63795225.0,33907400.0,354.0,19424825.0
2023-10-27,70.83000183105469,122.48136138916016,107851.734375,541.03125,72.97000122070312,123.51362011205043,108567.244481862,542.3328252418293,66.30999755859375,120.55580112024963,107599.25820727703,530.2809846808998,66.4000015258789,123.10666868507525,107869.38340622101,530.2809846808998,74387940.0,37367700.0,191.0,10415296.0
2023-10-30,71.58999633789062,124.81387329101562,108698.6796875,544.9360961914062,71.94000244140625,125.60792084198602,108927.08117753448,546.3823172222503,69.01000213623047,122.9577914948666,107593.91745217312,536.548002443134,70.87999725341797,123.53347559069019,108168.45331965422,542.8149602434581,45073660.0,24165600.0,144.0,8593704.0
2023-10-31,72.61000061035156,124.36724090576172,107987.609375,545.2734985351562,73.58000183105469,125.61785572264144,109355.71288396681,549.0818921729843,71.87000274658203,123.00247672315604,107549.4990992341,542.95958030296,72.19999694824219,125.33001364087083,108891.23810538372,546.6715239018123,35401355.0,21123400.0,202.0,13039696.0
2023-11-01,73.04000091552734,126.62033081054688,108259.9296875,546.0930786132812,74.54000091552734,126.78906346274204,109165.4043772317,549.2265574780274,71.5199966430664,123.99502430636068,107996.48714771293,543.6344558111273,72.9000015258789,124.40692825948442,109165.4043772317,545.948432973078,27863125.0,26536600.0,187.0,13575575.0
2023-11-02,74.58999633789062,127.62281799316406,110174.7109375,551.588623046875,78.68000030517578,129.12157169803496,110461.3869577653,554.8185516709641,73.11000061035156,127.15631558694095,108608.16087952134,547.2499603836425,73.5999984741211,128.5955183710512,108891.2930741768,550.6244757883788,105503865.0,24091700.0,400.0,11148516.0
2023-11-03,76.93000030517578,129.39947509765625,107396.875,557.4217529296875,78.5999984741211,129.75679573705995,111358.68516014364,558.7233281709723,75.25,128.0495988093754,107038.17753424594,552.8902491112981,75.36000061035156,128.12900507870924,110077.61165583938,555.3488128153236,61165455.0,19529400.0,1174.0,11371371.0
2023-11-06,78.80000305175781,130.47145080566406,107056.5703125,553.7579956054688,79.5199966430664,130.5806325443881,108666.93136432228,561.6158198859742,76.30999755859375,128.96276181925904,106769.34909490237,552.697457080918,77.79000091552734,129.25061146916732,108666.93136432228,561.1337462208361,87155440.0,15360400.0,287.0,16499138.0
2023-11-07,76.76000213623047,131.41436767578125,106827.8671875,558.96435546875,80.5199966430664,132.28782153195604,108068.7669283731,560.3623807188147,76.0,130.16375295505657,106683.01428971591,552.0706792493585,78.77999877929688,130.99749610220636,108068.7669283731,554.1918149204695,92631645.0,19223800.0,199.0,17923281.0
2023-11-08,78.68000030517578,132.26795959472656,108030.4921875,559.49462890625,79.0,132.54587396327858,108360.13029665577,561.7121557781876,76.23999786376953,131.17615747404287,107106.07548973568,558.2412492696659,76.80000305175781,131.3746655736947,107719.84275377182,561.0372997909418,100212605.0,15093600.0,140.0,15434808.0
2023-11-09,80.22000122070312,130.70965576171875,107762.203125,557.6145629882812,81.93000030517578,132.9627613242539,108766.62452008696,560.9890785114845,78.11000061035156,130.53098786950324,107470.6436452878,555.8309140361974,79.0199966430664,132.36722187713184,107711.8107054419,560.1695768517445,141945885.0,17976500.0,362.0,12434363.0
2023-11-10,79.87999725341797,133.06198120117188,107952.6640625,558.7233276367188,81.36000061035156,133.27042450955327,108163.72028473928,560.1695485020424,79.05999755859375,129.89572689250258,107130.7380134673,554.7703474769183,79.98999786376953,130.55081712433642,107470.59476516154,557.0842655533097,82874795.0,20872900.0,150.0,6773038.0
2023-11-13,78.12000274658203,132.64512634277344,107313.078125,560.5069580078125,79.95999908447266,133.11162867430707,108100.16564826868,561.6157508400668,77.62000274658203,131.78160783960087,106872.42874528529,554.5774879637208,79.58999633789062,132.36721199358695,108100.16564826868,560.1695300224528,57271400.0,16409900.0,175.0,11282362.0
2023-11-14,,134.42178344726562,,,,136.2183216155684,,,,134.09425346161623,,,,134.6401468678285,,,,22317300.0,,
2023-11-15,78.19999694824219,135.36477661132812,108966.609375,563.7369384765625,79.5999984741211,135.82134383768417,109089.4282369469,566.9186127994279,77.61000061035156,134.32258990174014,107475.57795420414,561.7121938370072,79.58999633789062,135.62283568947714,107475.57795420414,566.1955023239185,61397240.0,15840900.0,442.0,11397676.0
2023-11-16,77.91000366210938,137.66748046875,109983.140625,563.688720703125,79.04000091552734,137.8461483805159,110152.37191409782,566.9185904945721,77.26000213623047,135.06698923183797,108666.97169000901,562.0014629933197,78.04000091552734,135.94044314447362,108666.97169000901,563.7369162968865,66104510.0,17615100.0,281.0,8622660.0
2023-11-17,77.45999908447266,135.9205780029297,111083.75,542.8630981445312,78.38999938964844,136.97268460638475,112159.27960300421,553.902595942704,77.16000366210938,134.47144003813452,110029.39824985973,541.9471464863035,77.9000015258789,136.7940318526801,110155.36714076386,553.902595942704,63953475.0,25565300.0,527.0,37173221.0
2023-11-20,77.98999786376953,136.89329528808594,111032.1171875,543.5380249023438,78.68000030517578,137.39454081783205,111860.20328042594,546.4786623142577,76.80000305175781,134.4813919431763,110340.36694839402,540.5009374550467,77.45999908447266,134.49131204898922,111860.20328042594,543.7790617204822,68286055.0,19569400.0,166.0,12714585.0
2023-11-21,78.5,137.58807373046875,111130.015625,541.3687133789062,79.33000183105469,137.93050667710878,111429.90151964678,546.3340955532802,78.04000091552734,136.6798918797271,110753.55765019446,540.8866397249625,78.08999633789062,136.91314308765294,111162.31594199911,545.7073762644006,70942360.0,17648100.0,120.0,14280013.0
2023-11-22,77.44000244140625,138.97767639160156,110776.2265625,538.9100952148438,79.0999984741211,140.04963854271384,111400.53312722048,544.2611004650989,77.02999877929688,137.96526516912877,110423.64920809222,535.246347583391,78.5,138.06452681366162,111096.50360346248,542.7666840578206,53131280.0,17306400.0,72.0,14909071.0
2023-11-23,76.33999633789062,,111062.4140625,539.874267578125,78.0999984741211,,111560.89977422496,543.2969785663546,76.01000213623047,,110835.852306521,538.2834010675289,77.66000366210938,,111185.24405740474,541.6097208689436,13796200.0,,93.0,6376210.0
2023-11-24,79.44000244140625,137.19105529785156,111063.859375,540.2598876953125,80.16000366210938,138.63720973487497,111147.25447424204,542.2846322273022,76.05999755859375,136.44663849446076,110495.33643824127,539.1993492596594,76.54000091552734,138.50122099631608,111071.08741759798,541.802558602573,45674025.0,8828600.0,182.0,6529851.0
2023-11-27,,137.02230834960938,,,,138.59054806928947,,,,136.5160952831701,,,,136.5458858857816,,,,17886400.0,,
2023-11-28,89.23999786376953,137.58807373046875,111187.03125,544.212890625,92.87999725341797,137.62778444192784,111461.40089080526,544.9360010141252,81.4000015258789,136.01983382220985,110872.83727565028,540.9829622454496,81.4000015258789,136.6054532272399,111162.60545105702,543.3933302092003,337413070.0,17046900.0,82.0,8153314.0
2023-11-29,86.62000274658203,135.3845672607422,111921.515625,548.214111328125,94.16000366210938,138.63022806116626,112108.59576850124,548.5997937728681,85.36000061035156,135.28035317149605,111461.41327948585,544.8395959006997,91.33999633789062,137.95032995123483,111461.41327948585,547.6356465078894,221077860.0,21014700.0,109.0,10299034.0
2023-11-30,86.30000305175781,132.92303466796875,111408.421875,544.502197265625,87.31999969482422,135.94041195838508,112518.99356078274,549.7568119125536,83.41999816894531,131.80144207338424,111131.36506372968,543.4416587556975,86.5999984741211,135.38456814000648,112159.28937315558,549.3229338505354,57700095.0,29913500.0,83.0,19758998.0
2023-12-01,88.08000183105469,132.3275146484375,111080.15625,551.2511596679688,90.95999908447266,132.50616737970483,111727.04266592348,553.6133320690648,87.06999969482422,131.16819533508365,110795.41967568101,546.2375824761655,87.4000015258789,132.3275146484375,111367.68122855364,546.6714604840198,68806000.0,24268000.0,184.0,10614230.0
2023-12-04,92.94000244140625,129.65756225585938,111154.7890625,573.37841796875,98.80000305175781,130.47145009401828,111959.89021538313,574.6317977044337,91.69999694824219,128.43670778082281,110560.89007339973,563.5922992174134,98.80000305175781,130.31662072671526,111959.89021538313,566.9186192117567,75424375.0,24117100.0,235.0,26077882.0
2023-12-05,107.62999725341797,131.40443420410156,113364.078125,586.4425659179688,109.16000366210938,132.54586707669296,113973.32112948045,589.3832032666363,91.19999694824219,128.76423269483521,110663.82776346471,573.7158104246026,92.5999984741211,129.39946766783498,111262.0106162402,573.7158104246026,296481860.0,19235100.0,321.0,36430152.0
2023-12-06,112.08999633789062,130.4515838623047,113763.2734375,586.6353759765625,117.88999938964844,132.31759336012723,114062.21690094084,591.9863811705368,107.80000305175781,130.3324820288939,113156.26577911866,582.875178355459,109.0,131.910641902377,113364.08760480137,591.9863811705368,232159980.0,16360600.0,186.0,21439069.0
2023-12-07,112.4800033569336,137.41934204101562,117075.140625,589.7689208984375,114.94000244140625,138.95780649915318,118599.7123358957,590.5884225726319,110.47000122070312,135.21586704062742,113499.16015304468,583.3091221564198,113.58999633789062,135.58312297082477,113854.1286882926,588.1298587031671,80069340.0,38419400.0,519.0,10725706.0
2023-12-08,106.76000213623047,135.62278747558594,117558.9765625,592.131103515625,114.0,136.9627435037306,117782.79663362313,594.6860586201612,103.5,134.56076093036825,116713.79408902723,583.6465599734173,113.19999694824219,134.65008729352576,117044.43808398992,588.1298685759048,82503380.0,23016100.0,366.0,17722136.0
2023-12-11,105.2300033569336,133.69723510742188,118771.59375,592.2274780273438,107.94000244140625,133.78656147578397,119291.01584806356,597.6749338019196,103.0199966430664,131.90071191055682,117229.6294959252,591.1186850954592,107.0,132.82379648588753,117443.23061782561,592.9505885011256,49451000.0,24502900.0,306.0,11706255.0
2023-12-12,103.38999938964844,132.64512634277344,119210.2265625,590.4437866210938,105.80000305175781,133.5384203015591,120023.4048077978,595.7947919730558,102.41999816894531,131.8411587508271,118429.24738108028,588.9011157464561,105.52999877929688,132.2778856267476,119536.88271634179,594.8788403360642,25650590.0,26584000.0,305.0,14494836.0
2023-12-13,101.13999938964844,132.97268676757812,119469.1875,597.626708984375,104.0,133.77665445183567,119700.03313037548,598.2534282981387,99.5999984741211,131.96027572489928,118840.24648484412,589.7207478232926,103.88999938964844,133.54340325928706,119533.18839563383,592.4203486231903,46335665.0,25414500.0,161.0,13977914.0
2023-12-14,105.79000091552734,132.2084197998047,120095.875,601.2904663085938,106.19000244140625,134.02976622263293,120533.84141742282,605.2434465626046,101.13999938964844,130.08435114995402,119150.4423546855,600.0852822254344,101.77999877929688,133.7667395608009,119636.56716369512,603.5561888461816,17944090.0,29619100.0,255.0,15813797.0
2023-12-15,107.7699966430664,132.84364318847656,119753.6171875,625.0084228515625,109.30000305175781,133.826278724094,120869.3294977303,626.6956804527815,103.91999816894531,131.64265934569684,119468.13285431649,597.6266188130294,107.4000015258789,131.93049381733584,120830.65012091014,605.4844420374566,52467205.0,58594000.0,123.0,29813572.0
2023-12-18,107.87000274658203,136.168701171875,119029.4609375,625.24951171875,109.08000183105469,137.34984472427678,119935.661220671,632.1431883165444,106.41000366210938,132.77416293739708,118939.73351015287,619.3682368434937,108.62999725341797,132.86348930391583,119935.661220671,623.4658627876797,10243675.0,25699800.0,178.0,16221796.0
2023-12-19,107.08999633789062,137.0719451904297,118303.875,631.902099609375,109.5,137.73695567726864,119935.66805645388,635.9514707795048,105.62000274658203,136.42677491260847,116562.36834861139,617.2952459631028,109.5,136.97268356455018,118644.59000048458,625.2494603780901,8038215.0,20661000.0,261.0,19964008.0
2023-12-20,101.76000213623047,138.62033081054688,116970.8671875,613.6315307617188,108.0,142.0128854200126,119337.47474489194,636.7228692336894,101.73999786376953,138.37219188892348,116645.75326119161,611.2211626299238,107.08999633789062,139.28534130307386,119337.47474489194,635.0838071346933,14245325.0,33507300.0,151.0,22542056.0
2023-12-21,102.33000183105469,140.744384765625,117225.6953125,620.6697998046875,103.73999786376953,140.97266830916902,117383.76981026433,625.6833773355924,97.0,139.42726762584866,115130.16256541896,605.002406799909,98.0,139.7220537262627,116944.75187153624,609.4857151061817,11497045.0,18101500.0,269.0,19915516.0
2023-12-22,102.51000213623047,141.6575469970703,119208.3828125,613.9207763671875,103.5999984741211,142.18360029264545,120182.27599696848,626.1172629150401,101.0,140.99748899258609,117642.63904453858,612.3781642684246,103.5999984741211,141.07194278429012,118141.12480320188,621.6339545547611,4713995.0,18513500.0,385.0,14998068.0
2023-12-26,102.33999633789062,141.75680541992188,119878.1875,615.1741333007812,103.95999908447266,142.873430527883,120055.29791428392,618.3076118235898,102.0199966430664,141.43918034174044,119413.74680809025,612.8602152382182,103.0999984741211,141.91560281381527,119636.56991956543,615.9454393216356,4159550.0,11170100.0,222.0,10153089.0
2023-12-27,104.48999786376953,140.38706970214844,120622.7265625,625.2977294921875,106.5999984741211,142.25307911934365,120932.63669501353,626.1654856146044,102.4000015258789,140.00095805288885,119573.56210097286,616.0901344015717,103.4800033569336,141.76672141193512,119935.66524657977,617.777392203141,8536495.0,17288400.0,137.0,14417646.0
2023-12-28,104.68000030517578,140.228271484375,125400.765625,628.0455322265625,105.4000015258789,141.21090710347138,126067.03852246991,629.8773766643785,102.5999984741211,139.77964041659132,120625.06992005867,623.3211872377498,105.4000015258789,140.79403551678763,121132.02989703516,626.9367393678991,6944530.0,12192500.0,545.0,16982092.0
2023-12-29,105.02999877929688,139.88087463378906,129173.0,619.03076171875,105.4000015258789,140.3821201342033,129671.08848204132,626.3100620587661,103.5999984741211,138.8585434224958,124725.65845795418,616.6203934706069,104.0999984741211,139.63273569618974,126615.32432927363,622.3570816705638,6352965.0,14881000.0,641.0,13221898.0
2024-01-01,104.6500015258789,,129047.1796875,618.3558349609375,106.79000091552734,,130329.62757839003,623.7068994465233,103.81999969482422,,128574.76324599821,615.1259651092256,105.02999877929688,,129855.52095886233,619.1753954576906,5615330.0,,536.0,8295548.0
2024-01-02,103.72000122070312,138.5210723876953,129578.9140625,616.52392578125,105.0,139.56822653666876,129941.26643907855,624.767372397678,103.0,136.71462887199826,126994.17220117972,611.1246662672199,105.0,138.56078309738433,129941.26643907855,618.3557701144152,5058885.0,20071900.0,470.0,15164482.0
2024-01-03,108.9000015258789,139.31509399414062,130148.234375,620.3805541992188,108.9000015258789,140.03965528621237,130539.39765303473,624.7674123778669,105.0,137.39945395677324,128959.29148453251,613.0048042643401,107.5999984741211,137.56820172367324,129008.09634903472,616.4275152016644,20224985.0,18974300.0,278.0,14571772.0
2024-01-04,111.70999908447266,137.01239013671875,131070.0859375,619.7056274414062,112.29000091552734,139.58807353971088,131450.67977142293,623.2247883433014,107.45999908447266,136.982614675602,129845.8517849881,615.7526473667616,109.5999984741211,138.8089287802238,130403.85979599637,619.4645906357115,18058635.0,18253300.0,198.0,13883388.0
2024-01-05,110.22000122070312,136.3672332763672,132387.75,618.934326171875,113.0,137.7766606176353,133098.59066865963,628.3829572580872,109.22000122070312,135.83125983765348,131232.2600491213,614.8848960358192,112.94000244140625,137.32207747702685,131400.7949630902,621.8749634544937,7057180.0,15439500.0,400.0,15984585.0
2024-01-08,108.33999633789062,139.48385620117188,131360.109375,604.5203247070312,110.79000091552734,139.59303793780887,133150.5142177026,621.8749751770896,108.0,136.85358956200596,130603.25231192425,602.6402258033993,110.79000091552734,136.97269140371955,132696.9389675158,617.0542389354067,4877220.0,17645300.0,522.0,14739531.0
2024-01-09,107.94999694824219,141.49874877929688,131260.75,602.9777221679688,110.69999694824219,141.73696761743142,132653.81495760015,611.6067930993104,107.0,138.7493650434741,130798.99648626048,602.1099660920149,109.0,139.0173593432256,132556.4700514751,609.3410705687005,6068560.0,19579700.0,190.0,13400235.0
2024-01-10,108.45999908447266,142.72950744628906,131398.328125,599.4585571289062,109.91999816894531,143.44910121523804,131799.5623500322,602.8812681223897,107.0,141.399486491991,129835.57557403404,596.0358461354228,108.9000015258789,141.4590374085719,131468.6146033688,602.399194493818,5124370.0,16641900.0,165.0,12742464.0
2024-01-11,108.02999877929688,142.60047912597656,133060.703125,597.9641723632812,109.54000091552734,145.56822619459635,133287.0623806177,604.6650079251884,107.81999969482422,141.15630872935984,131524.66607316723,596.3251101698327,109.54000091552734,143.81636594660668,132193.3846833906,603.5562149819164,3905230.0,17471100.0,282.0,15533860.0
2024-01-12,108.2300033569336,143.16622924804688,133877.625,610.8836669921875,109.36000061035156,143.66250706209212,134192.21626036527,613.6797175235832,108.0,142.29277544886418,132371.4502150434,598.8318265066497,109.19999694824219,143.26547572373775,132996.00616462625,601.4350358209014,3557595.0,13998700.0,357.0,16620797.0
2024-01-15,108.2300033569336,,135536.984375,617.150634765625,109.4000015258789,,135973.86040795187,622.3570534845726,108.0,,133395.83227197864,613.2940457432574,109.36000061035156,,134391.7600813818,615.9937051364175,5388160.0,,257.0,16844018.0
2024-01-16,106.45999908447266,143.00743103027344,136065.96875,614.0654296875,108.0,144.75432365833663,137382.67212002736,621.7786079716733,105.80000305175781,141.99105190560448,134959.48616646798,610.7391097830742,108.0,142.36226072030348,135538.27485281366,617.054262733865,5275615.0,19198900.0,369.0,15025543.0
2024-01-17,104.29000091552734,141.82627868652344,134560.671875,603.55615234375,105.9800033569336,142.34241187414503,149545.6958142728,613.968930423117,101.22000122070312,139.46399135202222,133793.54918850271,600.6637107190994,105.88999938964844,141.8461340405236,136584.07187239703,601.6278579273163,9033850.0,17884500.0,1033.0,30016308.0
2024-01-18,104.70999908447266,143.91065979003906,,605.773681640625,106.05000305175781,144.50123165708615,,610.7390633220803,101.80000305175781,142.28286900944835,,596.8553199279997,104.29000091552734,142.37219538970797,,603.3633136101857,6921265.0,18876800.0,,14695436.0
2024-01-19,103.3499984741211,146.8684539794922,139030.8125,605.2434692382812,109.80000305175781,146.93792499629077,139575.95336197823,612.7156108338156,102.87999725341797,144.71461013559056,137782.90024647192,602.3028317345762,105.80000305175781,145.21584041702704,138080.54295113884,610.3052425771916,30354205.0,27181000.0,405.0,11675202.0
2024-01-22,,146.6103973388672,,,,148.8982307739715,,,,146.4813602617648,,,,147.60295295917035,,,,21829200.0,,
2024-01-23,103.51000213623047,147.57318115234375,140666.34375,583.405517578125,111.0,147.75184906225635,147352.3301123975,612.1371546825402,103.0,146.09428278266108,139391.9027132867,579.115109097921,108.79000091552734,146.62033611680573,145308.585420987,604.5203673447073,7195585.0,14113600.0,904.0,30954343.0
2024-01-24,103.98999786376953,149.2307586669922,139331.390625,596.1322021484375,105.20999908447266,150.4416778578756,142267.76727540029,600.0369865400962,102.4000015258789,148.72454555650256,135887.1972624347,581.4771529351829,104.55999755859375,149.17119260178288,142267.76727540029,588.0815965650563,210761730.0,19245000.0,902.0,19221835.0
2024-01-25,108.66000366210938,152.49627685546875,136231.859375,590.7811889648438,109.0,153.60793453670996,140174.18030776444,601.435003614174,104.19999694824219,150.09429356838683,134591.1404093044,584.5142322479584,104.4800033569336,150.6104268397631,140174.18030776444,596.3250352913193,10878630.0,21495100.0,802.0,22684904.0
2024-01-26,,152.6451416015625,,,,152.96276671016125,,,,151.66252110538252,,,,151.73199213213928,,,,19494500.0,,
2024-01-29,114.08999633789062,153.6873321533203,143513.6875,600.6155395507812,114.08999633789062,154.04465283716846,143968.15067268527,606.9306922520184,110.5,151.7816268878633,136085.1447008777,593.5290219741044,114.0,152.49626825555958,136784.47339119646,596.8071461540897,28650025.0,20909300.0,692.0,19572140.0
2024-01-30,111.66000366210938,151.91065979003906,140297.21875,604.279296875,115.95999908447266,153.8858360295156,144450.19680206006,610.7872908979857,109.4000015258789,151.63769787306504,139675.70051535047,601.8207331245812,115.0,152.8635048238572,143788.30122357848,603.0259172029118,14810575.0,26578900.0,705.0,16966577.0
2024-01-31,112.54000091552734,140.744384765625,142073.46875,617.5363159179688,114.05999755859375,144.50616376310435,142367.5286061689,620.1395252720102,111.5999984741211,140.49624586975654,140224.03990516564,599.6995917267393,111.69999694824219,144.30765567544884,140293.82790938436,603.9418631812425,9578080.0,43908600.0,663.0,23270745.0
2024-02-01,112.87000274658203,141.64764404296875,142302.546875,624.4299926757812,113.80000305175781,143.54341409938922,144062.35704754115,629.5399613532924,111.36000061035156,141.20098181945448,141406.6746697876,610.5462486775638,113.5999984741211,142.62034448055198,143065.38571849244,619.7056475917949,6886195.0,25526900.0,516.0,26587707.0
2024-02-02,111.87999725341797,142.471435546875,140966.609375,626.3582763671875,113.5999984741211,142.80891598819684,143408.6907162021,636.8674459475857,111.0999984741211,137.14141639534614,140090.6765710107,623.5140302472481,113.4000015258789,139.8411690547345,143065.38986017657,628.623998836513,10005725.0,42136100.0,624.0,27471811.0
2024-02-05,109.26000213623047,143.85108947753906,141094.359375,619.8984985351562,113.0,145.5781418375602,143563.90466254976,631.3236201370446,109.0,142.8386935740903,140047.3834600293,615.8490682349207,112.94000244140625,142.96771551558987,143563.90466254976,623.8996743944258,7884690.0,29254400.0,824.0,28339525.0
2024-02-06,109.94000244140625,144.32752990722656,142919.84375,626.9367065429688,110.9800033569336,145.6476308233524,143103.62920381565,631.5164056680424,109.0,143.44415592818876,141568.94744936484,614.836671150307,110.9800033569336,144.87343857858662,142168.12728455433,621.3446646438326,5729195.0,21517700.0,250.0,14079390.0
2024-02-07,113.94000244140625,145.58807373046875,142603.71875,651.0404663085938,114.95999908447266,145.90569884799675,144560.86726742945,653.6436757959015,109.5999984741211,144.12903067557204,142180.39530517324,631.516483424108,110.4000015258789,145.03224491999396,143464.19861919378,631.5646790198787,13928975.0,21436100.0,390.0,41696232.0
2024-02-08,112.73999786376953,146.1240692138672,142051.828125,674.46923828125,115.76000213623047,146.51116537834093,143376.75647051886,693.1255240196265,112.19999694824219,145.33002152783902,141569.94819789243,654.1739491949825,114.4000015258789,145.87593025855838,142666.616810693,656.0058526209428,11074465.0,18241300.0,431.0,74222434.0
2024-02-09,113.9000015258789,149.1017303466797,136632.078125,699.247802734375,115.48999786376953,149.57320039982767,143165.02838139946,702.2366357119648,110.80000305175781,146.33249124170396,135937.0333694447,669.3110419771705,113.80000305175781,146.84862448748711,142068.40671174088,678.4222453850707,6638975.0,21877700.0,1094.0,43235061.0
2024-02-12,112.37000274658203,147.62278747558594,142285.515625,682.5198974609375,116.98999786376953,149.46894146398108,146433.11917638278,699.970940058633,111.19999694824219,147.45405484406334,136911.8864892744,679.2417731009738,115.0,148.42675507380383,137881.09847096071,699.970940058633,7712875.0,17236100.0,2057.0,22873137.0
2024-02-13,112.41999816894531,145.28038024902344,144261.546875,687.8709106445312,113.5999984741211,146.93794653373433,144974.38136574038,692.2577691391986,106.75,144.0297654565706,142102.65222383704,676.9760578021069,113.0,144.9826256402481,144560.7940464843,683.1465652829623,8356035.0,18138500.0,520.0,23351472.0
2024-02-14,112.77999877929688,146.04466247558594,146744.265625,716.7471313476562,114.0,146.7295284133358,147548.0270751419,721.6642590731294,107.4000015258789,144.47145483994314,142367.51448992974,680.2541204805187,110.4000015258789,146.27294607310262,143065.3944629196,680.2541204805187,6340710.0,16651800.0,850.0,36782182.0
2024-02-15,112.37000274658203,142.8684539794922,148057.234375,734.3909912109375,113.80000305175781,143.68234168740076,149545.61923602442,736.6085181742852,111.76000213623047,140.82379188830166,146574.8936531973,715.0598501146139,113.5999984741211,143.3845871267003,147153.38631849992,720.8929293595762,3294985.0,26724300.0,870.0,33941282.0
2024-02-16,112.75,140.70468139648438,147721.703125,727.6419067382812,113.37999725341797,143.4044339358979,149495.81371970254,746.8284007926593,111.0,140.46647773695776,147053.2805387039,726.3402727045591,112.4000015258789,143.13645481893047,149495.81371970254,736.0781947745578,5075395.0,21865100.0,624.0,27365121.0
2024-02-19,113.52999877929688,,148466.828125,732.02880859375,115.27999877929688,,149146.26412017224,737.5726553496461,112.75,,147751.20518428518,723.1104464212216,114.4000015258789,,148449.03841694593,731.4985393690836,4871805.0,,427.0,13979584.0
2024-02-20,110.7300033569336,141.1414031982422,148321.03125,732.8483276367188,114.16999816894531,142.26199628899775,148531.54800232782,736.1264519437863,110.38999938964844,139.75183141723363,146754.19715331242,726.967052738199,114.0,139.8907885953345,147761.18504888195,731.8359847570562,5965045.0,18625600.0,607.0,12528399.0
2024-02-21,108.1500015258789,142.76919555664062,149277.453125,743.839599609375,112.0,142.9081527364752,150296.47192835002,749.6244830800896,107.0,140.85357049569285,148302.48888452447,732.3662238537067,111.0,141.5781318516019,148302.48888452447,733.3786255385841,6315215.0,16440800.0,1061.0,21465311.0
2024-02-22,112.44999694824219,144.2382049560547,149642.453125,738.4403686523438,113.4000015258789,145.1116436936809,150249.4652128904,745.2857902765477,103.45999908447266,142.93794423677772,148551.7443443775,729.8594349797497,109.30000305175781,145.03223741840605,149548.73591715857,745.2857902765477,5967790.0,23024700.0,700.0,18799244.0
2024-02-23,111.80999755859375,144.20840454101562,150324.296875,731.8359375,113.19999694824219,144.86846253331288,150828.27609821802,742.8754349674641,111.0199966430664,143.71212671320606,148850.88358155204,727.9311530180862,112.4000015258789,143.89079460672014,148850.88358155204,738.4403812825284,4008995.0,14519400.0,268.0,14143636.0
2024-02-26,114.08999633789062,137.7170867919922,147964.90625,731.69140625,115.0,142.76919106180267,150603.53764630205,738.8742565255047,111.19999694824219,137.707166688458,146962.97655548726,725.7136812472469,111.88999938964844,142.38209499122223,150146.96228649866,727.9312082579945,10010285.0,33513000.0,711.0,11355186.0
2024-02-27,113.33999633789062,139.0570526123047,146733.921875,722.9658203125,114.95999908447266,139.4441487099668,149050.22910916287,735.0176614115741,112.20999908447266,137.46895751434883,145696.75473412845,715.590128867995,114.95999908447266,138.3721867906262,148551.73335963392,731.6914003457339,4597055.0,22364000.0,449.0,13969393.0
2024-02-28,109.91999816894531,136.4069061279297,145438.421875,715.8793334960938,113.30000305175781,138.24314000952273,148781.98857770066,729.6184318157158,109.54000091552734,135.6227938833963,145261.65840147974,714.4331126203441,112.83000183105469,138.06448727476686,147976.91795890042,722.965792248516,4878080.0,30628700.0,558.0,11263318.0
2024-02-29,109.98999786376953,138.7394256591797,145250.046875,721.278564453125,112.80000305175781,138.90815829996205,146463.04286901385,726.8706658152877,107.80000305175781,136.545886183812,144292.38976237059,710.7211987001107,110.66999816894531,137.32007836867083,146358.35875682402,717.2291929107045,8243910.0,35485000.0,520.0,19217113.0
2024-03-01,110.83000183105469,137.05209350585938,144667.203125,741.5738525390625,111.80000305175781,138.9577986412296,146773.3009021175,744.3216485578118,110.04000091552734,136.94787939753394,143832.97050031013,724.9905087033734,110.4800033569336,138.57070252225125,146358.34993065306,725.0387042946561,4943820.0,28551500.0,433.0,17348526.0
2024-03-04,111.9800033569336,133.20098876953125,145710.40625,744.369873046875,112.63999938964844,135.6129073012985,146360.2577946476,749.1424137066598,110.5999984741211,131.87096759804479,144164.43067366545,741.4292357019581,111.16000366210938,135.52356576664047,144962.61586507052,746.635654393883,6485355.0,43571500.0,442.0,9789141.0
2024-03-05,114.7699966430664,132.78408813476562,144888.9375,755.84326171875,116.0,133.02230693315045,146557.74543338615,758.7357035196916,111.05999755859375,130.57069336777806,144563.76250231967,741.525639495962,111.76000213623047,131.7518369654915,146059.20296664457,741.9113219415058,10617185.0,28447600.0,442.0,18088847.0
2024-03-06,115.33999633789062,131.57318115234375,145464.734375,755.7950439453125,116.0,133.73696045357664,145674.89704237715,761.9655509647814,112.0,130.9677215696114,143698.36163085734,745.1894243197579,115.0,133.2406826036386,144937.6219166173,755.5540071356407,8543545.0,23175200.0,327.0,26710525.0
2024-03-07,113.37000274658203,134.23321533203125,143452.46875,759.7962646484375,115.52999877929688,134.80889935686568,145361.36481065326,764.9544879888422,113.0,131.67242024715893,143167.98344862694,754.9273325742631,115.31999969482422,132.8932593084275,144962.56819937576,761.6763636445312,6619255.0,24107300.0,445.0,15497868.0
2024-03-08,,135.27540588378906,,,,137.9503506897374,,,,133.79650762531753,,,,134.02975881406402,,,,26495200.0,,
2024-03-11,113.38999938964844,137.9056854248047,144369.40625,745.9607543945312,114.5,138.93793664433252,144809.827261472,764.375943708488,112.0,136.0496111924357,143357.00807814964,742.9236669559873,114.0,136.0496111924357,144454.05706268884,761.6763431224929,5793265.0,22536400.0,285.0,16778340.0
2024-03-12,111.22000122070312,138.5806121826172,141790.4375,732.4627075195312,113.19999694824219,139.23570253311547,144563.77195664545,749.8655543236582,108.4000015258789,137.18112025498522,141113.27773672593,730.1969260813347,112.80000305175781,137.2208158162895,143616.63000244673,742.3934128308799,6074690.0,19019700.0,308.0,21529705.0
2024-03-13,105.66000366210938,139.72207641601562,138653.15625,720.4590454101562,111.81999969482422,141.13150375600466,142987.68603363473,736.3192797248611,105.66000366210938,138.96772435714914,137584.83307658974,716.3614195245849,111.52999877929688,139.01735517342172,142569.7440627774,731.450347794911,8955305.0,19637000.0,376.0,27950252.0
2024-03-14,107.56999969482422,143.2654571533203,139895.296875,714.4813232421875,108.98999786376953,143.6525531922914,142431.84556196275,723.8817591322932,100.37999725341797,140.43171544309354,137584.97177248518,707.7322923467271,100.37999725341797,141.24065059836266,138653.59079506883,723.0140618967187,12480915.0,36117900.0,393.0,19730882.0
2024-03-15,106.08000183105469,141.11163330078125,140955.4375,705.659423828125,108.0,143.26547721879055,142071.2733816949,719.7841462932436,104.0,140.07938210068167,137139.06349677473,697.0784894237145,107.22000122070312,142.3424077447282,139628.6444709219,712.7458828582031,11476165.0,41039500.0,789.0,29792241.0
2024-03-18,105.87999725341797,147.37466430664062,136535.5,704.7434692382812,106.4000015258789,151.79153408899293,139578.81669983023,711.4443046336356,102.0,147.03719900758404,135990.64411909672,696.2107304639793,102.19999694824219,148.2580382631111,139578.81669983023,701.0314668855465,17430270.0,47676700.0,804.0,18145126.0
2024-03-19,103.63999938964844,146.81884765625,132221.046875,697.8497924804688,106.77999877929688,148.506189435926,136737.3244720449,708.0215345586139,103.08000183105469,145.9156182708543,131747.83425137564,695.294837485665,105.79000091552734,147.87095434904094,136737.3244720449,703.8275174114212,5161705.0,17748400.0,544.0,15205043.0
2024-03-20,102.97000122070312,148.56573486328125,131145.09375,709.8534545898438,104.76000213623047,148.64514113935445,133734.342802442,712.4566640874273,100.30999755859375,146.56573566685813,129229.48376558407,693.9932196245381,104.76000213623047,147.6823608666149,132101.36431008714,699.1514430237444,10112830.0,17730000.0,515.0,25405455.0
2024-03-21,104.8499984741211,147.63272094726562,131243.015625,717.61474609375,105.63999938964844,150.17861326257847,132478.8956806077,723.6888616581621,103.4000015258789,146.9081444765597,130605.8912991123,713.999194109353,103.55999755859375,149.2009605654293,132440.3089925414,715.3972193126948,4146940.0,19843900.0,355.0,15161161.0
2024-03-22,106.20999908447266,150.6401824951172,130929.2421875,719.9287719726562,107.76000213623047,151.4242948324887,132315.76125216534,721.9534576831707,104.8499984741211,148.97268104731734,130199.74824873611,714.8188032557894,105.76000213623047,149.12157348910551,130852.53616115978,717.1809169690966,6656345.0,19252900.0,390.0,15535921.0
2024-03-25,,150.0247802734375,,,,150.3285020596783,,,,147.6922835856365,,,,149.82627217269658,,,,15114700.0,,
2024-03-26,104.4000015258789,150.57069396972656,131166.78125,713.5171508789062,107.13999938964844,152.0595274931158,132377.53389938202,721.0374875571446,103.80000305175781,149.90568348003643,130350.0505266768,712.0227344311277,104.05999755859375,150.11412683719794,131612.8414564075,716.4095925895269,7975065.0,19312700.0,422.0,14678342.0
2024-03-27,103.30999755859375,150.8089141845703,131487.9375,707.0091552734375,109.62000274658203,151.5533309531698,133548.5632995265,719.1091912967626,101.26000213623047,149.0123908062486,131166.79716784167,704.0203223853061,105.80000305175781,151.0123899187446,131297.80809160843,716.3613952172508,46734380.0,16622000.0,314.0,30088789.0
2024-03-28,106.76000213623047,151.12652587890625,132892.921875,725.3761596679688,107.7699966430664,151.53347735196334,133546.9949522982,732.3180316341789,103.70999908447266,150.20345634485778,131657.85207274134,710.480131739764,104.0,150.86846684841055,132898.90382326214,711.299633363139,16751295.0,21105600.0,617.0,21705116.0
2024-04-01,112.08999633789062,155.3349609375,135380.140625,731.1128540039062,112.08999633789062,155.83123876797126,136483.56100468815,734.1981369990166,108.91999816894531,150.52105992384992,134195.06040752208,725.1351292346699,109.54000091552734,150.69972781832226,135092.39952163966,731.8359644474378,12532815.0,24469800.0,366.0,9949971.0
2024-04-02,117.69000244140625,154.70965576171875,136659.328125,738.9224853515625,117.69000244140625,154.8287727472631,136936.7877544474,741.1882078791733,114.80000305175781,152.31760797864735,134593.85763997378,726.3403165012812,115.0,153.59799819796115,135590.895912026,731.0164660314755,35051615.0,17598100.0,577.0,15713063.0
2024-04-03,123.56999969482422,155.2059326171875,135766.078125,743.4057006835938,123.56999969482422,155.38460052174645,137501.99627096456,744.9001171021469,117.69000244140625,152.98460152506624,135673.20212677467,732.8965313153205,118.0,153.7667298566109,137501.99627096456,737.4762306009072,45128980.0,17266200.0,292.0,19136981.0
2024-04-04,128.39999389648438,150.8089141845703,134949.703125,732.0770263671875,129.3800048828125,155.01734062345932,136696.02743978245,747.5033830248789,125.52999877929688,150.74936326631402,134686.5908016099,730.9200378484845,126.02999877929688,153.92553844996553,135790.2605403631,747.2141506069232,38586785.0,24184800.0,208.0,15889530.0
2024-04-05,125.33999633789062,152.79403686523438,135174.375,737.3316040039062,127.30000305175781,153.68733099552557,135567.89059504564,740.1758501398218,123.62999725341797,149.95631120987514,134064.33419574966,725.6171914639816,126.0,150.5508511437314,135567.89059504564,730.7754145215962,19574600.0,16297300.0,250.0,9939620.0
2024-04-08,122.20999908447266,154.97764587402344,132335.765625,740.7543334960938,126.5199966430664,155.48881145200644,135919.76327796298,742.3933956194346,121.19999694824219,152.84365718423768,130557.68573510648,734.4873762603453,126.4000015258789,152.8684650185755,134633.73765839526,738.5850021452578,11282815.0,16641500.0,623.0,9797174.0
2024-04-09,123.2699966430664,156.9627685546875,132508.65625,736.8013916015625,126.4000015258789,158.69974114878684,133598.52383377973,744.7556069687643,122.27999877929688,155.47393490260237,132351.6300751551,733.8124996099999,123.4000015258789,156.17865616181027,133098.33003932584,740.8990176998179,10691995.0,21521500.0,408.0,7465892.0
2024-04-10,123.56999969482422,156.48634338378906,132269.015625,751.118896484375,124.37999725341797,156.98262125943583,133542.85912051753,752.7097629710994,122.0,155.03720532301298,131861.13708169502,736.2710642780829,124.27999877929688,156.70470686068956,132769.50532592437,739.0188603767406,7593325.0,16339200.0,188.0,14530669.0
2024-04-11,,159.593017578125,,,,159.92056276267266,,,,156.754307790576,,,,157.16125924518346,,,,17841700.0,,
2024-04-12,119.04000091552734,158.00494384765625,131266.1875,738.8259887695312,123.0,160.49625319515445,133231.00844840886,751.5527435992136,118.16000366210938,157.4193396212034,130736.58251313701,737.3797679672235,123.0,158.2183396876894,133231.00844840886,749.3834123957522,14998545.0,16989800.0,203.0,14408722.0
2024-04-15,118.2300033569336,155.1662139892578,129070.125,730.341552734375,122.36000061035156,159.63271405177463,131266.19354872045,735.9335950981468,113.6500015258789,154.98754611125517,128818.43137506125,721.9052641714367,117.80000305175781,159.0868054595389,131266.19354872045,732.5590796729715,22499765.0,21140900.0,266.0,11356572.0
2024-04-16,120.31999969482422,154.83868408203125,129768.4609375,724.74951171875,121.4000015258789,156.05952331202272,130246.97012560138,727.8347947397396,117.37000274658203,153.89575922723787,127614.91255417159,717.7112484453821,117.37999725341797,154.48136343603403,128930.94133988649,724.315633679616,10542790.0,15413200.0,308.0,13338991.0
2024-04-17,,155.71214294433594,,,,157.49973066989327,,,,154.9726786496622,,,,156.01983278787083,,,,16237800.0,,
2024-04-18,119.62000274658203,156.28781127929688,128828.3046875,718.0968627929688,123.19999694824219,157.3051747101729,131043.27721014834,732.7037172254089,119.0,155.04711678057174,128630.35512955974,715.3972622519597,122.38999938964844,155.75679039899535,130605.89389872248,725.0869303823578,13421580.0,14016100.0,267.0,14589648.0
2024-04-19,118.91000366210938,154.56076049804688,128855.03125,723.5443115234375,120.4000015258789,156.81386596898835,129210.1082419721,725.0387279832828,114.19999694824219,152.76423727069755,127053.2649583605,705.8039786829678,114.19999694824219,156.57564717078418,128911.01076918976,708.166151201757,11815930.0,21479900.0,268.0,10886554.0
2024-04-22,119.37999725341797,156.774169921875,128617.890625,738.6331787109375,121.94000244140625,157.99997681824564,131241.52059680992,741.4292292520696,119.0999984741211,154.50122403079163,128400.74898315995,723.5443096786286,121.6500015258789,154.84860943897397,129221.11724075236,727.1116662441453,6323500.0,17243900.0,360.0,17452186.0
2024-04-23,120.48999786376953,158.72952270507812,128839.2734375,745.2858276367188,121.5999984741211,159.28535153330066,131104.34481826032,749.8173315016863,119.80000305175781,156.7890742865943,128412.51431124363,738.1029188222026,120.0,157.40942166544977,128911.01009661336,742.7308138738571,8543135.0,16115400.0,187.0,12292429.0
2024-04-24,119.30000305175781,159.90072631835938,128129.453125,745.3822021484375,120.9800033569336,160.1885608020545,129658.73673659934,750.5886207443748,117.91999816894531,157.63770057657086,127905.23130800435,742.5862104814081,120.19999694824219,157.90567970598426,129110.39144474905,750.5886207443748,6422715.0,19485700.0,323.0,7842615.0
2024-04-25,118.47000122070312,156.774169921875,129210.0,783.5625,119.19999694824219,157.10171512058272,129395.54168005171,785.2015621323537,117.8499984741211,151.63075464016526,127921.98821047012,742.0559716951439,118.91999816894531,152.21834288977288,129005.67126095477,743.0201189674838,7562870.0,36197800.0,213.0,36732974.0
2024-04-26,118.31999969482422,172.3970184326172,129877.4375,772.5711669921875,120.33000183105469,175.1066915119315,130306.79033591278,787.6118991537774,117.41000366210938,170.12405718107405,129209.99841814004,770.2572489382424,119.55000305175781,174.6798997898371,129509.15039406483,786.647751919581,9516900.0,56500800.0,137.0,14964358.0
2024-04-29,119.22000122070312,166.65008544921875,130359.2265625,796.86767578125,120.0,170.1041899716606,130721.43823173697,801.4473750673492,118.30999755859375,165.8163423487109,129991.08746749932,770.0643948867187,119.87999725341797,169.49873042708288,130316.79990266442,778.0668050277905,9248890.0,35914600.0,318.0,27302732.0
2024-04-30,122.48999786376953,163.41436767578125,132606.265625,796.6266479492188,124.55999755859375,168.60542967730703,135191.01300104236,804.9182905797428,118.8499984741211,163.27541048543134,130966.35469629598,790.5043365839119,120.0,166.13397570999825,131313.4635421641,796.8676847564651,29319645.0,29420800.0,424.0,27449073.0
2024-05-01,,164.33743286132812,,,,167.55330321259478,,,,163.67240730219487,,,,164.94287721914893,,,,25223200.0,,
2024-05-02,121.62000274658203,167.20594787597656,133523.328125,800.2904052734375,124.91999816894531,167.27541890279332,134728.441557737,804.0024074577941,120.94000244140625,164.4565642149393,129320.51060632135,795.4214734778877,123.5999984741211,165.42926460676523,133796.254538412,797.2533767737393,29442090.0,17041100.0,941.0,19943724.0
2024-05-03,120.94000244140625,167.7319793701172,128108.4140625,801.6402587890625,123.01000213623047,168.58557780756806,133596.8518959882,806.2199583180101,119.2300033569336,163.75182164825128,127415.50501721857,790.6007607867497,122.0,168.277872843964,133596.8518959882,804.8701286023054,15627880.0,22767100.0,1712.0,22667634.0
2024-05-06,117.80999755859375,168.56570434570312,125679.40625,778.838134765625,120.5999984741211,168.63517535601085,130903.15122172021,806.0270989146577,115.5999984741211,166.640144230045,124623.94271218128,774.2102397469739,120.5999984741211,167.96024487784356,130107.39619151725,805.0629516671522,17132435.0,15147900.0,897.0,35283557.0
2024-05-07,116.11000061035156,171.69229125976562,124144.0859375,773.1497192382812,119.26000213623047,172.17864903482143,126560.73875856833,785.4425969289771,115.4000015258789,168.73447933328495,122844.30503129738,764.7616262211365,118.01000213623047,168.85358117811535,126473.3072792958,782.8875831251004,12719740.0,21102400.0,529.0,16725013.0
2024-05-08,116.12999725341797,169.8858184814453,126302.4765625,781.7305908203125,117.5,170.62923559125636,126618.92011335326,792.5290519594521,114.4800033569336,169.2525675301472,123132.79127049145,770.8357384934087,116.0,169.4788670545492,124145.38415063464,773.8245714766452,10994900.0,14569900.0,610.0,27908322.0
2024-05-09,122.55999755859375,170.30270385742188,125759.5546875,790.4078979492188,124.4000015258789,171.15630234033898,127216.11250184104,809.5462560286481,117.30000305175781,168.6649779130589,125371.67826885979,774.7405052523084,117.87999725341797,169.87589704336452,126318.82017228259,782.7911700385396,101297925.0,11937700.0,372.0,49290254.0
2024-05-10,120.62000274658203,169.0222930908203,127135.5078125,788.0457153320312,126.19999694824219,170.06447954074437,127415.56116866559,802.2186913901453,120.0,166.66002096888255,125187.38641026696,786.3584576786101,123.0,168.42676879457593,126617.9679640666,797.3497596453622,38054380.0,18740500.0,332.0,20543142.0
2024-05-13,118.9800033569336,169.6277618408203,128485.6875,779.8023071289062,121.0,169.6773926544997,128861.15607038037,790.456122787604,116.13999938964844,164.52602618565487,125379.41237763928,769.9679931182314,120.62000274658203,164.612384104361,126786.12070141967,790.456122787604,20566250.0,19648600.0,207.0,15398505.0
2024-05-14,125.61000061035156,170.65008544921875,127780.6171875,788.8652954101562,127.19999694824219,171.49376380888015,128569.13621991461,792.9147256484775,118.08999633789062,169.15133187161973,127340.74141492546,778.9345904580701,118.69000244140625,170.3126201634331,128512.20644653664,783.8517179173241,49680195.0,18729500.0,161.0,10912462.0
2024-05-15,127.94999694824219,172.58558654785156,127033.5625,790.8900146484375,129.55999755859375,172.75035115427644,128679.79795190728,795.7107511254447,125.19999694824219,170.74935248110228,126905.65160836217,788.7206832337843,126.0,171.01734675545546,127614.90979138792,791.5649295245947,38067570.0,20958200.0,142.0,9755062.0
2024-05-16,128.07000732421875,174.12403869628906,128545.6015625,782.8394165039062,130.39999389648438,175.02726801562068,128651.78115559572,796.5303200119738,126.31999969482422,172.75432213283904,126859.23720050024,768.7628305348695,129.1999969482422,173.30023079535803,127116.41426951684,795.7107594941345,19854520.0,17247300.0,325.0,20536990.0
2024-05-17,127.19000244140625,175.97018432617188,128861.3046875,788.52783203125,128.07000732421875,176.17366005161608,129110.40458186128,792.9629448421255,125.80999755859375,173.67738320048903,127614.96400408076,782.1162879060583,128.0,174.24314719004573,127614.96400408076,785.297962171262,13816800.0,16546400.0,155.0,12492509.0
2024-05-20,,177.13150024414062,,,,178.61039857225245,,,,175.90569332559252,,,,175.99005208038096,,,,17495100.0,,
2024-05-21,136.00999450683594,178.20343017578125,129289.9609375,800.8689575195312,138.47000122070312,178.48135968424882,129539.10755932884,806.3163543151672,125.4000015258789,175.99003537359098,127615.1164490519,790.2150830532505,127.06999969482422,177.07191736955156,127714.61308666224,791.5649127770058,61247270.0,14706000.0,321.0,14037801.0
2024-05-22,138.2899932861328,176.67491149902344,129025.546875,802.6334838867188,143.1199951171875,177.52057390820545,129859.13298175496,810.3780018937406,137.2100067138672,175.46399235466149,128657.25979222471,797.5358302513197,137.5800018310547,177.07192771397584,129010.69326023672,810.2799344229562,50502835.0,16189400.0,2445.0,19239277.0
2024-05-23,142.27000427246094,173.75677490234375,129804.6015625,815.7206420898438,144.10000610351562,178.5706754539046,130107.39099722377,819.0537392891404,137.22999572753906,173.2406417675423,128698.54074809753,805.8194777925474,140.0,177.44908281823876,129060.54992023463,808.4663420586099,48787520.0,14928400.0,129.0,17497488.0
2024-05-24,141.39999389648438,175.017333984375,130523.5859375,812.28955078125,144.0399932861328,175.98408218726303,130954.83148852026,824.6905681013441,140.60000610351562,173.89574128928356,128711.60064840475,810.7210696223614,142.6999969482422,175.20592197507497,129110.59975609835,813.6620166705683,24720985.0,11403600.0,634.0,12252075.0
2024-05-27,140.97000122070312,,130637.6875,817.2891845703125,143.39999389648438,,132298.77657724445,822.876995845969,140.41000366210938,,129827.13341962728,806.7997949535047,141.99000549316406,,130506.13914645396,816.2108014350272,17578550.0,,417.0,12295193.0
2024-05-28,135.77999877929688,176.69476318359375,128676.0625,814.7894287109375,142.36000061035156,177.18110576503003,131403.48076120214,824.151431802395,135.0,174.37217142424652,128315.25283103535,807.093914464433,140.97000122070312,174.43173748593026,131403.48076120214,819.2498532378913,26067650.0,15655300.0,298.0,13818893.0
2024-05-29,135.85000610351562,176.07937622070312,127811.515625,806.4567260742188,136.8000030517578,176.90319927426776,129353.65888662012,818.0244392460639,133.2100067138672,174.9478633214501,127616.00404355687,803.1726326134542,135.1999969482422,175.49377198889633,129353.65888662012,812.0935412900568,23710010.0,15023800.0,167.0,14518232.0
2024-05-30,139.67999267578125,172.2679443359375,125125.28125,809.5936889648438,141.88999938964844,175.37464815310898,127813.31843269248,819.5439171556648,135.11000061035156,171.94039917655425,124823.34080432061,803.1726331596147,135.5800018310547,175.37464815310898,127813.31843269248,805.2313320096405,40775490.0,18826300.0,431.0,17818705.0
2024-05-31,151.16000366210938,172.66500854492188,125067.25,814.005126953125,159.39999389648438,173.12157571815897,126435.12235754813,818.5636189442075,140.80999755859375,169.69726133808422,124623.9392809889,801.0159437782618,141.16000366210938,172.1091645913302,125620.97752921404,814.3482733523172,164928260.0,28085200.0,343.0,22267336.0
2024-06-03,174.89999389648438,173.12156677246094,126568.859375,887.8229370117188,179.1699981689453,174.55084943172886,128611.89737510262,894.0479177688353,165.3300018310547,171.16623079349,126318.81703430622,839.8854753820721,174.0,172.58559334783465,128611.89737510262,846.5516101706216,199868915.0,20742800.0,805.0,64269020.0
2024-06-04,144.58999633789062,173.82626342773438,121467.0625,759.9407348632812,174.60000610351562,173.8858143392536,126548.47881583702,879.3431739398783,139.9199981689453,171.9304786366592,116064.61492822546,717.542081270305,174.60000610351562,173.15131775839197,126548.47881583702,879.3431739398783,356261975.0,14066600.0,947.0,122381193.0
2024-06-05,145.3300018310547,175.7518310546875,127543.578125,774.2042846679688,155.9499969482422,176.64512505537928,127913.96046071964,779.3509418310036,128.0,173.9850681159825,121902.44453753928,729.4038474915685,148.39999389648438,175.22081016268223,121902.49906051098,775.1846003180706,172688100.0,15233900.0,524.0,74256082.0
2024-06-06,149.8699951171875,177.02230834960938,125741.515625,800.868896484375,158.0,177.37962899368443,128163.25466216025,816.9460375302097,149.02999877929688,175.89079550090455,125522.32549047988,780.3312712846982,149.97999572753906,176.10914381293057,128163.25466216025,784.2525339544707,87043240.0,14255800.0,347.0,40555649.0
2024-06-07,153.41000366210938,174.6401824951172,126871.453125,813.613037109375,154.3800048828125,178.08435218510095,127116.37031972037,815.1325144961712,147.0,174.4813699390767,125620.92979424197,794.545884544975,149.1999969482422,177.13150713925583,125620.97652821882,803.7608761709042,40602755.0,14716300.0,220.0,25061284.0
2024-06-10,153.94000244140625,175.51461791992188,126576.59375,815.4265747070312,162.1999969482422,177.34299500926858,128013.71028215779,828.8079077389773,153.60000610351562,173.27882626843078,125620.93065071559,812.877777859861,156.60000610351562,175.33574670333766,127365.81378956992,817.7303524667053,30870070.0,17099800.0,370.0,16725508.0
2024-06-11,152.57000732421875,177.0647735595703,125904.5703125,819.102783203125,155.94000244140625,177.2635075730835,127183.16514915095,823.0730498797147,152.0,174.33213917707215,125720.67211877137,812.730731059502,155.0,176.59774028847596,126576.58930269562,819.5439372413512,18756795.0,14402400.0,318.0,14754408.0
2024-06-12,152.44000244140625,178.4261016845703,125729.453125,822.5828857421875,153.75999450683594,180.93019248807428,126465.23285224829,828.905934018559,150.9199981689453,176.6573433446756,125472.37730883903,816.6029838634709,152.80999755859375,178.61490428755323,126318.82309262466,820.5242466911467,37596165.0,18600400.0,284.0,15071442.0
2024-06-13,150.75999450683594,175.62391662597656,125627.859375,827.2884521484375,153.94000244140625,177.3827284020576,126518.21950549603,829.2490835697314,150.0,175.54441999550025,125015.10685023408,819.6419417384134,153.0,176.71696117955426,125820.32546567061,828.3667754966601,43563425.0,15956900.0,248.0,12523972.0
2024-06-14,149.35000610351562,177.24359130859375,125230.0078125,822.680908203125,151.60000610351562,177.60131852056165,125909.95601950405,833.1702976600134,149.0399932861328,174.74150226558402,125022.88282715529,818.6615781244269,151.33999633789062,174.74150226558402,125700.29182141784,828.3667270254315,53192385.0,12361600.0,187.0,12903496.0
2024-06-17,,177.65103149414062,,,,178.78383196878292,,,,175.3754991517427,,,,175.8623951756443,,,,15272900.0,,
2024-06-18,149.6300048828125,175.3357391357422,125444.0078125,828.2687377929688,151.6999969482422,177.78021124067124,125920.77225606238,834.7387973148866,148.02000427246094,174.51097865374183,125191.37172808657,823.7102459704445,151.55999755859375,177.66095871395126,125229.10941358011,824.9846443812804,36992090.0,15640300.0,318.0,14929083.0
2024-06-19,147.72999572753906,,124586.90625,835.817138671875,149.99000549316406,,125752.7866030811,843.6596642417119,144.0,,124374.69504218285,824.4455005291003,149.82000732421875,,125443.46997673372,830.1313196004876,27387940.0,,322.0,32925140.0
2024-06-20,148.6699981689453,176.58779907226562,125979.4921875,827.141357421875,149.4600067138672,177.61129358924018,126268.97021986164,836.3072851232247,146.83999633789062,175.34569260385643,124208.53934730253,825.7688915323681,148.61000061035156,175.59411389753828,124673.7838609846,836.209277488426,35844170.0,16753200.0,779.0,13985352.0
2024-06-21,146.72999572753906,179.12168884277344,124927.765625,819.8380126953125,148.82000732421875,181.35946682334284,126732.86539698052,831.3567222370788,146.00999450683594,176.93558443343846,124633.90239221777,812.2895697948148,148.6300048828125,177.3628769542596,125971.56894945785,828.2687636644131,36626465.0,58903200.0,335.0,18990090.0
2024-06-24,147.69000244140625,179.64834594726562,124898.515625,816.3088989257812,148.9600067138672,180.93020838412224,125920.03474095916,819.543928783181,144.0,179.09188464480485,124125.44992279822,804.8881970373593,145.58999633789062,180.13525716813544,124873.24033101158,815.1325081138934,38708270.0,18198300.0,342.0,12715254.0
2024-06-25,145.05999755859375,184.40811157226562,126527.640625,825.6708984375,148.47999572753906,184.57703624624256,127216.10996028788,829.2000110244921,144.75999450683594,179.96136398803543,125122.42789981293,817.8773766546938,148.17999267578125,180.00111988922632,125286.93149027882,820.5242410117988,34124060.0,18797000.0,511.0,20917530.0
2024-06-26,143.97999572753906,184.19940185546875,125489.875,828.7098388671875,146.17999267578125,184.75586308463522,126941.54918917609,832.0919399410025,143.60000610351562,182.8281267300032,125222.18277446758,819.5439111626723,144.80999755859375,183.03679210972498,126498.33193156811,823.3181026095383,31171240.0,13375700.0,515.0,16281760.0
2024-06-27,143.13999938964844,185.68002319335938,124715.0546875,827.3864135742188,145.58999633789062,186.31598113580557,125835.02659044802,830.7195107377448,142.0,184.2789233762341,124365.35993647763,821.7495985528304,144.58999633789062,184.47269927458336,125489.86503492403,827.288405942117,38887510.0,13025700.0,218.0,20378887.0
2024-06-28,143.72000122070312,182.26173400878906,129075.15625,832.239013671875,145.63999938964844,185.40178281851416,130306.7912783865,846.992752780768,142.9499969482422,182.1673327036361,125003.34163741837,827.386439058991,143.94000244140625,184.54721295668855,125620.88441427589,830.2293784821371,51472280.0,23032400.0,1183.0,23636388.0
2024-07-01,143.49000549316406,183.32496643066406,129287.7578125,825.3768310546875,144.5800018310547,184.16958965379928,130048.5635564826,833.7585184800706,142.52999877929688,181.57607098053737,127449.508066763,823.4161996179325,143.39999389648438,183.31501987587765,129833.01088636604,832.6311314704473,17165595.0,11815900.0,780.0,10967797.0
2024-07-02,142.1199951171875,185.4315643310547,128258.3671875,809.8878173828125,146.60000610351562,185.76941360277476,129409.54185109511,829.6411422984175,141.63999938964844,181.90397943681322,127634.8502688258,806.9468703630849,143.39999389648438,182.31139393870345,129287.7608986589,827.3864282167037,22978285.0,12555500.0,457.0,21142840.0
2024-07-03,143.0500030517578,186.2066650390625,128593.359375,823.4161987304688,144.38999938964844,186.4352083846934,129234.62743075246,827.2393941277866,142.1999969482422,184.21432140369464,127621.19139440203,808.760466789776,143.1999969482422,185.12355183321114,129234.62743075246,812.6817296590598,9619965.0,7409100.0,285.0,23598009.0
2024-07-04,142.4499969482422,,128179.90625,822.7789306640625,143.77999877929688,,128859.40267029432,828.2687343216311,142.0,,127606.23112737547,817.8773523092979,143.39999389648438,,128593.95369159662,826.4061106133324,10285225.0,,1151.0,13372587.0
2024-07-05,141.77999877929688,190.74781799316406,128547.1015625,842.826416015625,142.9199981689453,191.045911423733,130784.054550327,844.2968895533086,141.3000030517578,186.1371192636921,127614.96122577567,820.5242340274244,142.39999389648438,186.1371192636921,127614.96122577567,821.5045497192135,10650010.0,14303400.0,675.0,24873722.0
2024-07-08,139.61000061035156,189.27713012695312,128363.3046875,839.3953247070312,142.50999450683594,190.46856363455257,130897.85185626228,847.9730871492928,138.60000610351562,188.1244669555665,127771.44222944751,836.6994565108919,141.97999572753906,190.15655112826096,128711.60523281345,842.8264296839359,16577055.0,12097600.0,577.0,10359800.0
2024-07-09,144.99000549316406,189.23741149902344,130902.8984375,844.3458862304688,149.0,191.64212785825836,131204.08334291316,852.8256408262188,139.30999755859375,189.0287309360106,128512.20625305097,839.1502250746712,139.61000061035156,190.53913668217973,128512.20625305097,842.9734801738035,55607330.0,10198500.0,567.0,13585081.0
2024-07-10,145.50999450683594,191.44337463378906,130403.546875,832.2880249023438,147.49000549316406,192.08926388256418,131510.65922652592,843.3165764690709,142.8300018310547,189.41624854275796,127914.01230986316,826.8962885808327,146.80999755859375,189.5454324574855,131403.4826378797,843.1695051813592,35970985.0,12052900.0,420.0,17343236.0
2024-07-11,144.13999938964844,186.1172332763672,130101.15625,839.8364868164062,146.39999389648438,191.19496504434994,130904.98062646679,841.4049680302959,143.1999969482422,185.64026864562257,129664.8244889022,833.0232806157347,146.39999389648438,190.13171464646283,130403.54064867436,837.5817726337938,14579725.0,16452000.0,241.0,8501366.0
2024-07-12,141.99000549316406,185.60052490234375,129288.40625,842.7774047851562,145.1699981689453,187.49846731892862,130699.35170675036,846.0124345728623,141.60000610351562,184.9645669655612,128965.68478162898,838.4639918457344,144.30999755859375,185.73964022718891,130007.7356021348,839.8364577356562,10835685.0,14449100.0,183.0,11446064.0
2024-07-15,141.7100067138672,187.00161743164062,130818.65625,864.001220703125,142.99000549316406,188.70081060739636,133876.72529168622,869.8831149197468,141.10000610351562,185.3123556492613,129608.94721551756,842.7774216383809,142.0,185.3123556492613,129608.94721551756,842.7774216383809,10190125.0,12186000.0,635.0,25392820.0
2024-07-16,142.49000549316406,184.32859802246094,132734.96875,863.364013671875,146.33999633789062,189.13803057985837,132998.67301546168,870.6183136551655,141.7100067138672,183.9509928079568,131082.25273891617,857.0899695148005,142.50999450683594,187.76675536324498,131602.83810890664,864.9324947942838,13525555.0,12760100.0,385.0,11893692.0
2024-07-17,,181.466796875,,,,184.06031600360564,,,,180.47311161748726,,,,183.51378607948686,,,,17376600.0,,
2024-07-18,139.89999389648438,178.08824157714844,131893.90625,875.9610595703125,142.49000549316406,182.88774234184083,132599.82296704676,877.2845216320075,139.27999877929688,177.08462510298332,130469.34559627004,860.2270049507774,142.49000549316406,182.3809532461557,132599.82296704676,863.315023261012,15782025.0,17877200.0,308.0,19435183.0
2024-07-19,138.89999389648438,178.25717163085938,127603.703125,871.84375,140.32000732421875,180.82088103924897,131893.01005056596,881.3038205050954,138.0,177.73051973450666,127157.65066025338,865.912851939986,140.0,179.23097879511494,131893.01005056596,877.3825576774864,12139340.0,14485900.0,578.0,14562742.0
2024-07-22,139.22999572753906,182.1921844482422,130541.5859375,859.540771484375,141.99000549316406,183.13618234002132,131104.38766248457,877.382528728047,136.4499969482422,180.7513288023117,126219.77559750511,850.914005515022,138.60000610351562,181.19849926480467,127912.97100525428,864.0992633045507,12220170.0,16303900.0,480.0,14614111.0
2024-07-23,139.47999572753906,182.4405975341797,130872.7890625,846.8947143554688,145.8000030517578,184.05036260692978,133296.77147016957,867.0891928212089,129.3000030517578,182.17229830124404,126238.81913372577,832.385994861864,141.0,182.67907226351633,130057.54596731179,865.618719345537,50345635.0,23772600.0,765.0,18279212.0
2024-07-24,138.94000244140625,173.26885986328125,136726.015625,835.2289428710938,141.94000244140625,176.82625421406058,137385.4320503779,850.9139934414429,138.50999450683594,172.4739239415415,130730.42015763094,830.5234396667329,139.5399932861328,174.28242287465946,131104.38544720385,847.1888058977289,11054015.0,31250700.0,1043.0,19624845.0
2024-07-25,139.0399932861328,168.09178161621094,137370.546875,831.7978515625,141.88999938964844,174.09363317944442,139676.70385440456,834.0035618347636,137.22999572753906,167.9824756445121,133786.12091844325,824.6415590903446,138.8000030517578,173.14963533064466,134352.215922628,830.8175358859385,13847810.0,28967900.0,788.0,9522375.0
2024-07-26,142.52999877929688,167.6147918701172,138632.875,845.4732666015625,145.55999755859375,168.76747020089442,139008.52446918358,847.2378228513442,139.72000122070312,164.81758110880102,136111.81153999668,827.386430415429,140.0,167.7042350506867,137266.8556574311,828.0236595382181,27418570.0,25150100.0,1005.0,12081506.0
2024-07-29,143.27999877929688,170.04933166503906,138907.109375,854.443115234375,144.99000549316406,171.0728260788631,139976.24408345393,871.5986394833856,143.00999450683594,168.6482320708963,138224.29462335806,846.208499495082,143.8000030517578,169.42330521607508,138632.3922679309,849.0023752250042,15066860.0,13768900.0,472.0,26582781.0
2024-07-30,145.85000610351562,170.77474975585938,139638.421875,855.6195068359375,147.0,171.85786305259506,140215.8425256386,863.2169532964333,143.27999877929688,169.04573194128005,137779.78383050233,851.8943192478578,144.0,170.74494041099024,139576.81723488081,857.4821305468374,26419965.0,13681400.0,235.0,13528447.0
2024-07-31,146.88999938964844,172.05657958984375,142085.859375,855.2274169921875,149.86000061035156,174.7991603386014,142301.76422620716,857.727209991399,142.52999877929688,170.63561708735276,139638.42812597647,850.9140040978348,147.10000610351562,173.8154065705776,139638.42812597647,856.6488268509507,60381025.0,15650200.0,321.0,11636874.0
2024-08-01,147.60000610351562,171.3610076904297,139996.15625,845.6693725585938,150.5800018310547,174.57060660316841,143369.76322551403,864.0502921513843,143.0,169.43325599913192,139380.03180721955,842.5323503146797,144.0,170.89397443893247,141774.81290193202,860.5211196893349,68246855.0,17177800.0,643.0,11787203.0
2024-08-02,145.27000427246094,167.33657836914062,138152.859375,831.16064453125,148.14999389648438,169.1351612826965,140361.71903543768,841.4049555903533,144.19000244140625,165.33927661435882,137930.9172847198,829.494155703777,145.5800018310547,167.1279129721506,140042.292154115,839.8364743996533,28345615.0,18907800.0,337.0,12609331.0
2024-08-05,138.1699981689453,159.62557983398438,136120.9375,795.6732788085938,143.83999633789062,164.89211409365296,137779.73878673115,814.9854506435058,136.1999969482422,155.61109855114947,135128.22761801476,784.2525767265245,140.0,156.3762251898457,137678.89999240174,813.6620483537691,76645360.0,34907800.0,866.0,27676951.0
2024-08-06,137.8800048828125,159.5261993408203,135420.46875,781.9978637695312,141.3300018310547,161.32478210891983,138679.10321773557,810.2799484288843,136.60000610351562,157.1314297723931,135084.10022174384,779.988228505242,139.38999938964844,159.9286557559042,135583.3021929987,806.4567530115417,73470735.0,36146500.0,262.0,17900930.0
2024-08-07,138.3800048828125,159.73489379882812,134447.03125,792.7322998046875,140.94000244140625,163.7493752825507,137806.61387488374,794.7419349850848,137.6300048828125,159.22811981197012,133991.21302855152,784.7917068840424,140.0,162.20917537275696,137480.2293706521,793.0753863597355,75859015.0,19334200.0,326.0,17692355.0
2024-08-08,138.30999755859375,162.8053741455078,140063.296875,792.1441040039062,140.0,164.45489516194675,142257.67954320286,801.7021822548979,137.07000732421875,161.00680641897057,131790.36579544694,786.9974464841414,138.94000244140625,161.3188189520736,135281.28518520106,796.01636305695,78456945.0,15733600.0,2087.0,14769069.0
2024-08-09,139.0800018310547,164.34559631347656,136684.890625,808.07421875,140.77999877929688,164.47478024278507,141173.8080251724,813.6130263830515,138.30999755859375,159.9137536043793,135284.7227975975,793.6145621891944,139.41000366210938,160.62425005314302,140166.91772221244,799.9376104147318,69610135.0,13549200.0,679.0,15320885.0
2024-08-12,138.3000030517578,162.9146728515625,137047.71875,796.6044921875,138.99000549316406,165.6473069392791,137778.70647693318,806.799799123275,124.0,162.51720486741277,134455.06636881302,795.2320861451166,135.0,164.94675710820903,135084.10768754466,804.4470175738744,140198020.0,12435000.0,519.0,16120449.0
2024-08-13,137.89999389648438,164.8821563720703,137194.375,781.8507690429688,140.5,165.48830487121216,138277.73681517673,803.8588683191833,137.1999969482422,163.7294932144231,136893.4498291513,779.3999798102883,138.5,164.14186584696583,138046.10711394492,797.4868163142143,73863660.0,12717600.0,201.0,17585172.0
2024-08-14,134.80999755859375,161.00682067871094,135765.375,787.1934814453125,137.94000244140625,163.91832636076145,137656.44572999678,793.2224467373169,134.1999969482422,158.52260754083977,135572.32423129704,784.6446846418667,137.8800048828125,163.1730624194001,137480.2274283185,785.183846292551,72605700.0,22515900.0,113.0,11788665.0
2024-08-15,,162.1396026611328,,,,162.48739852550634,,,,160.4702189019766,,,,161.18567341659553,,,,18392500.0,,
2024-08-16,139.47999572753906,163.69967651367188,135819.0625,796.1143188476562,140.0,165.89571192845327,137280.52286632798,798.85925054641,134.1999969482422,162.05015573281887,134584.83259913462,787.1934703278642,136.60000610351562,162.378073610634,136781.3209649959,787.1934703278642,81407100.0,16853100.0,351.0,11427335.0
2024-08-19,139.39999389648438,167.33657836914062,134692.875,797.682861328125,141.35000610351562,167.40614360975903,136924.76009934416,809.1525664711355,138.60000610351562,165.04116802765475,134295.30745037858,796.6044782061931,139.60000610351562,165.94542518109844,135823.91060850114,798.9572597142997,81847520.0,13100800.0,336.0,10151482.0
2024-08-20,139.08999633789062,167.89303588867188,135613.96875,804.1529541015625,140.3699951171875,169.3338762058835,135770.5621827178,806.7998184496117,138.4499969482422,167.59492733555857,134917.08273422302,797.3397480422,139.39999389648438,167.67442396055083,135682.0630251358,801.8492361476191,59953610.0,12622500.0,176.0,10347493.0
2024-08-21,139.02999877929688,166.57147216796875,137611.515625,799.4964599609375,140.27999877929688,167.5750888653663,137779.7466925195,804.8391925113443,138.39999389648438,165.51816817294204,135613.95889894885,795.2321105845307,139.08999633789062,165.93551418064501,135613.95889894885,804.1529595522029,57432325.0,15269600.0,217.0,14607257.0
2024-08-22,134.74000549316406,164.44496154785156,139341.984375,804.1529541015625,139.5,168.35013692400975,139582.44370337136,807.6821265102021,134.1999969482422,163.9878597056695,137530.13097975132,801.0159319051235,139.10000610351562,167.97253171361726,137530.13097975132,802.8785556624933,20932485.0,19123800.0,403.0,7832917.0
2024-08-23,135.16000366210938,166.37271118164062,138291.625,799.3003540039062,137.8000030517578,166.88943174796648,140342.3466402647,805.8194771135562,134.8000030517578,164.6138992372565,138198.27423399963,798.4671096216442,137.39999389648438,165.4982784875892,139391.7101131039,805.3293192807621,17491785.0,14281600.0,221.0,5537747.0
2024-08-26,132.25999450683594,166.86953735351562,139087.96875,799.0062866210938,135.8000030517578,168.31039292844207,140275.67920365903,807.2409623037237,132.0,165.26971884295412,138278.91851623546,797.7808920155667,134.89999389648438,167.09312257374404,139776.52413193474,801.8982298568817,17081035.0,11990300.0,224.0,8523795.0
2024-08-27,130.82000732421875,165.32936096191406,,799.839599609375,134.38999938964844,167.18257429645269,,803.3197083604263,130.33999633789062,165.11074898834605,,795.0850325876467,133.0,166.55158960509237,,801.702163529934,17230700.0,13718200.0,,12833290.0
2024-08-28,128.30999755859375,163.46121215820312,136689.4375,793.467529296875,131.77000427246094,166.33296172275269,138996.24976426194,801.1139795760346,127.62999725341797,162.24891502525102,136415.32882293235,790.6245899129868,131.39999389648438,165.72681315627662,138778.14530725422,798.7121942115388,17869550.0,15208700.0,168.0,10371300.0
2024-08-29,128.86000061035156,162.36813354492188,134216.09375,798.4671020507812,130.0,166.57143228653456,137727.7767268625,799.937575535221,125.69999694824219,160.95908885064492,133210.13940348921,791.0657308125117,128.0,165.01133945662448,137727.7767268625,793.6145275853862,23306505.0,17133800.0,517.0,18247268.0
2024-08-30,126.41000366210938,164.06735229492188,134646.6875,799.5454711914062,129.94000244140625,164.23627694740046,135517.2956202248,804.5451172254517,125.87999725341797,162.37809060770428,134185.47174106856,798.3200765507661,129.6999969482422,163.18297313639766,135283.71592942553,801.0650084127782,23887610.0,18498800.0,206.0,8911426.0
2024-09-02,134.0399932861328,,133937.578125,805.966552734375,136.88999938964844,,135782.92485804026,809.1525786646832,125.61000061035156,,133786.11713953968,797.04564422928,127.0,,134784.52099878996,801.2119858304522,98612320.0,,364.0,11813750.0
2024-09-03,131.82000732421875,157.6083984375,134259.359375,808.5643920898438,134.39999389648438,162.34828073388488,134784.47300011548,809.6917790988241,131.41000366210938,156.8581613154102,133786.1159499234,800.3297759604034,134.0399932861328,162.2836887747074,134784.426199935,805.966591337859,19651745.0,26533100.0,135.0,10548350.0
2024-09-04,130.1699981689453,156.81346130371094,135113.546875,800.427734375,131.8000030517578,159.3871023707654,135227.47411959633,802.5354369721819,129.8000030517578,156.44580262625547,133745.93633795672,797.6338586845211,129.86000061035156,157.07678727910556,133985.80287402592,799.3984149013352,12421715.0,17410700.0,338.0,10789570.0
2024-09-05,128.77000427246094,157.5984649658203,135727.578125,802.6334838867188,131.17999267578125,159.9982078419264,136461.85746003283,805.9665812189434,128.1999969482422,156.5252832244312,135349.47941367852,798.369134501237,130.44000244140625,156.7836358953015,135782.94274630133,802.2413336710257,11113435.0,14139500.0,397.0,8395074.0
2024-09-06,126.94000244140625,151.1693115234375,134106.5625,767.0970458984375,129.61000061035156,158.21453488965136,136539.31398563387,796.8986675256167,126.0,150.97553566070164,133886.00884003082,761.7053094735923,128.8000030517578,157.6878830260937,134285.32359701418,795.5262015930762,12745765.0,24999100.0,123.0,40220096.0
2024-09-09,127.04000091552734,148.791259765625,133770.90625,768.8125610351562,129.0,153.86573058964393,134463.95460544046,772.6848198824725,124.19999694824219,147.45797267088392,132336.85494845992,755.8233784610844,127.0,152.86079303597603,134106.57278455212,769.5477977846319,19797785.0,28057700.0,267.0,21322103.0
2024-09-10,127.41000366210938,149.25892639160156,135496.296875,767.2440795898438,129.1999969482422,151.5374693511312,136008.9148849526,773.2729850328517,126.5999984741211,148.79426929811413,133786.42097065205,762.1954299786836,127.80000305175781,150.69171904726548,133786.42097065205,772.4887444671417,12149245.0,20401800.0,338.0,12824701.0
2024-09-11,125.44000244140625,151.38821411132812,135132.3125,753.4706420898438,127.9800033569336,151.71656369963523,136381.970965197,772.4887910829905,125.0199966430664,147.95549049886938,134996.52957136702,750.3336796377038,127.2699966430664,150.3335237150403,135782.9286329926,764.6952691046852,8266175.0,18991500.0,115.0,20060665.0
2024-09-12,130.22000122070312,154.76126098632812,135692.125,772.24365234375,131.0,154.83091780928066,136182.24772376206,774.3513549221617,124.5999984741211,152.73148120625078,135209.25630471043,757.5389176117205,126.69999694824219,154.03492008247616,135897.20340494544,759.7446278215249,27540185.0,20980800.0,153.0,17578964.0
2024-09-13,126.69000244140625,157.5770721435547,137171.3125,775.2826538085938,129.32000732421875,158.47753979735216,137426.40471109797,779.3509879306515,126.19999694824219,155.32839292130552,135675.8593725371,769.6458384870828,128.52999877929688,155.57913012080755,136570.72571948014,775.429725098296,14050150.0,16733900.0,218.0,12950936.0
2024-09-16,133.19000244140625,158.19398498535156,136194.78125,770.0869750976562,136.30999755859375,158.44273330210058,138277.90432851372,779.3509702962235,130.16000366210938,156.82088941853155,135982.66720704018,768.9596479590956,132.1999969482422,157.53728578536007,137180.70516814807,775.2826362662203,71314010.0,14157600.0,274.0,9553736.0
2024-09-17,133.27000427246094,159.47750854492188,135025.984375,767.4891967773438,134.8000030517578,160.78094720498908,136540.81269375375,771.9986251303302,130.44000244140625,158.61186932111355,134873.43137894326,765.1854189481497,133.1999969482422,159.28845740813813,136211.29260624925,770.1360013393838,19115455.0,12064800.0,113.0,10665630.0
2024-09-18,130.33999633789062,160.00485229492188,133987.046875,777.145263671875,133.5399932861328,160.82075399745483,135879.7710047177,779.1058950529456,129.8000030517578,158.8606162005211,133086.93898926396,766.6068699986203,132.1999969482422,160.0446605246212,135879.7710047177,768.3714262748396,8772165.0,16756500.0,301.0,18324412.0
2024-09-19,129.9199981689453,162.42269897460938,136138.953125,774.400390625,131.61000061035156,164.16393711256978,136532.6830576057,785.5759535812824,127.4000015258789,161.70829153371122,133987.04954865013,768.6165041254203,131.0,163.9947900867692,134385.16309831917,779.3999767062683,11815300.0,17548200.0,146.0,10645478.0
2024-09-20,133.02999877929688,163.81568908691406,135821.546875,766.3128051757812,134.0,163.92513895238736,136604.5449901676,779.203920907502,129.9199981689453,162.36299225266765,134929.42635356056,764.1560986394321,129.9199981689453,163.69629475454033,136532.65992253346,779.203920907502,14680640.0,46362700.0,235.0,21372244.0
2024-09-23,134.39999389648438,162.2535400390625,136990.25,786.0661010742188,134.9499969482422,165.77580910505682,137270.55189427827,789.1541193879206,132.10000610351562,162.13413053719808,135821.57143756366,769.0576480246257,134.39999389648438,164.51216355519293,135821.57143756366,770.5281215390131,16994495.0,15648400.0,354.0,17309545.0
2024-09-24,135.0500030517578,162.82069396972656,137524.140625,782.5369873046875,135.60000610351562,163.72614146625725,138206.14405843493,788.4188813527027,133.33999633789062,161.21875423832304,136617.58992451578,780.8214348740164,134.39999389648438,163.4276404563426,136781.37495694254,783.5173029793567,13647195.0,18774100.0,164.0,15180653.0
2024-09-25,133.47000122070312,162.1739501953125,138892.515625,777.4883422851562,135.39999389648438,163.39479667219365,139523.21053168192,782.2919130531816,132.0,161.96001511465622,137516.1689547429,773.1749891911104,134.0,162.15404607986716,137516.1689547429,782.1939054186181,9609500.0,13607900.0,283.0,18465571.0
2024-09-26,133.07000732421875,163.00975036621094,138571.96875,786.0661010742188,133.72999572753906,164.67138731664284,139676.6558416926,787.193488035404,132.02000427246094,162.68140076296737,137749.7363556396,776.0178653925714,133.60000610351562,164.2037392619377,139676.6558416926,780.331278301596,6414995.0,18234500.0,143.0,23198842.0
2024-09-27,130.86000061035156,164.46243286132812,140751.203125,786.8504028320312,134.8800048828125,166.13402946952368,142070.1883908221,792.095067775522,129.33999633789062,163.00975117210305,138278.95205496228,782.7330650179391,133.0,163.08935245653072,138478.63285215356,786.0661024227028,15587935.0,13604300.0,411.0,15193681.0
2024-09-30,131.22999572753906,166.35293579101562,138281.84375,772.3907470703125,132.52999877929688,166.5220828337227,141560.14980297894,786.8013396781569,129.6999969482422,163.81569978562334,138021.9467310436,770.9692773696576,130.8000030517578,163.95499824328758,139776.59481034483,786.1151665701419,11055655.0,14070100.0,354.0,15484573.0
2024-10-01,130.63999938964844,167.57676696777344,139948.109375,781.2625732421875,132.16000366210938,169.58665765130456,140533.87603763017,784.5956105690549,130.39999389648438,165.069379642544,138628.46907764958,772.4887361629332,131.0,168.01456644165077,138977.86362724952,772.4887361629332,6332320.0,18629500.0,209.0,13280535.0
2024-10-02,,166.4723358154297,,,,168.03448267051223,,,,165.41764528818874,,,,166.92007978875355,,,,12745000.0,,
2024-10-03,128.9499969482422,166.37281799316406,135920.296875,778.4686889648438,130.5800018310547,167.0693101897403,139390.06223313347,788.1738385219239,126.30999755859375,164.54201898480358,135782.92274612794,768.861606879953,129.80999755859375,164.98977806625155,137679.89004919885,774.3514108096929,13126695.0,11004300.0,444.0,15944135.0
2024-10-04,128.4199981689453,167.716064453125,133132.765625,780.968505859375,129.60000610351562,168.70111326366936,137080.8603888533,793.9086248930724,127.0199966430664,166.1240843183051,132705.76074169658,769.7928832389414,127.98999786376953,168.4921579951081,137080.8603888533,776.4100140404223,10842110.0,11422100.0,780.0,20097454.0
2024-10-07,125.08999633789062,163.56692504882812,131078.84375,755.4802856445312,129.19000244140625,169.0493318975737,136927.24361186186,788.1737888998624,122.68000030517578,163.30823229275637,130347.55976637655,750.3336284408941,128.2899932861328,168.2931425612473,135782.91685599618,784.2525262685198,14298020.0,14034700.0,484.0,24267990.0
2024-10-08,128.1199951171875,164.870361328125,131877.171875,766.0676879882812,129.17999267578125,165.2683676961341,132887.55660288973,768.9596311652928,122.63999938964844,163.48732146187328,130002.16938589235,757.0487719081607,124.9800033569336,164.60170892751768,131079.44717383015,757.0487719081607,11754080.0,11723900.0,374.0,8560960.0
2024-10-09,126.86000061035156,162.24359130859375,132321.609375,781.7037353515625,129.8000030517578,165.42756656207547,133169.09821693203,788.5168813576186,126.30999755859375,160.31330204112282,132133.30105465685,766.6558539907494,129.27999877929688,164.02960230873123,132178.6348280739,771.214345767345,6351835.0,19666400.0,137.0,18758697.0
2024-10-10,129.0800018310547,162.3629913330078,131987.0,781.4096069335938,129.67999267578125,163.48834060234623,133686.28345360747,788.6149631033948,126.20999908447266,160.83070840745293,131825.66416828358,779.3509679329196,128.38999938964844,161.2983564497907,133686.28345360747,783.2722306646576,8248850.0,12900500.0,179.0,10241015.0
2024-10-11,128.4600067138672,163.69630432128906,132077.046875,784.0074462890625,129.0800018310547,164.44254930702127,132388.29926478697,786.8993894424932,127.48999786376953,161.68641357531357,130989.58231808037,777.3903156076607,129.0,162.51225984807772,132238.5854924942,781.5076533317213,5549135.0,10946000.0,124.0,14322720.0
2024-10-14,126.88999938964844,165.5171356201172,131771.796875,789.3012084960938,129.13999938964844,166.78076613469128,132619.9409941224,793.3204789260238,126.19999694824219,163.95498890732665,131191.2718031765,785.036799307843,128.5,164.08434289007533,132093.82893523845,786.2131901126612,9055005.0,9981800.0,199.0,8967564.0
2024-10-15,126.77999877929688,166.06436157226562,130883.359375,788.81103515625,128.07000732421875,168.24339914310818,131998.6857531487,791.6049109083206,126.48999786376953,165.21862644863623,130712.43730405536,785.821024467886,128.0,166.30316540961533,131839.23752724397,789.6442795500336,4650740.0,14829300.0,200.0,6252104.0
2024-10-16,125.16000366210938,165.90516662597656,130354.2578125,789.5952758789062,127.16000366210938,166.44245625750682,130830.14547295554,793.0753845737652,124.30999755859375,164.38879497014153,129413.21533354837,786.2621786357137,126.30999755859375,165.19871479504792,130691.07092925158,786.9974153952073,8602970.0,9968500.0,385.0,6494240.0
2024-10-17,121.81999969482422,163.6863250732422,129562.171875,795.0850219726562,125.73999786376953,167.08919997886755,130628.31903776748,803.3687014528558,121.55999755859375,163.5470266332128,129293.30482520963,790.1344397449686,125.19999694824219,166.5419658674321,129556.03325103177,793.5655446321986,10127720.0,15113400.0,235.0,18580553.0
2024-10-18,122.27999877929688,164.2236328125,129377.015625,804.2510375976562,122.77999877929688,165.53701595857945,130081.74053886358,806.4076843065691,119.01000213623047,163.92513181217555,128433.46939144639,787.0955125621578,121.80000305175781,164.0445261393487,130081.74053886358,795.1340535689559,11397560.0,13091300.0,125.0,11704698.0
2024-10-21,120.72000122070312,164.96987915039062,127978.0625,797.927978515625,123.62000274658203,165.38777448150628,131689.48098291628,810.1819248045383,120.0,163.48235396031905,127796.70398251909,793.0754038184709,123.0,163.75598620564867,130691.07703308371,808.4663723240905,6622805.0,11384000.0,582.0,10359618.0
2024-10-22,117.62999725341797,165.98477172851562,126210.7265625,774.841552734375,121.43000030517578,166.63151123094954,129188.41924198065,800.7708551163644,116.73999786376953,163.84552725432798,125898.72535968554,771.9986132726441,120.80000305175781,163.87537583552393,129188.41924198065,797.9769793065807,12225415.0,11958600.0,353.0,16645356.0
2024-10-23,117.56999969482422,163.65647888183594,125299.6875,770.5281372070312,119.19999694824219,166.76086802015365,126797.69112824096,776.9981968684108,115.61000061035156,162.81371951175345,124935.41828274792,764.4501679238956,117.58999633789062,165.59671260428982,126797.69112824096,774.4493999917999,27091965.0,12754300.0,543.0,13866198.0
2024-10-24,120.97000122070312,163.70623779296875,123959.6875,778.9097900390625,122.4000015258789,164.2236385327271,125957.64197353357,781.3115753553931,117.0,161.9550551430686,123819.35714698653,769.2047009756573,117.55999755859375,163.76593495863472,125957.64197353357,770.5771069894755,19282830.0,12764400.0,374.0,5607500.0
2024-10-25,118.45999908447266,166.15391540527344,122558.0234375,765.5775756835938,122.45999908447266,166.56185106753804,124428.8295132075,784.9878150281925,117.0199966430664,164.4027177042704,121778.56640613216,756.8037379978327,121.13999938964844,164.53705149933973,123108.19077714274,782.2919467905059,12163925.0,14566400.0,635.0,9717125.0
2024-10-28,119.63999938964844,167.4971466064453,122858.640625,776.4590454101562,121.33999633789062,169.75180756716622,124168.10196042397,788.1248262816986,114.52999877929688,164.959910986279,122753.76141368643,768.1263618829754,117.22000122070312,169.7358812391113,122803.68160946264,768.3714408102454,18421050.0,20858300.0,336.0,13757251.0
2024-10-29,118.45999908447266,170.28314208984375,122380.859375,816.3088989257812,119.22000122070312,170.99953843556716,123402.72579776711,818.4165417897631,115.66000366210938,167.81556311145863,120563.41322028541,774.9395642381633,115.98999786376953,168.53692409934393,123402.72579776711,780.3313006117369,13248035.0,28916100.0,279.0,28274791.0
2024-10-30,118.41000366210938,175.25808715820312,,806.2606201171875,119.95999908447266,182.86977843625235,,816.6029382811352,116.80999755859375,174.8650606256114,,804.8881542706223,119.0,181.49669825774333,,811.701360020144,9043955.0,49698300.0,,15977682.0
2024-10-31,118.54000091552734,171.82537841796875,122267.2890625,804.054931640625,121.9800033569336,177.52668521221588,123502.51750636072,811.7013819677803,118.0,171.69602444339213,121405.91608468698,797.5358084437482,120.19999694824219,173.84521340267813,123502.51750636072,803.8588565381399,12171955.0,32801900.0,299.0,13402324.0
2024-11-01,119.47000122070312,171.7855682373047,123104.3984375,805.0352783203125,119.98999786376953,172.94972363049362,123439.76073759542,809.3486315724846,118.69999694824219,169.45728781570926,122903.11865720084,802.7805641392085,119.13999938964844,170.68112518874412,122903.51645874299,806.2116691468042,1981195.0,21752900.0,110.0,1637141.0
2024-11-04,117.0,169.825439453125,120690.7578125,813.5149536132812,119.38999938964844,171.0592365402909,123457.77955616423,821.0143925955531,116.44000244140625,168.6364304224058,120307.66712505318,791.2127716054617,119.38999938964844,170.38264842249774,123203.08516724862,806.5057323110566,7362355.0,16194000.0,255.0,14498161.0
2024-11-05,120.69000244140625,170.55177307128906,,832.4840698242188,121.4800033569336,171.23532981731773,,834.6407762413705,116.19999694824219,169.51697173206637,,809.9858134770826,116.98999786376953,169.97467524410524,,813.5149259169897,10442775.0,12518300.0,,26254561.0
2024-11-06,123.26000213623047,177.43711853027344,121267.5859375,837.9738159179688,125.4000015258789,177.74556395719833,121670.44190263838,844.4439351874554,121.0999984741211,174.1635827810619,119834.96997163424,829.543125158185,121.4800033569336,174.4720433903764,119834.96997163424,832.48407214421,15770245.0,27061500.0,636.0,15002433.0
2024-11-07,119.93000030517578,181.3673553466797,120765.640625,842.6793212890625,123.37000274658203,181.66585633668203,122357.99344096442,845.4242530166981,119.29000091552734,177.99432907915246,120069.40210713884,830.0332851169691,123.26000213623047,178.21322879299478,122357.99344096442,844.0517871528804,8998965.0,16730400.0,306.0,15283847.0
2024-11-08,117.80000305175781,178.95948791503906,119095.2109375,826.55322265625,119.87999725341797,181.43702659206625,121251.16277949515,846.5026236103943,117.33000183105469,178.6709465505944,117312.45935683379,817.7793850018238,119.80000305175781,181.08877287895749,121251.16277949515,842.6793683716584,5967530.0,15021500.0,653.0,26139105.0
2024-11-11,115.79000091552734,181.05892944335938,122824.5,830.964599609375,117.5199966430664,181.17335913689516,124800.48955115523,837.1895801654074,115.5199966430664,179.08884698841757,119832.63446389837,825.4257921537154,117.0,179.16844827317385,120207.73013527496,829.3470548242794,6219065.0,12503400.0,583.0,12621337.0
2024-11-12,111.58999633789062,182.4021759033203,120722.0546875,810.427001953125,117.41999816894531,183.1036328072383,125299.68978090635,836.6014431355901,111.0,180.08383973234555,120607.19143851384,808.0742203373242,115.95999908447266,180.47188650536924,123901.92431721496,835.7191350712344,12193540.0,14065800.0,429.0,11350729.0
2024-11-13,109.4000015258789,179.58633422851562,120455.5390625,792.7322998046875,119.5999984741211,181.70069485027344,121471.96106608612,815.3775681145983,108.26000213623047,179.21817640799486,119969.41774771604,788.8110370785578,112.0,181.2380114579533,120307.67388007362,807.1428924562375,62009870.0,13969700.0,193.0,13756706.0
2024-11-14,109.81999969482422,176.46205139160156,120469.9609375,788.4188842773438,113.41999816894531,179.541556582856,121605.5986070657,801.8982248540469,109.4000015258789,175.14865307038795,119809.51673816852,785.2818621400214,111.98999786376953,178.85002901621897,119809.51673816852,792.732297195377,15479225.0,17925800.0,224.0,9461484.0
2024-11-15,,173.01937866210938,,,,174.99942072991058,,,,171.88010711985848,,,,174.76061688007164,,,,21708900.0,,
2024-11-18,105.37000274658203,175.914794921875,120718.40625,798.2710571289062,111.4800033569336,176.02424477751563,120993.17011076365,800.623838726437,105.0199966430664,173.54670632659113,117811.75622847807,783.5173179107193,111.19000244140625,174.07903131458826,117811.75622847807,795.0360273075926,18324215.0,18662800.0,240.0,9322451.0
2024-11-19,104.81999969482422,178.6808624267578,122710.2265625,787.1934814453125,107.5199966430664,179.2679047110212,123885.02606564139,804.1529305358586,104.31999969482422,174.23920874165702,120671.18566563865,784.3505420744752,106.4000015258789,174.35761619975898,120710.02297981983,802.8785321341356,20120015.0,15392900.0,782.0,13677029.0
2024-11-20,,176.44215393066406,,,,178.21324069190095,,,,174.45216744096942,,,,177.93464379793505,,,,15729800.0,,
2024-11-21,95.2300033569336,168.3926544189453,123312.7265625,765.3814697265625,98.87999725341797,174.70090765512782,124004.84043451557,782.7820731049121,86.4000015258789,164.48232325308783,121578.40916667352,746.5593966407021,87.98999786376953,174.5765335052864,124004.84043451557,782.7820731049121,203774155.0,38839400.0,307.0,29486577.0
2024-11-22,92.08999633789062,165.7360382080078,124372.5546875,799.9866333007812,98.31999969482422,167.4225439255199,124594.90786473684,803.8098885516449,89.20999908447266,164.88034337851366,122346.49337871558,768.6165301838633,91.04000091552734,166.32308060039298,123312.72269081419,770.5281578092952,167468380.0,24497000.0,338.0,20665405.0
2024-11-25,89.33000183105469,168.58169555664062,124116.6640625,827.8275756835938,96.0,169.60655255064373,125802.01164710567,832.8761654605977,88.19999694824219,166.56186051570637,123862.06475321419,809.3976531392633,94.76000213623047,167.1489180596247,124803.73118749454,810.721055354177,171518630.0,21395700.0,222.0,23434605.0
2024-11-26,87.52999877929688,169.76573181152344,124011.3359375,822.8770141601562,91.08000183105469,170.63635084555315,125478.52693120933,830.0333067307656,86.6500015258789,168.58168749606043,123843.55311237514,819.1027628532369,90.05999755859375,168.64139984017382,124404.21763605367,827.3864424008906,72402990.0,14937500.0,108.0,8893744.0
2024-11-27,104.61000061035156,169.96473693847656,124348.953125,817.6812744140625,105.02999877929688,170.28312685119872,125162.07190930955,825.9159499554146,86.43000030517578,168.82048570810457,122877.57340990486,815.7206430788567,87.3499984741211,169.82542332257182,124011.33601554162,821.9946872850031,290478720.0,12433400.0,249.0,8375108.0
2024-11-28,112.19999694824219,,123464.1875,822.3377685546875,116.76000213623047,,124271.01924089564,829.1509743675217,106.01000213623047,,123256.01512936839,814.1521567162539,106.87999725341797,,123852.37343363509,817.6812691634748,303878045.0,,175.0,13505677.0
2024-11-29,110.95999908447266,169.6363983154297,124977.5546875,822.4358520507812,117.5,170.0144854122663,125172.99709142956,827.4354380874087,108.55000305175781,167.90510465950186,122607.03551748862,815.181492082223,112.19999694824219,169.20854333908335,123464.18649462025,824.5434948634407,229820320.0,9250700.0,207.0,10822949.0
2024-12-02,109.77999877929688,172.1139373779297,125176.0,819.93603515625,113.31999969482422,172.7308435500895,125259.71980560009,825.4257788732257,108.6500015258789,169.41751402774815,124138.63259234445,816.308855277593,111.41000366210938,169.46726672939872,125103.11470571814,822.4358281017708,65243080.0,16593400.0,131.0,6651119.0
2024-12-03,108.83999633789062,172.15374755859375,125324.21875,837.1405639648438,111.16000366210938,173.44724190416832,125534.33338556271,839.7383645454308,108.5999984741211,171.64629125137068,124803.5849947463,820.4261940455666,110.4000015258789,172.25323778062682,125175.99889237061,821.5045173305319,44378440.0,15721500.0,214.0,12186182.0
2024-12-04,107.51000213623047,175.20834350585938,126651.2734375,842.7774047851562,109.68000030517578,175.546637539585,126806.72409641279,846.9927502560289,107.08000183105469,171.88506996478583,125154.02829084682,833.562413429901,109.36000061035156,171.91491854526802,125402.63702188543,837.1405896069477,25326665.0,18239800.0,229.0,10749716.0
2024-12-05,107.48999786376953,173.43727111816406,130408.5078125,848.4142456054688,109.87999725341797,176.82025728032713,130794.15087184543,854.2961398822408,106.76000213623047,173.13877010644495,126575.14248050381,838.7580999342011,108.0,176.43221051980993,126651.27266374028,843.0715130039896,30731525.0,16145500.0,1248.0,14716036.0
2024-12-06,107.22000122070312,175.60635375976562,130368.3203125,846.649658203125,109.22000122070312,175.95360541178027,131900.1594332975,858.2173712226388,106.80000305175781,172.68107134880123,129841.35280331982,840.1305350189066,108.0,173.00942092374532,130594.46439648933,848.2181393525192,19996405.0,13319500.0,333.0,14520568.0
2024-12-09,107.18000030517578,176.4132080078125,131925.953125,841.1598510742188,108.83000183105469,177.34954989746097,132865.88000721333,849.7866170280626,106.83999633789062,174.71978848912806,131012.59380262747,840.0815277676334,107.80000305175781,175.033569343468,131792.56931017968,842.0911629301171,18745365.0,19887800.0,286.0,9630346.0
2024-12-10,105.36000061035156,185.806640625,131955.578125,850.423828125,107.55000305175781,187.3008236666633,132990.69905022765,851.8452977871689,104.68000030517578,181.96160898980182,131518.01675969397,841.1598332466929,107.4000015258789,183.8193820434649,132491.48471445352,844.8360169417576,17148985.0,34317400.0,284.0,7379849.0
2024-12-11,103.8499984741211,195.94717407226562,132234.71875,844.6399536132812,106.11000061035156,196.12646874446978,132553.4202688089,852.7275578551114,103.5999984741211,185.53768654697186,131243.52878969637,844.0027843308235,105.4000015258789,185.9759826785147,131792.57089909774,850.4238399742597,14744440.0,41664500.0,139.0,7006973.0
2024-12-12,107.97000122070312,192.8791046142578,131654.0,836.8955078125,112.36000061035156,195.94217667495153,133077.05720207456,847.2868300848979,102.69999694824219,192.53045584003257,130795.14857490422,834.3957147957527,103.8499984741211,195.53874848742487,130795.14857490422,844.5419581482005,127516560.0,25197800.0,156.0,8845103.0
2024-12-13,107.31999969482422,190.63784790039062,132883.5625,844.5909423828125,108.94000244140625,193.58636073560123,133195.36863462062,845.91440442009,106.4000015258789,190.51830291544877,130774.63166983264,818.5635736543202,107.91999816894531,191.96269208633942,131692.73357750056,835.8171052852829,30408855.0,18883200.0,232.0,9379370.0
2024-12-16,105.9800033569336,197.39154052734375,132403.171875,844.0028076171875,107.87999725341797,199.8619188484649,133290.22895701366,849.3455401092758,105.45999908447266,193.35724335963644,132057.01353109468,840.9147892516194,107.80000305175781,193.6112593352628,132906.5827362142,842.8754206370667,13110485.0,32248600.0,180.0,6432713.0
2024-12-17,104.91999816894531,196.35556030273438,130717.0703125,833.8074951171875,108.31999969482422,202.09323264899297,132043.1863551146,845.6202871717958,104.4000015258789,195.92723514612658,130366.0290420934,830.37639021472,105.80000305175781,197.76009594579685,131992.3132957067,841.6500206085419,24594885.0,24129500.0,199.0,8791216.0
2024-12-18,104.2300033569336,189.41259765625,130109.9296875,821.651611328125,105.97000122070312,197.9194882921804,131291.913173475,835.2289595659852,103.5,188.54597635525514,129967.24799699598,820.5242243623587,105.19999694824219,196.0667007110212,130993.83542796219,834.2486438857434,14877645.0,27638400.0,116.0,8295338.0
2024-12-19,101.66000366210938,188.96434020996094,129624.953125,816.4068603515625,103.29000091552734,193.8453471258527,129953.38156632347,821.5045136920517,101.33999633789062,188.78504554591882,128798.30096125274,804.0549071102052,102.0,192.53045879108183,129196.67401327203,808.3682600646816,17915005.0,26981200.0,72.0,9453398.0
2024-12-20,99.58000183105469,192.21170043945312,127808.5,796.016357421875,105.4000015258789,193.38213158489262,130294.93833930364,819.5439344885314,98.20999908447266,185.6472451593918,127499.33812972471,794.0557259996536,102.27999877929688,186.28476260696812,129973.49111654486,818.4656111397987,40395295.0,45319700.0,65.0,10244198.0
2024-12-23,100.81999969482422,195.22994995117188,130132.734375,804.9862670898438,102.0,195.72801093509787,130229.38694355551,807.780142922531,98.93000030517578,190.88685756335263,127882.02670481359,796.2124295415985,100.9800033569336,193.2775442063514,128430.21860744554,801.2120157160039,19857165.0,15235900.0,109.0,4933200.0
2024-12-24,99.19999694824219,196.80384826660156,130167.4921875,796.0653686523438,101.95999908447266,196.90345135565406,130806.33832523305,809.9368600271976,99.0,194.44103743196277,129729.82942462698,793.2714927831553,101.19999694824219,195.40926822331525,129824.38373875745,808.0252324059893,16404780.0,6809800.0,110.0,10602771.0
2024-12-26,101.43000030517578,196.33566284179688,131039.015625,796.45751953125,103.16000366210938,197.39154978666022,131193.5224560508,806.6527671299033,99.12000274658203,195.11042177216143,129930.40883162897,792.0951026058469,99.5999984741211,195.977058294521,130418.09441780412,796.9966812110812,33516140.0,7907900.0,193.0,8318714.0
2024-12-27,101.3499984741211,193.28750610351562,131250.828125,783.9094848632812,102.75,196.03681255000853,132441.54777914044,802.1923370345046,100.87000274658203,191.2275326178882,130446.08690969973,781.507699396533,102.0999984741211,195.70809046620545,130446.08690969973,800.2317056059302,23359700.0,14693000.0,211.0,10649800.0
2024-12-30,107.88999938964844,191.9427490234375,130883.8125,772.7828369140625,111.77999877929688,193.02851834654408,131393.2139312425,792.0460639180922,100.30000305175781,189.62178295869177,129582.96133640487,769.5478071437691,101.5999984741211,190.12482942840555,130445.70511649517,786.2131736679016,74074430.0,12209500.0,45.0,21515438.0
2024-12-31,105.88999938964844,189.7014923095703,130435.5703125,779.3019409179688,107.4800033569336,192.5005929366326,131198.56481401998,783.4682824464205,104.72000122070312,188.84482670843943,129361.45608038484,770.5281038501324,106.5999984741211,191.6987219539804,130794.15440554492,771.4594156879419,22360080.0,14355200.0,55.0,9086044.0
2025-01-01,105.33000183105469,,129082.703125,777.58642578125,106.87000274658203,,130435.57399695169,782.9291583169418,105.0,,128816.0212624472,773.9592457218257,106.19999694824219,,130435.57399695169,779.8901437444632,15319270.0,,112.0,7273098.0
2025-01-02,104.36000061035156,189.89076232910156,128998.7265625,785.428955078125,105.95999908447266,192.45078824309232,129689.93558465487,786.6053458912669,104.0,187.97820970552254,127798.86495345458,771.508460095677,105.80000305175781,190.74244247562584,129227.07031083053,779.3509857383269,10282760.0,17545200.0,153.0,11398319.0
2025-01-03,104.08999633789062,192.38104248046875,126221.8984375,777.782470703125,106.44999694824219,193.74572472649058,129783.09849667373,793.5655289387714,103.61000061035156,190.60794657554771,125803.01080922245,776.557076124776,104.5999984741211,191.97761429533654,129694.88576366208,785.4289209052785,14825280.0,12875000.0,258.0,13336514.0
2025-01-06,99.66000366210938,197.19232177734375,122723.703125,761.1171264648438,104.0,198.78610788965761,126750.51397486246,781.8997712481304,99.19999694824219,194.3035587994232,122091.24539224905,757.9311004689307,103.80000305175781,194.3932061333201,126750.51397486246,781.7037559768974,14935440.0,19483300.0,755.0,11419367.0
2025-01-07,101.97000122070312,195.94717407226562,120975.6015625,763.4208374023438,104.29000091552734,201.35610947838407,123834.1026871838,768.4204234473491,99.51000213623047,195.18015584206566,120575.23168789357,759.5975823088309,99.79000091552734,197.501122029833,122757.79664023685,764.4991607191188,28033985.0,16966800.0,570.0,9669152.0
2025-01-08,100.98999786376953,194.6322784423828,119708.5546875,755.970458984375,102.88999938964844,196.87355295931474,121958.01446676358,768.5184876953866,100.58000183105469,192.99863895802596,118912.85384389329,745.1379228760546,102.88999938964844,193.19786031960788,121958.01446676358,765.5285368443842,11560550.0,14335300.0,235.0,15641490.0
2025-01-09,99.58000183105469,,118728.6875,745.4810791015625,101.76000213623047,,120353.2322968876,756.1664842319951,99.26000213623047,,118554.71130983354,711.9542705064919,101.4000015258789,,119911.27942033442,755.9704689607948,8617130.0,,466.0,15351029.0
2025-01-10,96.45999908447266,192.42088317871094,116910.7109375,728.61962890625,100.58000183105469,196.8536229987654,118990.73430533858,748.3730137848589,95.69000244140625,190.85697955663122,116816.15662055594,727.4432381239155,99.5999984741211,194.66215765847485,118313.8464554976,745.3830030949237,18192045.0,20753800.0,442.0,11779296.0
2025-01-13,89.9800033569336,191.54429626464844,112839.7109375,715.1403198242188,95.58999633789062,191.74353282805677,116915.99884392697,729.3058939862478,89.0,187.92838367294684,112575.53294801145,708.2781097642194,95.20999908447266,190.60795433486177,116915.99884392697,726.9041084985033,26848140.0,13169100.0,417.0,10414733.0
2025-01-14,107.4000015258789,190.3091278076172,114065.984375,733.4232177734375,107.97000122070312,192.52052005726506,114558.91173705923,742.0989878190752,91.98999786376953,188.90459201669714,112515.52602952611,718.5224071080802,92.0,191.75350179419556,113820.87013274046,718.5224071080802,255567115.0,13651200.0,608.0,11960975.0
2025-01-15,109.88999938964844,196.2161102294922,113989.703125,738.8639526367188,114.37999725341797,197.03293757748568,115617.04043843955,743.9616062267667,104.5999984741211,192.58027095513168,113548.04664705486,735.2367725918546,107.98999786376953,193.59631966617226,114773.46962336506,738.3247909702291,195594835.0,12894900.0,288.0,7792299.0
2025-01-16,112.5999984741211,193.6560821533203,114236.921875,751.2158813476562,119.68000030517578,196.21610779593715,115118.8308388649,761.4111881866247,111.27999877929688,193.54650812506105,114020.55925237096,745.4320548303559,117.0,195.06558809902253,115018.98796736545,745.4320548303559,107817170.0,13449600.0,130.0,11816079.0
2025-01-17,110.26000213623047,196.78390502929688,113686.9296875,749.0592041015625,114.70999908447266,198.03901328310783,114719.40632568806,752.8334554551853,109.0,194.55258626735076,113298.3927341907,744.4517681682984,112.58999633789062,197.28196603154788,114719.40632568806,751.215910613101,51450090.0,22109100.0,126.0,5766573.0
2025-01-20,108.76000213623047,,113556.078125,763.9110107421875,110.81999969482422,,114220.2359738465,769.5478260283826,107.80000305175781,,112051.29796609384,752.735387806503,110.25,,114220.2359738465,753.8627747972309,23244770.0,,231.0,9198929.0
2025-01-21,105.75,198.8558349609375,111934.3359375,744.1085815429688,109.94999694824219,203.04949996870735,115082.38149265262,769.4497769744905,105.25,198.66656935353225,111662.21732715605,741.1676345954302,109.0,199.73241196420346,113820.82008333744,769.3517095093413,19737435.0,19005200.0,301.0,13751780.0
2025-01-22,105.08999633789062,199.25428771972656,111363.6328125,738.6188354492188,106.5999984741211,201.3361791069415,112910.30020846847,747.9808379018228,102.70999908447266,198.4275046138818,110373.19158260115,723.4729467516976,106.18000030517578,199.77227542933375,112910.30020846847,747.0005222558178,17530055.0,15477400.0,439.0,9908339.0
2025-01-23,104.36000061035156,198.8060302734375,111515.09375,731.2174682617188,107.58999633789062,201.15687879775032,112023.69173156006,740.7755458622017,103.73999786376953,196.05673902959322,110480.2224801269,728.4725365710152,105.05000305175781,199.204472992969,111374.71312527206,735.2367384986907,21688545.0,15170800.0,174.0,10986405.0
2025-01-24,102.97000122070312,201.11703491210938,111292.890625,729.501953125,105.76000213623047,201.78445005827487,112820.3928439874,738.8639561065576,101.80000305175781,199.00924333890612,111120.11566865785,724.4533033293378,104.51000213623047,199.0749968784714,112820.3928439874,735.138768408009,24715855.0,12732400.0,162.0,10579213.0
2025-01-27,99.37999725341797,193.01856994628906,111050.7265625,734.4525146484375,102.97000122070312,197.89956181185707,111423.5928644567,740.4814201410142,98.5999984741211,191.95271207871966,109926.99510931621,721.4143281559363,102.97000122070312,193.43693937479924,111423.5928644567,725.4335984843208,17194780.0,24970200.0,167.0,11433353.0
2025-01-28,99.44000244140625,196.30577087402344,112691.9375,737.5895385742188,101.37000274658203,196.46513884315854,113084.52275758673,744.7948348595096,96.62999725341797,191.86306004269633,111125.10657030706,730.7273288420482,99.47000122070312,193.89514224561265,111125.10657030706,742.0989667504426,23465370.0,15939200.0,411.0,14140860.0
2025-01-29,104.55000305175781,196.4153289794922,112148.8984375,743.5204467773438,105.58000183105469,197.69037912518527,112789.74144091757,745.8241647145189,99.37999725341797,194.43305592406392,111519.34235821482,735.0406921284334,100.58999633789062,196.6045945917345,112706.32584542909,738.1777143020389,39168425.0,12287800.0,167.0,9251973.0
2025-01-30,101.76000213623047,201.8441925048828,112394.2109375,747.5887451171875,104.9000015258789,202.44983634357547,113415.15101507775,749.9415267817568,101.0,198.69843469262187,112028.68465527447,739.8932906386025,104.80000305175781,198.98531221637543,112028.68465527447,743.6184784127346,22191010.0,14571500.0,165.0,11085824.0
2025-01-31,102.63999938964844,204.8026885986328,113424.6953125,757.68603515625,103.2699966430664,206.2769448978368,114371.40069983591,762.2444673012822,100.8499984741211,202.79051790943333,111846.52279079058,744.5497807267266,101.69000244140625,202.9249889071245,111846.52279079058,749.8435094869757,19061955.0,17060300.0,161.0,10083763.0
2025-02-01,102.86000061035156,,113928.3984375,750.9218139648438,107.3499984741211,,114309.49396789192,763.4208389361906,101.79000091552734,,112258.2769359081,737.3444656745553,102.63999938964844,,113424.69119041997,759.548580017539,34398360.0,,195.0,9363077.0
2025-02-03,100.44999694824219,201.8541717529297,113470.0703125,745.9712524414062,103.1500015258789,204.4241684677796,114619.61273599067,747.7848125737272,99.6500015258789,200.87797639910207,112914.29654650397,738.3248018604113,101.80999755859375,201.4308168414441,114419.88019817232,747.7848125737272,14767720.0,16719500.0,147.0,7862190.0
2025-02-04,101.2699966430664,206.90451049804688,114689.9453125,763.8619995117188,102.5999984741211,207.89066156549822,114819.2886171093,765.8716347144651,100.23999786376953,203.4678773853658,112962.21142730214,750.5787338459753,102.5999984741211,203.7069521409136,114095.42788452317,751.9021360972733,14110900.0,28285400.0,126.0,12020807.0
2025-02-05,101.08000183105469,192.55038452148438,114887.1484375,750.9708251953125,103.1500015258789,193.79553701425183,115168.75213613587,766.6068724766379,100.61000061035156,189.17353156908362,114320.08772941098,749.9415056836675,102.19000244140625,192.35116316256466,114919.14495768737,764.6462410892296,17895145.0,43666400.0,250.0,13419162.0
2025-02-06,100.69000244140625,192.56033325195312,113859.15625,737.4424438476562,102.2699966430664,193.0783209259593,115318.25830434375,755.6762909086074,100.29000091552734,189.7512772344421,109827.15039190832,735.2857374622155,101.87999725341797,190.24933821339792,114644.66998246213,753.8627308990996,11944400.0,20816600.0,1147.0,32745391.0
2025-02-07,98.81999969482422,186.41427612304688,112703.8671875,722.688720703125,101.33999633789062,192.26649305045316,114919.13061984385,744.9418982807152,98.19999694824219,184.3821938692764,111324.83449997254,717.3459883584466,101.0,191.9925655719954,111324.83449997254,744.8438308139157,21926810.0,29565700.0,262.0,37240692.0
2025-02-10,98.27999877929688,187.4701690673828,110909.1015625,722.2965698242188,99.80000305175781,189.25323607051806,113797.8599706985,729.256846944206,97.62000274658203,186.88246069858877,110725.74169367157,718.963532464286,99.0,188.32683464886526,113797.8599706985,725.4335919181764,13177560.0,16606000.0,420.0,12667049.0
2025-02-11,99.62999725341797,186.34454345703125,108519.4609375,716.7088012695312,102.37999725341797,188.06783020214885,111623.32604213867,725.5807064311172,97.62000274658203,185.35837723892726,108329.50988445376,712.2483766958933,98.81999969482422,186.11045418705976,111623.32604213867,722.9338420118377,60082935.0,13028100.0,597.0,13017060.0
2025-02-12,100.3499984741211,184.7108917236328,109266.1796875,718.7184448242188,100.9800033569336,186.1054716174257,110725.68732659008,724.1591847308209,96.48999786376953,182.917884316723,106332.6481931896,703.0333943785369,100.06999969482422,184.51167036726673,108140.80242678459,718.7184448242188,31586455.0,17632300.0,363.0,12697743.0
2025-02-13,99.62999725341797,187.15142822265625,109530.4609375,713.3267211914062,101.23999786376953,187.2610022635208,110126.7177978841,722.9828066071801,98.62000274658203,184.1630618713877,109062.29934223839,711.8562476864424,100.5999984741211,185.2089779346379,109327.9281425356,719.9438519637431,17541020.0,12729300.0,252.0,12370571.0
2025-02-14,97.7300033569336,186.14532470703125,109292.09375,707.9349975585938,100.30000305175781,187.42035972936003,110627.92647388081,718.4733911976853,96.80999755859375,185.38827741240368,107700.55488413149,702.1021072520733,100.0999984741211,186.10548651241567,110627.92647388081,716.5617636405941,16464635.0,12714200.0,345.0,10417539.0
2025-02-17,98.05000305175781,,109746.140625,713.375732421875,98.9800033569336,,110051.46534722492,714.4050519193028,94.43000030517578,,107747.27853133756,697.5436102537428,96.12000274658203,,108831.70314450067,704.8959778549706,19312090.0,,156.0,9093600.0
2025-02-18,96.94999694824219,185.0794677734375,108883.3203125,711.5131225585938,98.87999725341797,187.0517850469982,110179.61253399155,713.9149079885333,96.30000305175781,182.868075751718,108632.00583324222,703.2294429330741,98.19999694824219,186.7131072201513,110179.61253399155,713.3757463206829,12557390.0,19796000.0,73.0,8562003.0
2025-02-19,96.51000213623047,186.4043426513672,109351.796875,712.9835815429688,97.7699966430664,186.63344648979967,109635.06195901963,720.3849529544706,94.5199966430664,184.7806586842265,108334.92405410773,707.8369242269698,95.73999786376953,185.46299992451782,109231.03830349293,707.8369242269698,15965450.0,13120500.0,316.0,6766606.0
2025-02-20,96.86000061035156,185.9162139892578,109755.9765625,715.3363647460938,99.0,186.3943483049828,110248.65998970573,717.100921006022,95.47000122070312,183.88413174771472,108782.77839044695,709.1113242684337,96.0,185.77675751385402,108782.77839044695,710.6308614417115,18905435.0,12063800.0,152.0,7423268.0
2025-02-21,95.7300033569336,180.87582397460938,108992.5,707.7879028320312,98.08999633789062,186.74298160248426,110151.11455916552,717.2969766512275,95.0,180.42757214082488,108732.60502866535,705.8272715222472,97.0,186.5636717492017,110126.90200165838,712.983563836215,11697470.0,19520800.0,52.0,6571602.0
2025-02-24,94.0199966430664,180.4873504638672,108710.8828125,702.2981567382812,95.70999908447266,184.37222024540685,109330.92394280578,705.5821902376468,93.5999984741211,180.1785550709263,107985.05215661543,696.5142704603655,95.58000183105469,183.08722953293318,108992.49418637152,696.5142704603655,9630520.0,18734000.0,125.0,6912148.0
2025-02-25,99.55999755859375,176.68215942382812,107006.875,696.9064331054688,102.95999908447266,180.05901249422945,109036.38498181339,704.7979622750793,93.9000015258789,176.08449532618422,106834.78955225523,696.0241250697796,94.0199966430664,179.45636292256336,108756.36488285408,704.7979622750793,126181300.0,20832500.0,202.0,8599635.0
2025-02-26,,174.02252197265625,,,,177.38941942120738,,,,172.91682587088818,,,,176.2588263476241,,,,23637200.0,,
2025-02-27,99.44999694824219,169.5499267578125,105402.90625,690.0442504882812,102.44000244140625,175.90517457404238,107470.41223996869,703.5725952859297,98.12999725341797,169.09369511454358,105064.67927499513,687.2993186401222,100.5999984741211,175.25770137508286,107134.93101900443,701.9060466163252,44184170.0,25930500.0,225.0,12033139.0
2025-02-28,95.79000091552734,171.55213928222656,105271.40625,675.241455078125,100.30999755859375,171.83105223800592,105585.67025669909,687.5444053811439,94.5999984741211,167.73699003756792,103656.5519774908,669.1634856554016,99.0,169.63958678561835,105585.67025669909,687.1033111747046,33023660.0,30049800.0,141.0,15780609.0
2025-03-03,96.62999725341797,168.0059356689453,104932.9296875,681.6134643554688,99.4000015258789,174.32134533191982,105989.8889038427,683.6721631354309,94.80999755859375,166.98988700026132,103839.41762327698,666.6146467698901,97.5199966430664,173.05626616990452,105211.1946773494,676.5648746220754,29216705.0,24122000.0,373.0,10598479.0
2025-03-04,96.6500015258789,171.9406280517578,102468.390625,701.9550170898438,97.66999816894531,174.4857125995133,105007.6123154599,704.3077986097232,95.26000213623047,166.89028195089057,102341.73492758999,678.4764450422322,95.98999786376953,167.28873989157168,105007.56551283722,679.3587530706169,13614020.0,30711400.0,319.0,14386214.0
2025-03-05,101.11000061035156,174.3114013671875,105670.6328125,715.9735107421875,102.33999633789062,175.0684486462283,105834.28598150222,716.9048225760387,96.80000305175781,170.26713311442498,100344.82202309955,702.8863207536921,96.80000305175781,171.65175734257568,102839.71380449478,703.425482394221,42530870.0,18848000.0,366.0,10409805.0
2025-03-06,100.62999725341797,173.534423828125,107608.84375,717.6400756835938,102.11000061035156,176.04464037532372,107944.07534806228,722.2475713084986,100.12999725341797,171.83901308441207,106437.40526176001,712.6894935069948,101.5999984741211,171.88085762667328,106824.20555152906,721.5123345545368,17804145.0,19082400.0,484.0,10928847.0
2025-03-07,101.2300033569336,175.06845092773438,107034.03125,718.3262939453125,102.30999755859375,176.21398520957717,108548.14297809968,720.3849328808595,99.80000305175781,171.58202373998432,106834.79247449011,713.6697945986864,100.9800033569336,172.57018119468756,107608.84549192795,717.6400610222238,19450080.0,16395300.0,163.0,7246729.0
2025-03-10,101.01000213623047,167.34967041015625,106392.46875,714.5521240234375,107.12999725341797,169.98242789879407,108031.88658778192,723.9631306303024,100.16999816894531,165.11083364000163,106105.16305555654,712.2973500895013,101.2300033569336,169.6932301062815,108031.88658778192,718.3263154629034,59513285.0,28990700.0,139.0,7400109.0
2025-03-11,102.02999877929688,165.52467346191406,106401.2109375,715.4833984375,102.62000274658203,168.19233834954707,106560.31645887796,719.6007363944591,99.51000213623047,162.79219966682945,105384.93095256464,708.4741769972491,100.19999694824219,166.22275015347105,106485.03443765824,710.6308835302965,23043220.0,23705900.0,193.0,5538789.0
2025-03-12,102.47000122070312,168.5364227294922,107098.5859375,708.8172607421875,104.12000274658203,169.06496768992824,107259.13454023935,722.4926768362947,101.19999694824219,165.02607404266914,106142.81394272557,704.8959979099689,103.19999694824219,168.00787776905614,106535.3007513658,716.2186323712558,20615490.0,19880100.0,275.0,5547762.0
2025-03-13,102.4000015258789,164.2781219482422,104171.7578125,713.5227661132812,105.45999908447266,167.65882217030887,107352.9399173134,717.0519385721029,102.05000305175781,163.6199439708421,101854.94215530546,710.2387324158618,103.37999725341797,167.5192068154746,107352.9399173134,711.6111983443574,25513065.0,15206200.0,319.0,5908337.0
2025-03-14,,167.16018676757812,,,,167.78846344663302,,,,164.05871738434496,,,,164.86151705390753,,,,18611100.0,,
2025-03-17,102.23999786376953,166.1130828857422,105228.125,708.915283203125,103.6500015258789,167.99789774713304,106535.20527133411,716.8558160007225,101.69999694824219,165.3551579314285,104877.61235122252,708.0819790039528,102.38999938964844,166.86600146939315,106535.20527133411,714.5520981665495,15531785.0,17839100.0,203.0,5149563.0
2025-03-18,102.23999786376953,162.22378540039062,107665.0546875,708.915283203125,102.23999786376953,165.9834483433943,107833.24772043896,708.915283203125,102.23999786376953,158.36440589305724,105636.64452613372,708.915283203125,102.23999786376953,165.504769270585,105636.64452613372,708.915283203125,0.0,24616800.0,343.0,0.0
2025-03-19,104.19999694824219,165.82388305664062,109796.9140625,730.4331665039062,105.4000015258789,167.67179700457908,109930.0051265518,734.5505041985215,102.87000274658203,162.60274739553324,107933.09313515213,724.551272606947,103.75,163.46536491130865,108156.39625850291,725.0414304316936,18174890.0,24955700.0,305.0,7604850.0
2025-03-20,103.93000030517578,164.59725952148438,110902.796875,734.7955932617188,105.4800033569336,166.57182398432158,111574.56274427514,737.8836115337692,102.86000061035156,162.69249513101892,109952.9220107613,729.5509283979652,105.13999938964844,163.3756136941133,110598.96983789708,733.2761159507572,12460085.0,19981500.0,400.0,6963197.0
2025-03-21,104.41999816894531,165.7939453125,111946.6328125,738.373779296875,108.30000305175781,166.01334302891465,112525.98688427998,740.7265010195747,103.62000274658203,162.58277715435602,111028.349744344,732.2958101375568,104.19999694824219,162.93182312599697,111028.349744344,735.1877533491547,39309170.0,29882100.0,277.0,9577327.0
2025-03-24,104.79000091552734,169.46385192871094,113889.7265625,765.4304809570312,107.4800033569336,170.03229564643644,114113.52890041792,767.5381836299999,104.4000015258789,166.98069207130337,112725.62834706025,740.236355685803,105.4800033569336,168.80068280829667,113223.904661637,743.0792951283579,17588845.0,18742800.0,534.0,12095064.0
2025-03-25,101.54000091552734,172.31600952148438,114087.71875,757.636962890625,105.58999633789062,172.43569069454404,115980.2920010833,770.52813824643,101.01000213623047,170.0821638501357,113361.64626424391,754.05884649493,105.4000015258789,170.71042533673634,115820.89006893362,768.4694992151382,17586390.0,13841600.0,548.0,15190143.0
2025-03-26,99.56999969482422,166.68150329589844,114083.53125,748.961181640625,103.16000366210938,171.46833904684703,115820.8914239829,760.7739736513279,99.19999694824219,166.4032617058507,113823.97950287974,746.4613886162912,101.80000305175781,170.83009529451596,114087.72008477201,756.8037071028305,18561780.0,22498000.0,242.0,7711852.0
2025-03-27,103.9800033569336,163.62989807128906,113216.96875,757.0977783203125,104.69999694824219,166.98068153823098,114003.10463610048,760.528883157817,98.47000122070312,163.40053326732718,112326.29920170493,745.5300654063271,99.4000015258789,166.2526883327416,113674.21479212538,748.765095143516,36621845.0,21571200.0,259.0,15648616.0
2025-03-28,101.86000061035156,155.63189697265625,112426.0390625,756.3135375976562,105.11000061035156,163.36063733153796,114521.8995165196,763.2737549045355,101.51000213623047,154.91288174399585,112019.0668553892,751.9021170931981,104.4000015258789,161.914617985198,113216.96438670982,756.9017030647627,25871235.0,34866500.0,377.0,7628185.0
2025-03-31,,155.8014373779297,,,,156.69897769591987,,,,151.79247569514342,,,,154.38533444093966,,,,33591600.0,,
2025-04-01,100.94000244140625,158.44418334960938,112790.28125,756.5096435546875,102.63999938964844,159.64088860290096,114126.71455418061,767.3421201573958,100.31999969482422,154.82912703672736,111775.99820164072,748.1769600397238,101.56999969482422,154.87400177182084,112209.42949452218,751.7060726537488,11794865.0,20111400.0,105.0,7011125.0
2025-04-02,102.70999908447266,158.42422485351562,114888.4375,760.6759643554688,103.5999984741211,159.83533661020232,115022.1291959832,761.7052838533914,100.37000274658203,156.10061455152714,112679.75146079417,749.2552627425828,101.54000091552734,156.5294429126843,113224.90842729597,757.0977881876627,15972735.0,17113300.0,135.0,5458436.0
2025-04-03,105.7699966430664,152.21133422851562,114649.65625,763.8619995117188,107.61000061035156,154.26268338948154,114877.99844885264,769.2537358201085,101.62000274658203,151.76255642428285,113724.13437339474,754.7940793566994,102.0,152.415773730749,114521.25325285883,754.8430831745769,41657105.0,28416100.0,124.0,7956680.0
2025-04-04,106.51000213623047,147.33473205566406,113060.859375,752.34326171875,107.9800033569336,152.67004705701973,114902.95596445524,767.4891505617313,104.33999633789062,147.13526851271615,112671.46156194828,749.9414763962274,105.5999984741211,149.488795280342,114622.74086753502,763.7639032041603,44705885.0,39832200.0,190.0,8231194.0
2025-04-07,101.98999786376953,148.8306121826172,110266.3828125,732.1978149414062,103.0,154.5049906637876,110618.93918281814,738.8639496862081,92.4000015258789,142.26866053002584,107222.83933958705,715.6304557983397,92.4000015258789,142.9966537424444,109630.46775226493,715.6304557983397,39423010.0,47823000.0,281.0,14923235.0
2025-04-08,102.70999908447266,146.17791748046875,112424.046875,753.4706420898438,105.08999633789062,154.0163572830598,113032.41079385839,758.764370936846,101.5999984741211,144.81168040387425,111327.84359665905,743.2263906334504,105.0,153.15372459087558,111627.38039557383,745.0399507907015,19084945.0,35304400.0,352.0,12911288.0
2025-04-09,101.69000244140625,160.61817932128906,112818.53125,727.59033203125,102.80000305175781,161.42595490236522,113158.0062672577,752.8334615673064,101.0,145.41001297471655,111193.04499089545,726.4139412123398,102.58999633789062,145.9285907764552,112825.47363890991,751.9021496759307,9316855.0,46479500.0,308.0,11319387.0
2025-04-10,,154.94378662109375,,,,159.59100703537513,,,,151.7824843406383,,,,158.32448661840758,,,,35270500.0,,
2025-04-11,103.6500015258789,158.96273803710938,117417.0234375,739.0109252929688,104.86000061035156,159.4214828900061,117865.22875335133,744.7458077183372,102.8499984741211,155.15821588311775,113624.28710588011,731.3154714106737,103.7300033569336,155.15821588311775,113624.28710588011,744.0595747998677,15982600.0,22582000.0,592.0,9360327.0
2025-04-14,,161.02706909179688,,,,163.5800442613397,,,,159.48131788958594,,,,161.8647612161283,,,,18255900.0,,
2025-04-15,108.44000244140625,158.24472045898438,122699.40625,748.4710083007812,110.88999938964844,161.60548662047464,122942.88130302393,755.5292930373557,104.48999786376953,157.2125711136264,117563.84787018222,742.1969641274441,105.19999694824219,161.12680756053086,117563.90247324412,754.8430601068783,40275730.0,15690800.0,1063.0,7859090.0
2025-04-16,109.11000061035156,155.0734405517578,124260.7890625,756.5586547851562,109.55000305175781,157.7460816121238,124562.11994202064,759.4996019368964,107.62000274658203,153.48780580846912,119534.34830352658,745.5301029661306,108.5999984741211,155.04352406353968,123476.94655433562,748.4710501178707,13507195.0,16921500.0,513.0,12536694.0
2025-04-17,109.94000244140625,152.93931579589844,126311.0703125,781.7527465820312,112.2699966430664,156.63914551785228,126503.37449476833,785.2328552596965,108.43000030517578,150.48605717451858,123795.60867353744,752.0491936119853,109.54000091552734,156.1804006573908,123808.54179868249,756.8037006997325,32955080.0,19513400.0,364.0,27034818.0
2025-04-21,113.80999755859375,149.4489288330078,126544.5078125,800.6238403320312,117.11000061035156,150.64563414321242,127802.35947724263,808.1232195009724,109.80999755859375,147.99292697402092,126290.4943826894,785.6250221604275,110.25,150.55089351453177,126503.36830786847,787.1935033394458,49675500.0,16147800.0,400.0,16398507.0
2025-04-22,114.66999816894531,153.4778289794922,127374.4765625,806.211669921875,115.94999694824219,154.18588806543661,128884.68799115399,819.0537818863039,113.75,150.45614182614645,126254.75501596961,797.9769939622398,114.80000305175781,150.6556053772964,127303.13376461942,804.986275275127,19810145.0,15910300.0,293.0,25117557.0
2025-04-23,115.87999725341797,157.28736877441406,127760.578125,797.4378051757812,116.83999633789062,159.5810628232613,128448.06966828882,814.6423334645151,114.80000305175781,155.92113161014544,126393.79329804673,794.1537117339047,115.4000015258789,157.47685003131366,128211.73201833632,809.740755044151,21212725.0,18575700.0,224.0,12104382.0
2025-04-24,115.16999816894531,161.02706909179688,129725.84375,797.3887939453125,116.9800033569336,161.26641622029112,130143.74437918184,802.8785377915959,114.25,157.65633597926455,126951.1813913232,795.1830836766543,116.0,158.0901402859029,128775.81288746756,796.7515648231008,14521505.0,30787500.0,289.0,12713521.0
2025-04-25,109.87000274658203,163.40054321289062,128464.4921875,782.9291381835938,117.11000061035156,167.77850023609406,130592.84935403349,802.8785382468371,108.8499984741211,162.55286879192676,127253.2168544764,771.508436630355,115.38999938964844,166.64162802009162,129499.99246237586,798.9572755447768,38828540.0,35148100.0,875.0,13131038.0
2025-04-28,110.55000305175781,161.97445678710938,129952.9375,801.260986328125,111.5,164.4975154163947,130148.73627668784,806.6037186789465,108.25,159.9400594955455,128003.10119010104,781.7037366423766,109.61000061035156,163.80940575078378,128003.10119010104,782.9291312258807,19832845.0,20871200.0,752.0,11317611.0
2025-04-29,109.7300033569336,161.61546325683594,132589.125,796.5554809570312,112.4000015258789,162.23375771315298,133030.19294773773,812.6816855994211,109.2699966430664,158.9527889542957,130612.62670130115,793.075372315961,111.5999984741211,161.60050501085837,130782.76204736983,803.858844621864,14598175.0,15955200.0,722.0,11283059.0
2025-04-30,106.41000366210938,160.4486541748047,134443.1875,773.1259765625,110.3499984741211,160.93132003878804,135450.37995283236,795.5261656735474,105.25,156.7238992270367,131849.51092521238,769.0576426012298,109.95999908447266,159.4214808354622,132588.96117117503,795.5261656735474,26027090.0,20639500.0,648.0,25635764.0
2025-05-01,,162.3434295654297,,,,163.4902840282257,,,,160.4885312883131,,,,162.07418118265323,,,,21904300.0,,
2025-05-02,105.27999877929688,165.35516357421875,134201.0625,781.0175170898438,108.72000122070312,166.24272160342787,135522.37856498812,787.5856441366993,104.80999755859375,163.2110673335134,129619.5536883221,773.4690743593894,105.9000015258789,164.50251318845105,134444.09292281582,774.7924765987593,18021060.0,16844900.0,633.0,14720184.0
2025-05-05,111.29000091552734,165.59449768066406,135979.375,774.4494018554688,116.87000274658203,166.64162038300333,137598.21534262077,783.2722431424297,105.0999984741211,164.01883008211257,135720.5720930388,766.606876267059,105.5999984741211,164.06370481289306,135849.8253382117,766.606876267059,136045365.0,15309300.0,281.0,23986447.0
2025-05-06,107.20999908447266,164.74684143066406,134756.015625,758.8623657226562,113.0999984741211,166.2826256209725,136968.9840512113,783.4193220780548,106.5,162.6825275029046,134360.6738680005,755.9214185982945,111.9800033569336,163.51025257901807,136289.23835474215,778.3216684290833,40326215.0,10691900.0,536.0,18869468.0
2025-05-07,106.38999938964844,152.38084411621094,140211.875,760.822998046875,107.77999877929688,166.53192073170123,141286.5100250494,766.9990348823832,104.19999694824219,149.07992649888428,131585.5119585261,749.5003635713141,104.22000122070312,165.6144462894935,134292.27925206875,750.2356003532819,30004955.0,78729800.0,1344.0,15586266.0
2025-05-08,104.04000091552734,155.32276916503906,138528.9375,753.8627319335938,108.37999725341797,156.97821934560366,143027.5746354381,771.0182557422255,103.0,153.67730129276063,138187.30953756502,748.9611537025561,107.19999694824219,155.49230101963664,140382.91429239415,763.6658883956691,26223815.0,38387500.0,1123.0,14491673.0
2025-05-09,102.4000015258789,153.95651245117188,137523.984375,763.9110107421875,103.19999694824219,156.0008767547779,137969.54534401288,766.312796178702,101.0,153.4080181578182,135390.62722273686,740.6285128209466,101.0,155.12330110234345,136788.46555689492,741.6088285228935,21353120.0,22871000.0,411.0,13578216.0
2025-05-12,109.30999755859375,159.1422576904297,139632.828125,785.8701171875,110.56999969482422,159.99989923182653,141221.37167327537,788.0758275471601,108.30000305175781,157.45689109723676,139284.61658354115,777.390362315762,108.98999786376953,158.66357863988551,140782.30063282652,783.272256608189,32049350.0,31884900.0,474.0,15096824.0
2025-05-13,107.75,160.4486541748047,140220.90625,785.9680786132812,109.45999908447266,161.6154428646326,140832.16409909388,791.7519649275839,107.19999694824219,157.147736432167,138851.11830007174,781.5076543371932,109.30999755859375,159.48131381182282,140579.05551728894,782.880060357833,27788610.0,24944300.0,222.0,13909596.0
2025-05-14,107.95999908447266,166.3524169921875,140818.53125,784.9387817382812,108.70999908447266,167.87821879457485,141156.71140396816,791.6049164362635,107.16000366210938,160.48854169395702,140221.25177430362,780.6253687864404,108.54000091552734,160.8675041761217,140632.52202474917,789.8893639857823,17970600.0,31769200.0,511.0,9281719.0
2025-05-15,108.62000274658203,164.94627380371094,140941.046875,791.8499755859375,109.26000213623047,167.05048632634782,141667.51720154457,793.516524177251,107.45999908447266,163.39055558165364,140682.44677765854,778.8607930709097,108.4800033569336,166.68150616819955,141366.38912004814,788.6149458696933,17751625.0,22717600.0,172.0,17058854.0
2025-05-16,113.0999984741211,166.970703125,140021.765625,792.0999755859375,113.95999908447266,170.18187132307358,142171.1917280416,804.0,108.62000274658203,166.49202410911192,139798.81352566075,791.0,109.0,168.4665883644654,141151.7213735861,804.0,49525610.0,36271400.0,399.0,14733924.0
2025-05-19,112.44999694824219,167.40951538085938,139904.59375,795.0,114.5999984741211,167.48929776101073,140615.69716921324,801.4000244140625,111.83999633789062,164.9612478002886,139439.3600986023,792.0999755859375,113.30000305175781,165.26042792162292,139783.82738752157,792.0999755859375,18979610.0,21374700.0,116.0,10666184.0
2025-05-20,111.23999786376953,164.86651611328125,140025.046875,785.6500244140625,113.5,169.2145415389476,140981.92644845016,799.4000244140625,110.56999969482422,163.809411029233,139359.48241160178,783.7999877929688,112.79000091552734,167.2998101390324,140083.36293998014,798.1500244140625,17156030.0,33563300.0,118.0,11324667.0
2025-05-21,110.25,169.593505859375,142123.765625,787.0999755859375,112.19999694824219,174.05124541657764,142279.9771832825,791.0,109.37000274658203,164.43768951605247,140347.55923878858,779.0999755859375,111.19999694824219,164.49752249530096,140782.24641030806,787.0,13376865.0,45567600.0,628.0,8206040.0
2025-05-22,110.73999786376953,171.50823974609375,142138.296875,785.25,112.1500015258789,177.6413788951047,142874.0653625683,788.2000122070312,109.83000183105469,171.40852318489004,141266.0987316965,780.2999877929688,110.30000305175781,172.87449206528717,142180.84046232875,788.0,14943250.0,45024100.0,440.0,7355826.0
2025-05-23,110.63999938964844,169.1248016357422,143438.78125,790.5,112.08000183105469,170.7353770798728,143677.81785584468,794.9500122070312,110.19999694824219,168.79570501788888,141467.28308284172,786.2000122070312,111.19999694824219,169.81291136244153,142479.67066038246,787.9000244140625,12026850.0,24963600.0,435.0,5534158.0
2025-05-26,111.72000122070312,,146442.1875,794.4000244140625,113.9800033569336,,147173.40044961037,797.5499877929688,111.2300033569336,,143787.63643902275,789.2000122070312,111.37999725341797,,143977.3430630309,792.0,19173970.0,,540.0,4965466.0
2025-05-27,110.51000213623047,173.50274658203125,143769.171875,793.7000122070312,112.05999755859375,173.81189377809147,146583.5228196233,801.3499755859375,109.95999908447266,170.74035599876692,143348.32268636517,790.0499877929688,112.0,170.83010546531364,146273.7986595563,794.4000244140625,13868320.0,24341300.0,677.0,11995043.0
2025-05-28,110.13999938964844,172.90440368652344,142628.140625,796.5499877929688,113.41999816894531,175.99589090157693,144726.19303727927,798.9000244140625,106.16000366210938,172.54039944520105,141381.36553348566,792.6500244140625,111.0,173.5027486876955,144726.19303727927,794.5,24560695.0,25999200.0,417.0,6873519.0
2025-05-29,110.38999938964844,172.48556518554688,140732.765625,797.3499755859375,111.7699966430664,174.91885931079202,144132.10236346428,800.4000244140625,110.19999694824219,171.3087940961788,139351.58908902507,791.3499755859375,110.7699966430664,174.51996262584905,142629.47302700407,799.0,12881605.0,21174700.0,700.0,14034127.0
2025-05-30,108.76000213623047,172.37583923339844,138614.734375,812.2999877929688,111.08999633789062,172.96421707717835,141780.69777743777,814.5,108.18000030517578,168.06269151829088,137239.4705130979,792.5999755859375,110.61000061035156,171.9370438187386,141081.8254166375,798.0,15370475.0,36258300.0,455.0,22037314.0
2025-06-02,111.0199966430664,169.9026336669922,140450.71875,813.6500244140625,111.9800033569336,170.59273670161065,140951.03882459863,822.5499877929688,109.0,168.18735077867083,136988.21365749475,809.2000122070312,109.4000015258789,168.5463638301086,138584.69804146423,812.8499755859375,17794610.0,24742900.0,417.0,26891575.0
2025-06-03,108.91999816894531,167.2499542236328,137901.75,809.7999877929688,110.63999938964844,169.33421740320648,141668.08202873284,818.4000244140625,108.5999984741211,166.2227656610953,137287.69956195925,805.1500244140625,110.51000213623047,168.40178467639365,140882.14115049053,816.2000122070312,12927105.0,25386700.0,659.0,14247597.0
2025-06-04,109.02999877929688,168.9253387451172,135887.203125,806.5,109.9800033569336,169.11481998304504,138954.06979234653,817.0,107.72000122070312,167.3347128375843,135590.31848757152,805.25,109.4800033569336,167.8183830228989,138954.06979234653,817.0,13008395.0,18508700.0,1229.0,9607927.0
2025-06-05,109.52999877929688,169.34417724609375,140290.015625,806.0,110.73999786376953,171.88718516661356,140930.41596677474,811.7000122070312,109.30999755859375,168.88544763287672,136588.78589749508,802.8499755859375,109.54000091552734,171.14920964574225,136732.3607554783,808.7000122070312,9616705.0,25375400.0,614.0,13595507.0
2025-06-06,111.05000305175781,174.44017028808594,139401.078125,813.0499877929688,112.79000091552734,175.347677694002,142779.19774973125,816.4500122070312,109.81999969482422,171.8273621519075,138241.21555551776,803.0999755859375,110.1500015258789,171.8273621519075,140290.00031780836,806.6500244140625,20056905.0,22258100.0,575.0,17163935.0
2025-06-09,112.62000274658203,177.3556671142578,138388.734375,820.0499877929688,114.80000305175781,177.6402153718793,141081.77276580426,824.5,111.26000213623047,175.38870842986094,138125.6880462952,815.7000122070312,111.94999694824219,175.59837556705574,139484.2901182516,817.4000244140625,23617970.0,18817600.0,504.0,12793040.0
2025-06-10,119.20999908447266,179.7319793701172,137678.6875,817.0499877929688,122.12000274658203,182.16323144952992,138885.2747590966,822.0499877929688,112.48999786376953,176.20245055412113,136315.90428225178,814.5999755859375,113.54000091552734,177.48545436637687,138885.2747590966,821.0,150425895.0,32908000.0,614.0,6560513.0
2025-06-11,117.41000366210938,178.5138702392578,136675.1875,815.0499877929688,121.0,181.46930552237777,139284.55852576336,820.5999755859375,116.58999633789062,177.72509701778952,136349.14482899217,813.0499877929688,120.55000305175781,180.950104343879,139284.55852576336,817.0,43819250.0,18994400.0,649.0,7197825.0
2025-06-12,113.43000030517578,176.69668579101562,136120.296875,805.9500122070312,117.73999786376953,177.85489792406833,138230.9391723508,816.5,113.0999984741211,175.83801337999012,135225.9299474922,801.2000122070312,117.41000366210938,177.20589265380562,136927.1584980075,816.0,25698510.0,17345900.0,607.0,13448521.0
2025-06-13,114.18000030517578,175.60836791992188,137329.640625,792.3499755859375,115.68000030517578,178.0675613928071,137886.73229257678,796.2999877929688,109.87000274658203,173.30193802509706,135225.89374915935,786.25,111.08999633789062,173.31191709596868,135390.63899572493,786.25,29630645.0,20873200.0,277.0,11377117.0
2025-06-16,112.58999633789062,177.66517639160156,135973.96875,792.5,114.4000015258789,177.96969801010982,137260.18276859907,795.4000244140625,111.01000213623047,175.54845557966115,135790.00324927442,786.1500244140625,113.58999633789062,175.63331576652783,136291.4777281858,792.5,13945785.0,18132500.0,140.0,8085001.0
2025-06-17,111.63999938964844,176.95628356933594,136116.09375,792.2999877929688,114.22000122070312,178.43899076022245,137287.68815970654,798.8499755859375,111.4000015258789,175.66828253538915,135815.21530069908,790.5499877929688,112.91000366210938,176.72664304480134,136086.54569529835,794.0,9820175.0,17656100.0,179.0,7753156.0
2025-06-18,110.16000366210938,173.71128845214844,137840.84375,791.9000244140625,112.06999969482422,177.54936088571782,138281.0692379587,795.5,110.0,172.5730497599219,135701.152555567,788.3499755859375,111.5999984741211,177.00619474076913,135701.152555567,792.5,10063160.0,32531800.0,227.0,5710169.0
2025-06-19,107.30000305175781,,137703.203125,785.0999755859375,111.75,,138257.53337291075,793.25,106.5,,135291.77606152016,781.7000122070312,110.19999694824219,,135291.77606152016,792.3499755859375,13568940.0,,434.0,11824333.0
2025-06-20,106.05000305175781,167.470947265625,134240.859375,796.1500244140625,109.11000061035156,175.09416523737374,138585.68728884362,799.4500122070312,105.41999816894531,166.01321067580938,132794.6427191369,786.0999755859375,107.5999984741211,174.5949374560243,138186.30490472593,787.5,47738495.0,55402600.0,482.0,11367669.0
2025-06-23,107.5999984741211,165.7536163330078,135344.296875,790.2000122070312,108.29000091552734,168.21980299782112,136237.72777046426,794.9500122070312,105.6500015258789,163.0777625142281,134240.86260445986,788.5,106.0,167.06160602705512,134240.86260445986,790.0,15234695.0,36975600.0,351.0,5549253.0
2025-06-24,109.37000274658203,167.48094177246094,136421.640625,795.4000244140625,110.4000015258789,168.98860418926247,136848.3869835231,806.6500244140625,107.73999786376953,166.65222182620118,135555.4799967481,793.6500244140625,108.9800033569336,167.4260187941308,136189.4527894403,799.0,20572930.0,27310300.0,209.0,11402190.0
2025-06-25,111.4000015258789,171.22515869140625,138980.25,800.0499877929688,111.80000305175781,173.09226581389888,139279.63081509885,803.7999877929688,109.75,168.30068134547906,136329.28670532268,796.0999755859375,109.83999633789062,168.38953316950784,136513.90747477967,799.5,17171020.0,23627400.0,630.0,6528324.0
2025-06-26,115.62999725341797,174.1605987548828,142233.59375,797.0499877929688,116.08000183105469,174.3802602003527,142667.37606458773,803.3499755859375,111.5999984741211,170.59612027198173,138511.8959394946,791.4000244140625,111.80000305175781,173.11721450651243,138785.37926892177,802.0,30618905.0,25909100.0,461.0,24704402.0
2025-06-27,116.87000274658203,177.9946746826172,143206.09375,805.4000244140625,121.36000061035156,178.56378642226113,145505.038674065,809.4500122070312,114.83999633789062,172.4432642772778,141291.55438327053,802.6500244140625,116.0,174.3602970998626,142080.33461780314,805.0,78220455.0,74053100.0,648.0,19375990.0
2025-06-30,117.1500015258789,177.1160430908203,142147.28125,820.3499755859375,119.45999908447266,181.29957460621677,144955.7508127989,821.0,116.47000122070312,175.22896256491478,141590.89163502576,807.0499877929688,117.9000015258789,180.50580421085897,142993.92514903087,809.0,22731315.0,43964600.0,434.0,19652607.0
2025-07-01,118.27999877929688,176.63677978515625,142188.203125,820.2999877929688,121.4000015258789,176.94629857639345,143468.12999897523,824.9000244140625,117.30000305175781,174.39025473688548,141481.35874278028,813.25,117.68000030517578,176.5319309802097,142180.12187246204,820.0,40265290.0,25778500.0,444.0,11456405.0
2025-07-02,118.27999877929688,179.4823760986328,144889.484375,812.9000244140625,120.37999725341797,179.65710887852734,145275.34079724422,824.0499877929688,117.55000305175781,175.8180458150953,141795.7686123865,809.0,119.19999694824219,176.27234494873161,141795.7686123865,821.0,20389805.0,19325900.0,467.0,6661200.0
2025-07-03,117.58000183105469,180.2711639404297,144622.046875,807.0999755859375,119.23999786376953,180.49082539406643,147661.6430511994,814.5,117.0,177.9148080847821,143777.64960019419,805.7999877929688,119.0,179.54229560893882,145674.66900757642,813.5,18364010.0,13287400.0,499.0,7020403.0
2025-07-04,116.95999908447266,,143705.328125,811.8499755859375,118.16000366210938,,145659.75901557674,813.8499755859375,116.22000122070312,,143306.49174068688,804.0999755859375,117.58000183105469,,145659.75901557674,808.75,10892800.0,,168.0,4319538.0
2025-07-07,119.43000030517578,177.28578186035156,142743.71875,806.8499755859375,120.0,180.06148733419192,144776.0759770205,812.6500244140625,115.75,176.36720449532464,141974.15877322474,805.1500244140625,116.95999908447266,179.85680209877262,144476.5859738954,811.2000122070312,21546290.0,20991400.0,226.0,4461783.0
2025-07-08,120.0,174.8894805908203,144699.140625,812.6500244140625,123.0,178.51386393532042,145275.3433237025,813.5499877929688,118.4000015258789,173.65139020434393,142295.0458648859,805.3499755859375,120.69999694824219,178.50388486434102,142629.48181149567,807.9000244140625,49616840.0,24108600.0,351.0,5935770.0
2025-07-09,120.43000030517578,177.3856201171875,150646.34375,810.9500122070312,122.0,180.00156883376084,151318.30465811415,812.4500122070312,119.30000305175781,173.6114592836493,143847.5602258635,809.0,120.51000213623047,175.83801093756307,143847.5602258635,810.0,27100765.0,31288000.0,1420.0,4099112.0
2025-07-10,121.16000366210938,178.42401123046875,148114.296875,808.0,124.0,179.31263609787564,149768.39519467822,815.5,120.41999816894531,175.46859121008725,146872.87288758112,806.9000244140625,120.87999725341797,176.397147597673,149568.7040010853,811.2999877929688,74692330.0,24693700.0,413.0,12178137.0
2025-07-11,120.79000091552734,181.02996826171875,148121.984375,808.6500244140625,122.4000015258789,182.32796348740288,148861.54381201704,812.5499877929688,120.06999969482422,177.2667922024666,145891.3401935092,804.5499877929688,121.4000015258789,177.63522558090386,148120.93911643486,807.5499877929688,20236400.0,23975700.0,527.0,6202372.0
2025-07-14,121.91000366210938,182.52764892578125,148634.4375,808.8499755859375,123.86000061035156,184.4446816723468,150637.6364787587,815.5,120.44999694824219,180.4318917901642,146074.1469242187,808.0,120.81999969482422,181.78880160062218,146074.1469242187,809.7999877929688,37017980.0,20990400.0,1285.0,6938635.0
2025-07-15,121.62000274658203,182.8172149658203,150621.375,816.4500122070312,123.19999694824219,185.12364481924809,150956.55979305363,821.0,121.13999938964844,182.10830483087008,148216.3441553574,810.5,122.58000183105469,183.6559139606627,149269.16918487675,811.0,19422015.0,23911600.0,663.0,9297645.0
2025-07-16,120.97000122070312,183.48617553710938,152257.296875,831.7000122070312,122.86000061035156,185.04876086661793,152758.77138677496,834.2000122070312,120.5999984741211,182.79723878931895,149984.31185547652,815.2999877929688,121.9800033569336,184.0353291212338,150067.9325431045,816.0,18549555.0,21152600.0,790.0,16458920.0
2025-07-17,119.7300033569336,184.4147491455078,149996.046875,829.0,121.7300033569336,184.90099654275474,152763.76688683202,842.5,119.5,181.21969422278445,149433.4169230998,826.3499755859375,121.48999786376953,182.8322055265823,152234.5852106881,838.4000244140625,17579230.0,21654400.0,495.0,23073718.0
2025-07-18,118.93000030517578,185.65283203125,148031.828125,823.3499755859375,119.87999725341797,187.0706371193561,151663.16269915944,832.6500244140625,117.69000244140625,184.4446940821443,147614.13324452582,820.25,119.72000122070312,186.3317745092629,150547.23160057917,832.0,15522320.0,21033400.0,313.0,15387801.0
2025-07-21,119.31999969482422,190.85476684570312,148306.03125,824.2000122070312,120.69999694824219,190.96459756247992,149196.06058994457,827.3499755859375,118.22000122070312,186.76110834857775,146510.81661870825,817.9500122070312,119.19999694824219,186.8110341716985,149196.0137158681,823.0,10219500.0,24665000.0,247.0,8852594.0
2025-07-22,118.11000061035156,191.81329345703125,148272.078125,815.0,120.29000091552734,193.0613628759034,150797.0283678975,828.0499877929688,117.4000015258789,188.20387121297293,147997.0835440904,814.0,119.81999969482422,192.12281223527594,147998.1303984609,827.5,10394955.0,26212900.0,210.0,7851163.0
2025-07-23,117.79000091552734,191.21421813964844,149848.453125,820.6500244140625,119.23999786376953,193.06136701325298,150147.04099060633,825.2000122070312,117.43000030517578,189.88627042128354,148729.5689253104,811.5,118.55999755859375,192.06291145675814,148997.06365368192,812.5,9600185.0,34068100.0,399.0,15470390.0
2025-07-24,117.1500015258789,192.901611328125,150872.71875,815.7000122070312,118.58000183105469,198.6627041806578,152124.49086401318,821.9500122070312,116.66000366210938,191.6535418769399,150089.531117036,810.6500244140625,118.16000366210938,197.80403178883356,150494.9762220292,820.0,8155545.0,45252100.0,343.0,10118309.0
2025-07-25,114.0,193.78025817871094,149135.859375,806.5499877929688,116.87999725341797,194.97340465838818,151158.72578099405,819.2000122070312,113.5999984741211,191.83327287103867,148497.07508200992,805.5,116.77999877929688,192.63202513607754,150497.035689175,815.0,11502865.0,31101800.0,263.0,6734439.0
2025-07-28,114.12999725341797,193.1212615966797,147674.546875,797.1500244140625,115.38999938964844,194.51910844226362,150497.08507716306,808.9500122070312,112.19999694824219,191.55867629656885,147456.44179233006,796.0,113.95999908447266,194.1097380295069,148997.06772265612,806.5499877929688,13411220.0,25553500.0,125.0,7734158.0
2025-07-29,118.51000213623047,196.12661743164062,149309.296875,799.2000122070312,118.94000244140625,196.35627317873985,149914.58177832764,800.0,113.26000213623047,192.69194311869856,147497.08271801207,793.0999755859375,114.0,193.0014619032327,147497.08271801207,796.2000122070312,25852680.0,31891600.0,181.0,7833759.0
2025-07-30,117.94000244140625,197.13507080078125,149943.34375,801.6500244140625,120.45999908447266,198.1734578933613,150447.0369547931,803.4000244140625,117.41999816894531,195.257969447984,148555.23046380642,796.2000122070312,118.80000305175781,195.99683205679682,150097.04384788597,798.9500122070312,14559345.0,21150500.0,134.0,8743723.0
2025-07-31,117.62000274658203,192.5621337890625,147853.375,796.5499877929688,118.37999725341797,196.52600345506076,149496.99876874484,803.7999877929688,115.45999908447266,191.7833396958398,147297.08911830882,792.5499877929688,116.0,196.29636294942387,149496.99876874484,795.0999755859375,12731180.0,27852000.0,215.0,11359112.0
2025-08-01,113.4000015258789,189.65663146972656,145961.875,794.0,118.58999633789062,191.32205462037308,149246.0603116506,801.0,112.80000305175781,188.40856201383838,145142.3442672348,792.0,117.5999984741211,189.4868958519525,148197.08097331718,795.7000122070312,31074800.0,21236700.0,585.0,15468391.0
2025-08-04,116.80000305175781,195.4476776123047,144335.703125,795.7000122070312,117.54000091552734,195.77716977826867,147067.14930913935,797.2000122070312,112.83000183105469,190.62513538628775,143998.25664848264,786.5499877929688,113.4000015258789,190.87974643162875,145963.1241860093,794.5,13675050.0,23386000.0,474.0,8820724.0
2025-08-05,115.9000015258789,195.01834106445312,145712.96875,800.5999755859375,116.81999969482422,198.39311038953284,146296.81660534875,804.0499877929688,115.16000366210938,194.3743329829563,144126.10943463957,796.2999877929688,116.80000305175781,195.24298441714578,145297.08633059738,798.0,7599355.0,19010200.0,262.0,7381537.0
2025-08-06,113.48999786376953,196.61587524414062,146401.109375,805.1500244140625,116.38999938964844,197.0751715243873,147317.34128440716,810.2000122070312,113.12000274658203,194.16666072818697,145716.21664790326,799.0,115.98999786376953,194.94845621765052,146992.0977061974,800.9500122070312,7604560.0,15383700.0,122.0,7409396.0
2025-08-07,115.79000091552734,196.97531127929688,143769.0625,805.1500244140625,116.4000015258789,198.0636241811511,145702.27426109902,806.6500244140625,110.44999694824219,194.91849526728674,137997.3172900377,793.4000244140625,112.22000122070312,197.4046550915873,145407.12384916993,801.0999755859375,35743505.0,14660600.0,430.0,7091392.0
2025-08-08,115.37999725341797,201.7778778076172,142768.53125,804.2999877929688,116.66000366210938,203.11580458395042,144419.15498317566,807.7999877929688,114.80000305175781,197.59434662865613,142154.49647131283,790.0,116.4000015258789,197.67422490063132,144419.15498317566,805.0,12842060.0,24379900.0,142.0,15708181.0
2025-08-11,118.77999877929688,201.318603515625,142021.90625,823.4500122070312,119.80000305175781,201.84778375432532,143552.37611005185,825.0,114.23999786376953,199.49142797559023,141097.22133506485,808.0,115.37999725341797,201.2437071589298,142397.24260840172,808.0,15152450.0,16690200.0,187.0,15236297.0
2025-08-12,118.30000305175781,203.84469604492188,140559.53125,820.5999755859375,119.68000030517578,204.81319918192554,142444.04104571155,825.5,117.83999633789062,201.0889488776854,138003.28467126508,820.0,119.05000305175781,201.78288282269472,142118.20370683062,824.9500122070312,11412935.0,19854000.0,357.0,7986728.0
2025-08-13,117.12000274658203,202.7164306640625,138852.015625,821.8499755859375,118.95999908447266,205.11271790848946,141997.1568135895,824.9500122070312,116.69999694824219,198.33321137510248,138009.1259737968,820.6500244140625,118.95999908447266,204.66341595456223,141997.1568135895,822.6500244140625,9023465.0,19573000.0,232.0,4447508.0
2025-08-14,116.80999755859375,203.50521850585938,138428.109375,826.5499877929688,117.88999938964844,205.10273825251264,139588.9458199595,828.0,116.22000122070312,202.01251709138205,137825.68377473272,819.0999755859375,117.37999725341797,202.24715475618467,138837.2575430828,822.0,4808835.0,17777100.0,574.0,7087573.0
2025-08-15,,204.59353637695312,,,,207.0097970502324,,,,201.7729024129421,,,,204.40382737928184,,,,21111400.0,,
2025-08-18,119.75,203.97447204589844,144559.984375,827.6500244140625,120.30000305175781,205.82162085713637,145247.08015934753,838.0,117.30000305175781,203.09584154580025,138789.75475928397,825.1500244140625,118.0199966430664,204.7532813700738,140997.2110961258,836.0,16063980.0,13000200.0,507.0,6138124.0
2025-08-19,121.19999694824219,202.17727661132812,146510.90625,830.4000244140625,121.5999984741211,203.97448447366057,148897.06229671417,831.0,119.26000213623047,200.61967310329786,143837.4121223972,825.7999877929688,119.80000305175781,203.5900845586483,143837.4121223972,827.5,14088205.0,13476600.0,812.0,5076681.0
2025-08-20,119.98999786376953,199.8808135986328,148734.015625,828.9500122070312,121.47000122070312,201.8577512684256,149156.64790300344,831.9000244140625,119.0199966430664,197.15503428654648,146277.11102391858,827.4000244140625,120.79000091552734,201.36850257744715,147243.43568898572,828.7000122070312,7009015.0,13971700.0,405.0,4493888.0
2025-08-21,119.23999786376953,200.31015014648438,148147.78125,825.7000122070312,120.80000305175781,203.04592387341168,149997.04165258244,833.25,119.05000305175781,200.09048870383648,147511.84066746855,824.0499877929688,120.18000030517578,200.4100017968599,149697.00069520174,828.9500122070312,4971675.0,11768900.0,457.0,4402511.0
2025-08-22,118.86000061035156,206.40074157714844,147477.0,816.25,120.58999633789062,208.9068596330031,149297.01100902093,826.0,118.4000015258789,201.81783405788252,147005.39991856943,815.7000122070312,119.4000015258789,203.6450096228341,149297.01100902093,824.0,6382785.0,25723700.0,322.0,5097647.0
2025-08-25,121.12999725341797,208.8369598388672,146735.65625,816.4500122070312,121.5999984741211,210.7639716760469,147997.08452544262,820.5,118.0199966430664,205.63191092201342,146093.62202277925,814.2000122070312,119.02999877929688,206.68029226314627,147997.08452544262,817.4500122070312,13437945.0,22788800.0,344.0,5672898.0
2025-08-26,118.41999816894531,207.6288299560547,142404.03125,807.8499755859375,121.0,208.13805204048316,146797.10073624886,815.8499755859375,118.0,206.13114662109604,141757.29402315282,806.75,120.9800033569336,208.04817946161637,146797.10073624886,814.8499755859375,11295845.0,23051000.0,454.0,6997817.0
2025-08-27,,207.88844299316406,,,,209.2463431912284,,,,206.07124652485047,,,,206.1411457283501,,,,15249000.0,,
2025-08-28,118.98999786376953,212.0419921875,142287.234375,801.9500122070312,121.37999725341797,212.57117238999064,143669.0039374522,811.0,117.04000091552734,207.2793703650841,141149.91310569606,800.6500244140625,118.0,207.51898993739863,142404.02894139712,807.25,14019215.0,20915700.0,335.0,7898436.0
2025-08-29,120.12999725341797,213.20021057128906,141105.875,802.5,120.63999938964844,215.00741266388385,142719.43694608565,806.7000122070312,116.69999694824219,210.64416682252147,139997.240601602,798.5,119.68000030517578,210.9437065320351,142287.2423398043,800.7000122070312,18095490.0,24682200.0,388.0,6861440.0
2025-09-01,121.37000274658203,,144847.484375,806.0499877929688,123.0,,145496.1278203948,808.2999877929688,120.63999938964844,,140997.2166315622,802.6500244140625,121.18000030517578,,141697.10906527165,803.0999755859375,16641785.0,,574.0,5619805.0
2025-09-02,121.66999816894531,211.66261291503906,153940.875,803.9000244140625,122.33999633789062,212.041025402124,154856.9507115518,810.5,120.30000305175781,206.64038235228847,144215.36338006385,802.6500244140625,122.33999633789062,208.6672460473044,144947.19271961125,806.2999877929688,10754495.0,28900100.0,3507.0,5075460.0
2025-09-03,121.86000061035156,230.7430877685547,150441.125,812.1500244140625,123.19999694824219,231.44200361883648,154297.45515059476,813.2999877929688,120.94000244140625,224.77231250489172,150214.03573129638,803.0,122.19999694824219,226.13021268624902,152997.02768775352,804.2999877929688,15352340.0,72250300.0,727.0,4261589.0
2025-09-04,121.73999786376953,232.30067443847656,149708.59375,809.4000244140625,123.12000274658203,232.41050515957645,155551.88473628493,816.75,121.30999755859375,226.40977748846325,149007.06071331547,808.0,122.5999984741211,229.79953838333347,150398.033275239,814.6500244140625,9098085.0,32196000.0,582.0,4471950.0
2025-09-05,121.94000244140625,234.80679321289062,148075.671875,806.5999755859375,122.87999725341797,235.76531725805415,150695.97954527783,812.5,120.4000015258789,232.02110889217334,147682.08589136048,803.6500244140625,121.58999633789062,232.3006752313413,150695.97954527783,811.5,9972395.0,26127700.0,233.0,5194842.0
2025-09-08,126.7699966430664,234.00732421875,146972.75,808.7999877929688,129.9199981689453,238.24454985055107,149697.03987969097,813.8499755859375,122.80999755859375,233.57759666242987,146597.10117810752,806.7999877929688,123.4000015258789,235.63625103996944,149496.99696035442,808.0,84739285.0,23128800.0,310.0,4614227.0
2025-09-09,128.72999572753906,239.78355407714844,149211.90625,808.8499755859375,129.60000610351562,240.4331241573419,149597.054917668,812.3499755859375,127.16999816894531,233.22783384154016,146498.1159257572,805.5999755859375,127.5999984741211,234.0373032564655,147707.59211508156,812.0,27736530.0,22854800.0,145.0,4567272.0
2025-09-10,126.88999938964844,239.40379333496094,145340.21875,818.2000122070312,131.7100067138672,241.922154447817,150527.56926312248,824.5999755859375,126.5,237.95474185194615,144997.13178666256,810.4000244140625,129.39999389648438,239.09399790914586,149218.04829198326,812.0,31778295.0,19990100.0,502.0,7285853.0
2025-09-11,124.93000030517578,240.6230010986328,146449.5625,823.6500244140625,130.60000610351562,242.41184249017257,147197.04774611816,825.7000122070312,120.0,236.42574270750922,144774.0955704067,819.0,127.69999694824219,239.9834190128315,145997.11830535444,819.0999755859375,298010915.0,21308600.0,353.0,7425055.0
2025-09-12,129.7100067138672,241.22262573242188,146571.0625,823.5499877929688,130.10000610351562,242.2649449671254,148396.07338275164,825.7999877929688,125.55999755859375,238.34449860548148,146098.16557631345,819.7999877929688,125.5999984741211,240.64300206108857,146597.15573539803,824.0999755859375,46407935.0,14536600.0,302.0,5078018.0
2025-09-15,128.8300018310547,251.59584045410156,147366.390625,824.75,133.36000061035156,252.58520043798106,148777.0659297142,827.7999877929688,128.0800018310547,244.82026241003442,146924.75870953512,821.0999755859375,131.3000030517578,244.980161745602,147897.08328407534,823.5499877929688,38903655.0,29935200.0,300.0,3852494.0
2025-09-16,127.47000122070312,251.25607299804688,150857.625,831.5499877929688,129.66000366210938,253.06489044304075,152391.0010744605,833.0,127.16000366210938,249.5521828236566,147795.93525145523,821.6500244140625,129.39999389648438,252.165483340186,148496.03084916816,825.0999755859375,22723225.0,24493500.0,789.0,9467531.0
2025-09-17,126.0999984741211,249.68710327148438,150232.484375,857.1500244140625,128.0500030517578,251.7857249169014,152164.83681470784,858.1500244140625,125.72000122070312,246.41923105002894,149686.99515443383,831.0,127.9800033569336,251.2960541573909,150797.0669682613,834.2999877929688,20887965.0,20491300.0,180.0,17243938.0
2025-09-18,126.2699966430664,252.1654815673828,149032.96875,854.3499755859375,127.05999755859375,253.97429899966014,151307.01767757727,860.7999877929688,125.19999694824219,249.9469277971752,148665.41349466253,851.0999755859375,126.69000244140625,251.6957867895291,151196.97297160287,858.6500244140625,19876310.0,21166400.0,275.0,10400847.0
2025-09-19,141.8800048828125,255.07357788085938,149936.640625,862.3499755859375,144.60000610351562,256.5326326066914,150997.02598984132,864.4500122070312,133.07000732421875,251.90363384209934,148147.08212182115,849.2999877929688,135.1999969482422,253.23476605196709,150046.9978264245,852.0,431620030.0,41616800.0,239.0,15206426.0
2025-09-22,170.25,252.71511840820312,152782.484375,855.25,170.25,256.1428746106005,154051.95931806765,868.2000122070312,147.3000030517578,250.64646080006915,147997.07882947006,854.0,148.1999969482422,254.6138734432144,147997.07882947006,862.0,134757185.0,20079000.0,883.0,6594034.0
2025-09-23,162.35000610351562,252.1754608154297,155964.921875,870.5999755859375,182.6999969482422,254.6038842900218,156246.91630955547,874.25,160.25,250.92627586419746,152782.43780953207,851.2000122070312,179.89999389648438,253.48960582394037,152782.48468360698,854.5999755859375,192595137.0,17521100.0,758.0,14357863.0
2025-09-24,144.5,247.6684112548828,153764.265625,866.2000122070312,163.6999969482422,252.79507126242333,155497.59082988897,880.5,142.10000610351562,247.05880837825745,152971.98436873005,864.4500122070312,163.25,251.9855865910959,153498.02087364733,876.0,135960455.0,16958500.0,276.0,12840160.0
2025-09-25,149.0,246.40924072265625,150351.234375,861.1500244140625,153.89999389648438,247.1537500940936,153741.96429857454,870.1500244140625,145.5,241.49243520267595,149997.03824375544,859.9500122070312,145.5,244.68035772423693,153741.96429857454,866.5499877929688,158371401.0,17379800.0,276.0,8678821.0
2025-09-26,146.25,247.01882934570312,148595.21875,856.9500122070312,152.89999389648438,249.95691488202831,151507.0049384445,864.3499755859375,144.6999969482422,246.4791881395072,147997.07432439964,853.0,151.35000610351562,247.62344586003442,151297.00908974098,862.0,65042463.0,16594600.0,207.0,6959545.0
2025-09-29,146.64999389648438,244.20066833496094,146100.171875,870.75,149.60000610351562,251.48391066241172,149708.46024509336,873.5,144.1999969482422,243.04142104059784,145107.1445410693,856.0,148.6999969482422,248.11310889238666,149146.86192138208,858.0499877929688,43205955.0,23157200.0,414.0,22641712.0
2025-09-30,144.64999389648438,243.39120483398438,145865.375,872.4500122070312,148.25,243.51612333212861,148377.87235378983,877.5999755859375,143.89999389648438,239.4147952973542,145448.03947566447,867.5999755859375,148.0,242.90151883167655,147497.09283891457,869.9500122070312,22474749.0,22541200.0,322.0,12831593.0
2025-10-01,152.50999450683594,245.37989807128906,148627.3125,864.0999755859375,153.3000030517578,246.98884894065887,149978.53579415192,876.4500122070312,144.80999755859375,239.0440354920674,145797.11843652284,862.7999877929688,144.9499969482422,241.02274023707793,147397.08681442708,872.2999877929688,63059546.0,23967700.0,576.0,10832384.0
2025-10-02,,246.26931762695312,,,,247.4735337836427,,,,242.94648861306507,,,,245.4798394250779,,,,20657500.0,,
2025-10-03,147.3800048828125,246.289306640625,153072.53125,867.2999877929688,153.0,246.95687035937326,154496.90943885513,873.0,143.14999389648438,242.31190594958701,147497.09421461116,863.7999877929688,152.89999389648438,245.0701008850218,148627.36882249152,865.1500244140625,124141027.0,19941400.0,626.0,8019442.0
2025-10-06,151.99000549316406,251.34600830078125,152336.953125,874.0499877929688,152.99000549316406,252.03556085596028,153996.9673090314,875.2999877929688,147.3800048828125,245.52981090927676,150997.0263874269,862.7999877929688,148.0,245.61974856895048,153071.98552487,868.0,68647669.0,18309000.0,199.0,7820352.0
2025-10-07,151.47999572753906,246.9688720703125,153650.3125,864.7000122070312,155.39999389648438,251.38598832802836,154157.36499674743,877.0,150.35000610351562,246.64907339611258,151034.0672389103,863.0,151.99000549316406,248.76768624174676,152308.0421056304,874.1500244140625,55385781.0,13811200.0,230.0,9242580.0
2025-10-08,148.77999877929688,245.29995727539062,155111.390625,858.25,152.5,247.09877140655033,160116.7449249074,867.7999877929688,148.4199981689453,244.9301881605209,152750.78098258312,857.25,151.6999969482422,246.0394650074506,153650.26322331766,866.7999877929688,45821449.0,14136500.0,925.0,7156112.0
2025-10-09,148.91000366210938,242.0520782470703,156305.671875,862.0999755859375,149.97999572753906,245.39488317397436,157579.89678171006,865.7999877929688,147.44000244140625,239.52371385692186,155361.9404598871,858.0999755859375,149.39999389648438,244.9002108090174,155800.8849407607,861.5999755859375,26066621.0,19375700.0,258.0,7020501.0
2025-10-10,149.6999969482422,237.3351593017578,155178.1875,880.6500244140625,150.7899932861328,244.68035786865013,157249.80286589017,883.75,147.83999633789062,236.53067624153942,153446.9716661968,861.2999877929688,149.10000610351562,242.00211257865035,156496.91147448547,862.0999755859375,23705398.0,22449100.0,266.0,13713015.0
2025-10-13,154.42999267578125,244.48048400878906,156850.3125,882.9500122070312,155.75,244.83026189387334,157040.55874754125,888.0999755859375,147.52000427246094,240.5930210593619,153991.46263858234,876.0,148.0,240.87283726789343,153991.46263858234,879.0,64933221.0,12465000.0,156.0,11923143.0
2025-10-14,154.89999389648438,246.02947998046875,157526.640625,876.9500122070312,157.5,247.86327497207864,158629.57197954156,884.1500244140625,152.8000030517578,241.0207392770717,153713.2627712158,872.0999755859375,155.00999450683594,241.59737415880704,156850.24772613324,883.0,52873531.0,17705400.0,250.0,7681973.0
2025-10-15,157.50999450683594,251.54588317871094,155259.640625,886.0999755859375,158.0,252.59518634371952,157846.23022946029,887.5,150.42999267578125,246.62907776804082,155001.98945717525,877.0499877929688,154.85000610351562,247.92324680271904,157526.89277839888,878.0999755859375,64552739.0,16048100.0,289.0,8269225.0
2025-10-16,157.3699951171875,251.7157745361328,155364.390625,886.9500122070312,158.69000244140625,257.412039733801,156912.11011678044,891.8499755859375,155.5,250.5065567686617,154796.94868525895,882.4500122070312,158.10000610351562,252.30038456613704,156885.7512613589,888.2999877929688,111085386.0,18946000.0,101.0,8493686.0
2025-10-17,165.97999572753906,253.62451171875,155852.625,889.1500244140625,168.0,254.71381258280724,159996.8400258051,894.75,156.77000427246094,248.42790538348763,155097.2336691516,883.0,157.25999450683594,251.18611550864574,155795.92299487756,887.5,170754425.0,17653800.0,196.0,8511854.0
2025-10-20,170.3000030517578,256.8524169921875,161431.3125,907.5,172.1999969482422,257.71187214774994,163396.77369149716,913.6500244140625,166.6999969482422,254.4340118637041,156496.9568050372,891.0499877929688,168.0500030517578,255.06359074677613,156496.9568050372,894.5999755859375,107477254.0,13726800.0,647.0,13546463.0
2025-10-21,170.77999877929688,251.17611694335938,161483.21875,907.8499755859375,174.38999938964844,255.21349131081692,162973.98619890062,910.0,168.0,244.5104677649344,160396.8339440336,906.4000244140625,171.5,255.08357119414507,161996.7554883532,908.0,26425161.0,27836400.0,116.0,1783576.0
2025-10-22,,252.36534118652344,,,,257.0123031390601,,,,250.2877020062622,,,,254.8437198779537,,,,19650200.0,,
2025-10-23,165.25999450683594,253.56455993652344,162308.0,911.5499877929688,172.36000061035156,255.69317602396845,162796.78722885443,918.0,164.25,252.60319681232596,160012.09218441002,904.7999877929688,171.0500030517578,253.53458071688394,162046.80202970433,912.0,55330926.0,13241300.0,247.0,13382769.0
2025-10-24,167.72000122070312,260.34014892578125,160155.4375,904.5,169.17999267578125,262.3388448619566,163496.77790081123,914.0999755859375,164.0,255.933020726793,159496.85672892592,900.9500122070312,164.4499969482422,257.1322199898904,162291.7078996283,910.9500122070312,44515519.0,18406000.0,434.0,5313227.0
2025-10-27,162.9600067138672,269.7539978027344,159377.609375,922.75,169.77000427246094,270.6234256814365,161616.8152501949,928.0,162.0,264.7672610515648,159196.86293670975,906.0,168.5,265.1869701320579,161616.7683761186,906.9500122070312,51617783.0,22987700.0,179.0,9150761.0
2025-10-28,162.3300018310547,268.2549743652344,158234.671875,930.25,164.22000122070312,271.2030631428179,162231.7960602017,935.8499755859375,161.10000610351562,266.9958166328353,157996.879696193,917.7000122070312,163.6999969482422,270.0238398308567,160696.82637454566,927.0999755859375,29992980.0,20101200.0,604.0,22066289.0
2025-10-29,162.10000610351562,274.9906005859375,159878.1875,939.75,168.39999389648438,275.790066781071,160097.29254951744,942.0499877929688,161.75,268.25497437633226,158234.7199446665,930.25,163.27999877929688,268.4348496955852,159996.84140758292,933.9000244140625,67870076.0,26287900.0,315.0,12314222.0
2025-10-30,162.57000732421875,281.7161865234375,158121.71875,934.3499755859375,164.6999969482422,291.73964543835973,160736.57332195982,944.9000244140625,160.1999969482422,280.26715026616273,157597.5884835206,933.0499877929688,163.6999969482422,291.5297909040995,159996.99418845153,939.4500122070312,64990603.0,48570000.0,219.0,13044473.0
2025-10-31,157.85000610351562,281.6362609863281,157584.984375,937.0,161.74000549316406,286.09834615146855,159296.8568473308,946.7000122070312,157.5,277.34206555342627,157316.7396678481,930.25,161.60000610351562,283.0203372294134,159296.8568473308,934.9000244140625,44708746.0,29932800.0,113.0,12078252.0
2025-11-03,156.72999572753906,283.93475341796875,158284.171875,949.7000122070312,158.99000549316406,285.75357412647895,159626.59849650858,953.4000244140625,156.10000610351562,280.1871983580786,157584.93568000072,937.5,158.99000549316406,282.23588008942727,157584.93568000072,938.75,22320044.0,19691800.0,248.0,11744735.0
2025-11-04,158.38999938964844,277.8786926269531,157885.234375,957.5999755859375,159.5,281.65024916844396,159609.95040862603,959.2999877929688,153.2100067138672,276.6844644896837,157445.55553398828,941.5,156.0,276.88434628169716,158996.86873259128,951.0,41404679.0,18123700.0,111.0,19154518.0
2025-11-05,158.38999938964844,284.5643310546875,,957.5999755859375,158.38999938964844,286.51307177195645,,957.5999755859375,158.38999938964844,277.69881546251395,,957.5999755859375,158.38999938964844,279.19783739958865,,957.5999755859375,0.0,20063200.0,,0.0
2025-11-06,153.1699981689453,285.1539611816406,157285.6875,960.75,158.3800048828125,288.62170004085374,159371.0056504218,971.4000244140625,152.3300018310547,281.4363853167139,156726.69855063208,955.2999877929688,158.36000061035156,285.5486926715029,157886.92561414573,969.6500244140625,24262835.0,23103800.0,78.0,23088096.0
2025-11-07,151.47999572753906,279.51763916015625,158876.609375,955.8499755859375,154.7899932861328,284.3144972128298,159296.8510677887,964.8499755859375,150.85000610351562,275.56019924413687,155745.51501953093,944.0,152.99000549316406,284.02467776243657,157285.68769886091,958.75,36644118.0,21991100.0,269.0,13371323.0
2025-11-10,150.05999755859375,290.4005126953125,157837.84375,951.1500244140625,154.47999572753906,291.26994051890455,159796.80515883907,963.2000122070312,149.5,283.35512195449274,157496.9442156549,949.0999755859375,152.75,285.0790032414487,159796.80515883907,956.0,19497818.0,19508200.0,180.0,7343249.0
2025-11-11,151.1699981689453,291.5497741699219,158068.53125,953.2999877929688,151.89999389648438,292.14938906618625,158996.80977302088,954.9500122070312,146.7100067138672,287.6923055498566,157171.68960547497,945.0499877929688,151.49000549316406,288.01210422755497,158586.81787852207,953.5999755859375,42377702.0,14156700.0,135.0,8648917.0
2025-11-12,151.97999572753906,287.2425842285156,157593.59375,957.1500244140625,153.77999877929688,292.16936247888566,159346.80915846597,961.5499877929688,150.66000366210938,284.1945850710095,157296.89647893768,951.4000244140625,152.0,291.8945478823368,158296.87674898814,957.7000122070312,27328382.0,16998800.0,61.0,7043323.0
2025-11-13,151.85000610351562,278.9380187988281,158371.03125,954.0,154.1999969482422,283.3251713137129,159312.01268241883,963.9500122070312,151.5,277.8187538786583,157593.93720873154,952.4500122070312,151.97999572753906,282.8004891969117,157593.93720873154,954.25,20557325.0,18060200.0,79.0,8894441.0
2025-11-14,153.91000366210938,276.7994079589844,157428.9375,967.8499755859375,155.99000549316406,278.96797594579846,159496.84978171633,969.0499877929688,152.1999969482422,271.2330325220686,156996.89915817845,952.0,152.4600067138672,271.7177016420648,159396.8048827006,952.9500122070312,26821173.0,18330500.0,365.0,11032927.0
2025-11-17,153.27999877929688,285.4137878417969,157157.0625,973.3499755859375,155.35000610351562,294.32795470266535,158896.87200059654,976.0,153.0,284.04468599528104,156627.07293322647,968.5,155.35000610351562,286.2132540229553,158696.82906358587,971.0,15162500.0,34286100.0,193.0,7415026.0
2025-11-18,149.5500030517578,284.7742004394531,155142.78125,972.4500122070312,153.8800048828125,289.246288884512,157412.4864462901,976.7000122070312,149.1199951171875,278.8280980775343,154496.95024862696,968.8499755859375,153.14999389648438,288.2968960757756,157412.4864462901,975.5999755859375,22500220.0,29702200.0,323.0,6594686.0
2025-11-19,151.61000061035156,292.7989501953125,153439.375,982.75,152.66000366210938,304.05161802852626,155596.92612680205,984.4500122070312,150.08999633789062,287.482442205392,153146.97452647646,968.7999877929688,150.3000030517578,287.4974165660577,155596.92612680205,972.4500122070312,21355345.0,43123600.0,373.0,8291226.0
2025-11-20,151.4600067138672,289.79095458984375,151965.84375,981.5499877929688,153.39999389648438,306.68993354598797,154646.9470715934,986.5999755859375,151.0,288.98148512013125,151651.9593214798,979.3499755859375,152.2899932861328,304.5413108694683,153097.13391688606,986.0,11439592.0,34801400.0,400.0,6440857.0
2025-11-21,149.1199951171875,299.4546203613281,152491.90625,972.5999755859375,151.19000244140625,303.7618077764989,154695.0,980.5999755859375,148.89999389648438,294.1680609326802,152010.0,971.0499877929688,151.0,296.6764341573702,152200.0,979.7000122070312,9642165.0,43670600.0,353.0,5377241.0
2025-11-24,145.44000244140625,318.2623596191406,155967.546875,970.5999755859375,150.3000030517578,319.5914790436659,157350.0,977.7000122070312,144.8000030517578,309.19826591579596,151850.0,968.0499877929688,150.0,310.8072320588326,153000.0,975.5499877929688,13878210.0,55311800.0,653.0,9901946.0
2025-11-25,146.83999633789062,323.4289855957031,154743.546875,983.5999755859375,148.25999450683594,328.4557045708052,155000.0,988.9500122070312,145.1199951171875,317.6087780037563,153812.546875,971.3499755859375,145.44000244140625,326.5868982838347,154500.046875,975.5499877929688,10803663.0,50899300.0,112.0,9140201.0
2025-11-26,148.6199951171875,320.0711669921875,154373.046875,983.9000244140625,148.89999389648438,324.7780873971327,155799.90625,999.0,146.35000610351562,316.99318865990756,153845.84375,982.1500244140625,147.1999969482422,320.57084097778153,155799.59375,986.5999755859375,10550909.0,29839600.0,89.0,13943490.0
2025-11-27,148.1300048828125,,153912.65625,972.8499755859375,150.63999938964844,,154585.203125,988.5499877929688,147.39999389648438,,153600.0,968.9000244140625,149.14999389648438,,154000.0,986.7000122070312,19409495.0,,100.0,11909168.0
2025-11-28,147.49000549316406,319.9112854003906,152409.84375,979.0,149.08999633789062,326.6668878195667,154799.84375,983.0,147.1999969482422,316.73336599519826,152100.0,973.0499877929688,148.5500030517578,323.21912492867204,154799.84375,976.7999877929688,10052836.0,19695800.0,190.0,8117842.0
2025-12-01,147.33999633789062,314.9145202636719,152478.203125,973.0999755859375,148.82000732421875,319.42158926511087,153599.953125,991.2000122070312,147.00999450683594,313.77527946257874,151564.40625,969.8499755859375,148.2100067138672,317.26799565865406,153599.953125,985.4500122070312,7759359.0,28520600.0,86.0,8808306.0
2025-12-02,146.75999450683594,315.8139343261719,154562.296875,967.2999877929688,148.17999267578125,318.39226916605145,155500.0,980.4500122070312,146.0500030517578,314.0151201802352,152749.953125,964.9000244140625,147.3000030517578,316.6933654189159,152749.953125,976.0,6392786.0,24668200.0,482.0,13444314.0
2025-12-03,144.97000122070312,320.41094970703125,152150.5,951.0499877929688,147.67999267578125,321.83003728081405,153990.0,972.5499877929688,144.5399932861328,314.07508706995475,151916.15625,947.5499877929688,146.89999389648438,315.82394606355047,153990.0,970.4500122070312,10331583.0,32285100.0,141.0,14051968.0
2025-12-04,142.72999572753906,318.18243408203125,153576.90625,948.0999755859375,146.83999633789062,322.88834834302395,153850.0,952.5499877929688,142.30999755859375,315.38424129791457,151745.84375,944.4500122070312,145.0,322.83439794428057,153298.953125,951.0499877929688,11150119.0,20831600.0,253.0,13622724.0
2025-12-05,143.77999877929688,321.8799743652344,153154.796875,971.5,144.1999969482422,323.61883002174113,154250.0,973.2999877929688,142.3699951171875,319.77136485052137,153008.546875,946.7000122070312,143.0,319.79134083015884,154099.953125,948.8499755859375,7231083.0,15719900.0,82.0,17347847.0
2025-12-08,139.0399932861328,314.45001220703125,153538.65625,956.4000244140625,145.16000366210938,321.2300109863281,153999.953125,972.5,138.2100067138672,311.9100036621094,152400.0,951.7000122070312,144.25,321.0299987792969,153999.953125,970.8499755859375,14985881.0,22006900.0,111.0,15386438.0
2025-12-09,141.8000030517578,317.75,152252.90625,959.3499755859375,142.85000610351562,318.7090148925781,153499.953125,964.0,135.0,312.6199951171875,151500.0,950.4500122070312,139.0399932861328,313.1000061035156,152770.953125,954.7999877929688,20828393.0,14151300.0,235.0,9580294.0
2025-12-10,141.17999267578125,321.0,151489.90625,959.75,143.5,321.8699951171875,153306.75,963.9500122070312,140.6999969482422,315.3999938964844,151100.0,955.25,142.1999969482422,316.6199951171875,152500.09375,960.0999755859375,7793397.0,22764500.0,103.0,6989178.0
2025-12-11,140.5800018310547,313.70001220703125,153610.90625,963.25,142.10000610351562,321.989990234375,153697.15625,966.5,139.25,309.8800048828125,150555.0,958.4500122070312,141.0,321.1000061035156,152000.0,962.0999755859375,10479243.0,25912100.0,167.0,5979035.0
2025-12-12,144.49000549316406,310.5199890136719,152489.75,963.1500244140625,145.0,316.1400146484375,153384.65625,967.0,141.38999938964844,306.9599914550781,152152.0,958.0,141.38999938964844,314.7950134277344,153100.0,966.0,13450435.0,21264800.0,156.0,5681930.0
2025-12-15,144.3800048828125,309.32000732421875,153065.75,967.25,145.4499969482422,312.70001220703125,153344.703125,968.8499755859375,142.2899932861328,305.739990234375,151300.0,957.25,144.49000549316406,312.625,152250.0,957.25,8949057.0,22028900.0,128.0,4416952.0
2025-12-16,145.3300018310547,307.7300109863281,152853.90625,961.1500244140625,145.8000030517578,311.8450012207031,153467.65625,969.0,143.94000244140625,303.8299865722656,152400.046875,958.0499877929688,144.75,306.0,152500.0,966.0499877929688,12127744.0,21285200.0,75.0,4764786.0
2025-12-17,143.0,298.05999755859375,151626.453125,975.8499755859375,145.4499969482422,309.19500732421875,153199.5,978.5,142.0500030517578,297.45001220703125,151150.046875,964.2999877929688,145.39999389648438,309.010009765625,153000.0,965.5499877929688,9798422.0,29120400.0,163.0,8013382.0
2025-12-18,141.3000030517578,303.75,151806.296875,977.5499877929688,143.0,305.260009765625,152839.953125,981.4500122070312,140.6999969482422,300.6300048828125,150500.0,973.5,143.0,303.05999755859375,151755.0,977.9000244140625,6848190.0,21040500.0,336.0,4926879.0
2025-12-19,141.75999450683594,308.6099853515625,153735.34375,980.2999877929688,142.1999969482422,308.989990234375,155360.0,982.0,140.67999267578125,302.3399963378906,152250.0,977.0499877929688,141.5,303.2699890136719,152300.0,979.9500122070312,7869675.0,45205100.0,1114.0,5376584.0
